# Utah Teapot Model
# Version: 2026 - Cem Yuksel
# Triangle Mesh Resolution: 7 (6786 faces)
o Utah Teapot

v -1.898441 0 2.248688
v -1.89753 -0.1102041 2.236261
v -1.895179 -0.1836735 2.204212
v -1.891964 -0.2204082 2.160389
v -1.888461 -0.2204082 2.112643
v -1.885247 -0.1836735 2.06882
v -1.882896 -0.1102041 2.036771
v -1.881984 0 2.024344
v -2.237371 0 2.239505
v -2.231301 -0.1102041 2.227332
v -2.215643 -0.1836735 2.195939
v -2.194233 -0.2204082 2.153013
v -2.170907 -0.2204082 2.106244
v -2.149498 -0.1836735 2.063319
v -2.13384 -0.1102041 2.031925
v -2.127769 0 2.019753
v -2.515987 0 2.214577
v -2.505935 -0.1102041 2.203094
v -2.480014 -0.1836735 2.173482
v -2.444569 -0.2204081 2.132991
v -2.405951 -0.2204081 2.088874
v -2.370506 -0.1836734 2.048383
v -2.344584 -0.1102041 2.018771
v -2.334533 0 2.007288
v -2.732201 0 2.166035
v -2.719213 -0.1102041 2.155897
v -2.68572 -0.1836735 2.129752
v -2.639922 -0.2204082 2.094001
v -2.590024 -0.2204082 2.055051
v -2.544226 -0.1836735 2.019301
v -2.510732 -0.1102041 1.993155
v -2.497745 0 1.983018
v -2.884245 0 2.086006
v -2.869236 -0.1102041 2.078084
v -2.83053 -0.1836735 2.057656
v -2.777604 -0.2204082 2.029722
v -2.719939 -0.2204082 1.999287
v -2.667014 -0.1836735 1.971354
v -2.628307 -0.1102041 1.950924
v -2.613298 0 1.943003
v -2.972279 0 1.966618
v -2.95607 -0.1102041 1.962003
v -2.914267 -0.1836735 1.950102
v -2.857107 -0.2204082 1.933829
v -2.79483 -0.2204082 1.916098
v -2.73767 -0.1836735 1.899825
v -2.695867 -0.1102041 1.887924
v -2.679657 0 1.883309
v -3 0 1.8
v -2.983382 -0.1102041 1.8
v -2.940525 -0.1836735 1.8
v -2.881924 -0.2204082 1.8
v -2.818076 -0.2204082 1.8
v -2.759475 -0.1836735 1.8
v -2.716618 -0.1102041 1.8
v -2.7 0 1.8
v -1.631743 0 2.249566
v -1.623804 -0.1102041 2.237152
v -1.636071 -0.1836735 2.205028
v -1.663012 -0.213684 2.169104
v -1.669029 -0.2204082 2.161055
v -1.712812 -0.2204082 2.113133
v -1.757296 -0.1836735 2.06915
v -1.769139 -0.1590365 2.058365
v -1.791142 -0.1102041 2.036992
v -1.814286 0 2.02452
v -1.570119 0 2.262842
v -1.537705 0 2.31691
v -1.562891 -0.1161885 2.249008
v -1.530548 -0.1344464 2.299298
v -1.57526 -0.1983016 2.209408
v -1.543163 -0.2383749 2.245694
v -1.600729 -0.2322232 2.160291
v -1.569965 -0.2878068 2.174357
v -1.60573 -0.2395712 2.149447
v -1.575347 -0.2987325 2.158579
v -1.6437 -0.2331748 2.083811
v -1.618531 -0.2991318 2.055455
v -1.679755 -0.1851331 2.032133
v -1.662065 -0.2390688 1.967745
v -1.689271 -0.1580033 2.021828
v -1.673539 -0.2041629 1.949754
v -1.706883 -0.1071095 2.000651
v -1.695476 -0.1348073 1.91385
v -1.727173 0 1.989462
v -1.717589 0 1.896246
v -1.89753 0.1102041 2.236261
v -1.895179 0.1836735 2.204212
v -1.891964 0.2204082 2.160389
v -1.888461 0.2204082 2.112643
v -1.885247 0.1836735 2.06882
v -1.882896 0.1102041 2.036771
v -2.231301 0.1102041 2.227332
v -2.215643 0.1836735 2.195939
v -2.194233 0.2204082 2.153013
v -2.170907 0.2204082 2.106244
v -2.149498 0.1836735 2.063319
v -2.13384 0.1102041 2.031925
v -2.505935 0.1102041 2.203094
v -2.480014 0.1836735 2.173482
v -2.444569 0.2204081 2.132991
v -2.405951 0.2204081 2.088874
v -2.370506 0.1836734 2.048383
v -2.344584 0.1102041 2.018771
v -2.719213 0.1102041 2.155897
v -2.68572 0.1836735 2.129752
v -2.639922 0.2204082 2.094001
v -2.590024 0.2204082 2.055051
v -2.544226 0.1836735 2.019301
v -2.510732 0.1102041 1.993155
v -2.869236 0.1102041 2.078084
v -2.83053 0.1836735 2.057656
v -2.777604 0.2204082 2.029722
v -2.719939 0.2204082 1.999287
v -2.667014 0.1836735 1.971354
v -2.628307 0.1102041 1.950924
v -2.95607 0.1102041 1.962003
v -2.914267 0.1836735 1.950102
v -2.857107 0.2204082 1.933829
v -2.79483 0.2204082 1.916098
v -2.73767 0.1836735 1.899825
v -2.695867 0.1102041 1.887924
v -2.983382 0.1102041 1.8
v -2.940525 0.1836735 1.8
v -2.881924 0.2204082 1.8
v -2.818076 0.2204082 1.8
v -2.759475 0.1836735 1.8
v -2.716618 0.1102041 1.8
v -1.623804 0.1102041 2.237152
v -1.636071 0.1836735 2.205028
v -1.663012 0.213684 2.169104
v -1.669029 0.2204082 2.161055
v -1.712812 0.2204082 2.113133
v -1.757296 0.1836735 2.06915
v -1.769139 0.1590365 2.058365
v -1.791142 0.1102041 2.036992
v -1.562891 0.1161885 2.249008
v -1.530548 0.1344464 2.299298
v -1.57526 0.1983016 2.209408
v -1.543163 0.2383749 2.245694
v -1.600729 0.2322232 2.160291
v -1.569965 0.2878068 2.174357
v -1.60573 0.2395712 2.149447
v -1.575347 0.2987325 2.158579
v -1.6437 0.2331748 2.083811
v -1.618531 0.2991318 2.055455
v -1.679755 0.1851331 2.032133
v -1.662065 0.2390688 1.967745
v -1.689271 0.1580033 2.021828
v -1.673539 0.2041629 1.949754
v -1.706883 0.1071095 2.000651
v -1.695476 0.1348073 1.91385
v -2.975534 0 1.609548
v -2.959363 -0.1102041 1.614066
v -2.91766 -0.1836735 1.625718
v -2.860636 -0.2204082 1.641649
v -2.798507 -0.2204082 1.659007
v -2.741483 -0.1836735 1.674939
v -2.699779 -0.1102041 1.68659
v -2.683608 0 1.691108
v -2.906427 0 1.424344
v -2.891655 -0.1102041 1.431999
v -2.85356 -0.1836736 1.451741
v -2.801471 -0.2204082 1.478735
v -2.744719 -0.2204082 1.508146
v -2.69263 -0.1836735 1.53514
v -2.654535 -0.1102041 1.554882
v -2.639764 0 1.562537
v -2.795496 0 1.245044
v -2.783095 -0.1102041 1.254855
v -2.751117 -0.1836735 1.280157
v -2.707389 -0.2204081 1.314753
v -2.659748 -0.2204082 1.352448
v -2.616021 -0.1836734 1.387044
v -2.584042 -0.1102041 1.412346
v -2.571643 0 1.422157
v -2.64203 0 1.072303
v -2.632928 -0.1102041 1.083689
v -2.609454 -0.1836735 1.113052
v -2.577356 -0.2204082 1.153201
v -2.542385 -0.2204082 1.196945
v -2.510288 -0.1836735 1.237094
v -2.486814 -0.1102041 1.266457
v -2.477712 0 1.277843
v -2.443387 0 0.9067785
v -2.438428 -0.1102041 0.919557
v -2.425639 -0.1836735 0.952512
v -2.408152 -0.2204082 0.9975727
v -2.389099 -0.2204082 1.046669
v -2.371612 -0.1836735 1.09173
v -2.358823 -0.1102041 1.124685
v -2.353864 0 1.137464
v -2.196603 0 0.7491254
v -2.196545 -0.1102041 0.7635148
v -2.196398 -0.1836735 0.8006244
v -2.196195 -0.2204082 0.8513659
v -2.195975 -0.2204082 0.9066516
v -2.195773 -0.1836735 0.9573932
v -2.195625 -0.1102041 0.9945028
v -2.195567 0 1.008892
v -2.147521 0 0.9821396
v -2.130717 -0.1102041 0.9586484
v -2.110518 -0.1836735 0.9111795
v -2.091835 -0.2100866 0.8654553
v -2.077012 -0.2204082 0.843601
v -2.026726 -0.2204082 0.763417
v -2.015435 -0.2062955 0.7386817
v -1.977333 -0.1836735 0.6888244
v -1.951374 -0.1102041 0.6397549
v -1.958652 0 0.6294889
v -2.044204 0 0.9617697
v -1.984954 0 1.048768
v -2.029106 -0.1009886 0.9440944
v -1.972448 -0.1328871 1.024379
v -2.015065 -0.176289 0.9103754
v -1.966523 -0.2373341 0.9666042
v -2.006973 -0.2136246 0.8715124
v -1.968099 -0.2831322 0.9
v -1.997186 -0.2299737 0.8518842
v -1.962499 -0.3010078 0.8719
v -1.970276 -0.2444957 0.7657702
v -1.947674 -0.3014121 0.7560674
v -1.966332 -0.2303742 0.7366534
v -1.94581 -0.277906 0.7206998
v -1.939809 -0.2061675 0.6792885
v -1.922538 -0.2405572 0.6560802
v -1.923877 -0.1218544 0.6229674
v -1.908714 -0.1367783 0.5960778
v -1.932996 0 0.610421
v -1.918053 0 0.5822907
v -2.959363 0.1102041 1.614066
v -2.91766 0.1836735 1.625718
v -2.860636 0.2204082 1.641649
v -2.798507 0.2204082 1.659007
v -2.741483 0.1836735 1.674939
v -2.699779 0.1102041 1.68659
v -2.891655 0.1102041 1.431999
v -2.85356 0.1836736 1.451741
v -2.801471 0.2204082 1.478735
v -2.744719 0.2204082 1.508146
v -2.69263 0.1836735 1.53514
v -2.654535 0.1102041 1.554882
v -2.783095 0.1102041 1.254855
v -2.751117 0.1836735 1.280157
v -2.707389 0.2204081 1.314753
v -2.659748 0.2204082 1.352448
v -2.616021 0.1836734 1.387044
v -2.584042 0.1102041 1.412346
v -2.632928 0.1102041 1.083689
v -2.609454 0.1836735 1.113052
v -2.577356 0.2204082 1.153201
v -2.542385 0.2204082 1.196945
v -2.510288 0.1836735 1.237094
v -2.486814 0.1102041 1.266457
v -2.438428 0.1102041 0.919557
v -2.425639 0.1836735 0.952512
v -2.408152 0.2204082 0.9975727
v -2.389099 0.2204082 1.046669
v -2.371612 0.1836735 1.09173
v -2.358823 0.1102041 1.124685
v -2.196545 0.1102041 0.7635148
v -2.196398 0.1836735 0.8006244
v -2.196195 0.2204082 0.8513659
v -2.195975 0.2204082 0.9066516
v -2.195773 0.1836735 0.9573932
v -2.195625 0.1102041 0.9945028
v -2.130717 0.1102041 0.9586484
v -2.110518 0.1836735 0.9111795
v -2.091835 0.2100866 0.8654553
v -2.077012 0.2204082 0.843601
v -2.026726 0.2204082 0.763417
v -2.015435 0.2062955 0.7386817
v -1.977333 0.1836735 0.6888244
v -1.951374 0.1102041 0.6397549
v -2.029106 0.1009886 0.9440944
v -1.972448 0.1328871 1.024379
v -2.015065 0.176289 0.9103754
v -1.966523 0.2373341 0.9666042
v -2.006973 0.2136246 0.8715124
v -1.968099 0.2831322 0.9
v -1.997186 0.2299737 0.8518842
v -1.962499 0.3010078 0.8719
v -1.970276 0.2444957 0.7657702
v -1.947674 0.3014121 0.7560674
v -1.966332 0.2303742 0.7366534
v -1.94581 0.277906 0.7206998
v -1.939809 0.2061675 0.6792885
v -1.922538 0.2405572 0.6560802
v -1.923877 0.1218544 0.6229674
v -1.908714 0.1367783 0.5960778
v 2.8 0 2.4
v 2.822158 -0.05510205 2.4
v 2.8793 -0.09183676 2.4
v 2.957434 -0.1102041 2.4
v 3.042565 -0.1102041 2.4
v 3.1207 -0.09183674 2.4
v 3.177843 -0.05510204 2.4
v 3.2 0 2.4
v 2.834011 0 2.42544
v 2.859618 -0.05621473 2.426149
v 2.925758 -0.09375027 2.427961
v 3.016357 -0.1125934 2.430392
v 3.115199 -0.1126876 2.432984
v 3.205987 -0.09397187 2.435321
v 3.27241 -0.05640954 2.437011
v 3.298171 0 2.437662
v 2.847671 0 2.441216
v 2.876719 -0.06115453 2.442172
v 2.951797 -0.1020609 2.444597
v 3.054709 -0.1226886 2.44781
v 3.167027 -0.1229066 2.451195
v 3.270207 -0.1025739 2.454224
v 3.3457 -0.06160548 2.456406
v 3.374977 0 2.457247
v 2.840912 0 2.450001
v 2.873238 -0.06970605 2.450815
v 2.956679 -0.1163342 2.452857
v 3.070853 -0.1398494 2.455536
v 3.195282 -0.1401004 2.458352
v 3.309474 -0.1169252 2.460882
v 3.392976 -0.07022555 2.462714
v 3.425352 0 2.463421
v 2.8174 0 2.451673
v 2.852296 -0.07944148 2.452186
v 2.942199 -0.1325206 2.453453
v 3.064925 -0.1592109 2.455106
v 3.198426 -0.1593992 2.45687
v 3.320803 -0.1329638 2.458489
v 3.410232 -0.0798311 2.459685
v 3.444895 0 2.460152
v 2.782676 0 2.444699
v 2.818791 -0.08731812 2.444982
v 2.91175 -0.1455849 2.445674
v 3.03852 -0.1747881 2.44659
v 3.176322 -0.1748752 2.447608
v 3.302593 -0.1457901 2.448581
v 3.394852 -0.0874985 2.449322
v 3.430609 0 2.449615
v 2.742302 0 2.42753
v 2.777844 -0.09127625 2.427726
v 2.869399 -0.1521369 2.428217
v 2.994392 -0.1825798 2.428886
v 3.130404 -0.1825955 2.429638
v 3.255126 -0.1521738 2.430357
v 3.346294 -0.09130871 2.430901
v 3.381637 0 2.431115
v 2.7 0 2.4
v 2.733236 -0.09183674 2.4
v 2.818951 -0.1530612 2.4
v 2.936152 -0.1836734 2.4
v 3.063848 -0.1836735 2.4
v 3.18105 -0.1530612 2.4
v 3.266764 -0.09183673 2.4
v 3.3 0 2.4
v 2.822158 0.05510205 2.4
v 2.8793 0.09183676 2.4
v 2.957434 0.1102041 2.4
v 3.042565 0.1102041 2.4
v 3.1207 0.09183674 2.4
v 3.177843 0.05510204 2.4
v 2.859618 0.05621473 2.426149
v 2.925758 0.09375027 2.427961
v 3.016357 0.1125934 2.430392
v 3.115199 0.1126876 2.432984
v 3.205987 0.09397187 2.435321
v 3.27241 0.05640954 2.437011
v 2.876719 0.06115453 2.442172
v 2.951797 0.1020609 2.444597
v 3.054709 0.1226886 2.44781
v 3.167027 0.1229066 2.451195
v 3.270207 0.1025739 2.454224
v 3.3457 0.06160548 2.456406
v 2.873238 0.06970605 2.450815
v 2.956679 0.1163342 2.452857
v 3.070853 0.1398494 2.455536
v 3.195282 0.1401004 2.458352
v 3.309474 0.1169252 2.460882
v 3.392976 0.07022555 2.462714
v 2.852296 0.07944148 2.452186
v 2.942199 0.1325206 2.453453
v 3.064925 0.1592109 2.455106
v 3.198426 0.1593992 2.45687
v 3.320803 0.1329638 2.458489
v 3.410232 0.0798311 2.459685
v 2.818791 0.08731812 2.444982
v 2.91175 0.1455849 2.445674
v 3.03852 0.1747881 2.44659
v 3.176322 0.1748752 2.447608
v 3.302593 0.1457901 2.448581
v 3.394852 0.0874985 2.449322
v 2.777844 0.09127625 2.427726
v 2.869399 0.1521369 2.428217
v 2.994392 0.1825798 2.428886
v 3.130404 0.1825955 2.429638
v 3.255126 0.1521738 2.430357
v 3.346294 0.09130871 2.430901
v 2.733236 0.09183674 2.4
v 2.818951 0.1530612 2.4
v 2.936152 0.1836734 2.4
v 3.063848 0.1836735 2.4
v 3.18105 0.1530612 2.4
v 3.266764 0.09183673 2.4
v 2.566343 0 2.251191
v 2.590135 -0.09850511 2.248253
v 2.651618 -0.1641752 2.240686
v 2.735912 -0.1970102 2.230334
v 2.827959 -0.1970102 2.219022
v 2.912565 -0.1641752 2.208603
v 2.974493 -0.0985051 2.200963
v 2.998516 0 2.197995
v 2.485307 0 2.074723
v 2.503909 -0.1178194 2.066599
v 2.552173 -0.1963657 2.045673
v 2.618689 -0.2356387 2.017046
v 2.691633 -0.2356388 1.985779
v 2.75887 -0.1963656 1.956997
v 2.808165 -0.1178194 1.935899
v 2.827302 0 1.927707
v 2.423075 0 1.889398
v 2.439427 -0.14665 1.874252
v 2.481932 -0.2444167 1.835218
v 2.540654 -0.2933 1.781829
v 2.605178 -0.2933001 1.723571
v 2.66473 -0.2444167 1.670004
v 2.708423 -0.14665 1.630772
v 2.725391 0 1.615547
v 2.346389 0 1.713605
v 2.361704 -0.1798209 1.690311
v 2.401455 -0.2997016 1.63026
v 2.456259 -0.3596418 1.548137
v 2.51638 -0.3596419 1.458593
v 2.571807 -0.2997016 1.376336
v 2.612449 -0.1798209 1.316135
v 2.628227 0 1.292783
v 2.222286 0 1.565501
v 2.235831 -0.2110395 1.533814
v 2.27088 -0.3517325 1.452106
v 2.319013 -0.4220789 1.340376
v 2.371645 -0.422079 1.218611
v 2.420067 -0.3517324 1.106819
v 2.455529 -0.2110395 1.025041
v 2.469288 0 0.9933276
v 2.01786 0 1.463209
v 2.026912 -0.2338269 1.423788
v 2.050279 -0.3897116 1.322126
v 2.082267 -0.4676539 1.183118
v 2.117154 -0.4676539 1.031656
v 2.149194 -0.3897116 0.8926365
v 2.172635 -0.2338269 0.7909621
v 2.181725 0 0.7515366
v 1.985708 0 1.459344
v 1.980169 -0.07092865 1.446187
v 1.965573 -0.2354447 1.415441
v 1.974612 -0.3683732 1.325751
v 1.97006 -0.3930026 1.308229
v 1.973435 -0.4118207 1.2734
v 1.973525 -0.4725592 1.159557
v 1.986066 -0.4724283 1.100922
v 1.990785 -0.4728777 0.9992582
v 2.008587 -0.4333975 0.9285728
v 2.007527 -0.3942436 0.8519274
v 2.010011 -0.3838235 0.8453279
v 2.005808 -0.2740237 0.7660566
v 1.996795 -0.2370347 0.7369185
v 2.004595 0 0.6958166
v 1.902343 3.919812e-8 1.45836
v 1.85688 8.11668e-8 1.528011
v 1.898242 -0.07054618 1.445323
v 1.853541 -0.0807218 1.51227
v 1.886994 -0.2363338 1.417796
v 1.844134 -0.2680352 1.475929
v 1.901698 -0.3753961 1.327696
v 1.862207 -0.4250364 1.364828
v 1.898099 -0.4015556 1.310258
v 1.859279 -0.4537471 1.343821
v 1.903367 -0.4219573 1.274201
v 1.865894 -0.4757963 1.301534
v 1.908559 -0.4883454 1.156998
v 1.87559 -0.5468135 1.166268
v 1.923842 -0.4895628 1.095939
v 1.893294 -0.5467128 1.097087
v 1.932636 -0.4923302 0.991887
v 1.905503 -0.5469717 0.9815775
v 1.954761 -0.4527305 0.9183942
v 1.930397 -0.5006515 0.9
v 1.957934 -0.4134243 0.8401411
v 1.935186 -0.4546297 0.8157685
v 1.960992 -0.402631 0.8331707
v 1.938427 -0.4424332 0.8081256
v 1.962975 -0.2877268 0.7507861
v 1.941877 -0.312817 0.7206998
v 1.954929 -0.2489638 0.7207808
v 1.933401 -0.2697948 0.6893709
v 1.966166 0 0.6778336
v 1.944951 0 0.6452626
v 2.590135 0.09850511 2.248253
v 2.651618 0.1641752 2.240686
v 2.735912 0.1970102 2.230334
v 2.827959 0.1970102 2.219022
v 2.912565 0.1641752 2.208603
v 2.974493 0.0985051 2.200963
v 2.503909 0.1178194 2.066599
v 2.552173 0.1963657 2.045673
v 2.618689 0.2356387 2.017046
v 2.691633 0.2356388 1.985779
v 2.75887 0.1963656 1.956997
v 2.808165 0.1178194 1.935899
v 2.439427 0.14665 1.874252
v 2.481932 0.2444167 1.835218
v 2.540654 0.2933 1.781829
v 2.605178 0.2933001 1.723571
v 2.66473 0.2444167 1.670004
v 2.708423 0.14665 1.630772
v 2.361704 0.1798209 1.690311
v 2.401455 0.2997016 1.63026
v 2.456259 0.3596418 1.548137
v 2.51638 0.3596419 1.458593
v 2.571807 0.2997016 1.376336
v 2.612449 0.1798209 1.316135
v 2.235831 0.2110395 1.533814
v 2.27088 0.3517325 1.452106
v 2.319013 0.4220789 1.340376
v 2.371645 0.422079 1.218611
v 2.420067 0.3517324 1.106819
v 2.455529 0.2110395 1.025041
v 2.026912 0.2338269 1.423788
v 2.050279 0.3897116 1.322126
v 2.082267 0.4676539 1.183118
v 2.117154 0.4676539 1.031656
v 2.149194 0.3897116 0.8926365
v 2.172635 0.2338269 0.7909621
v 1.980169 0.07092865 1.446187
v 1.965573 0.2354447 1.415441
v 1.974612 0.3683732 1.325751
v 1.97006 0.3930026 1.308229
v 1.973435 0.4118207 1.2734
v 1.973525 0.4725592 1.159557
v 1.986066 0.4724283 1.100922
v 1.990785 0.4728777 0.9992582
v 2.008587 0.4333975 0.9285728
v 2.007527 0.3942436 0.8519274
v 2.010011 0.3838235 0.8453279
v 2.005808 0.2740237 0.7660566
v 1.996795 0.2370347 0.7369185
v 1.898242 0.07054618 1.445323
v 1.853541 0.0807218 1.51227
v 1.886994 0.2363338 1.417796
v 1.844134 0.2680352 1.475929
v 1.901698 0.3753961 1.327696
v 1.862207 0.4250364 1.364828
v 1.898099 0.4015556 1.310258
v 1.859279 0.4537471 1.343821
v 1.903367 0.4219573 1.274201
v 1.865894 0.4757963 1.301534
v 1.908559 0.4883454 1.156998
v 1.87559 0.5468135 1.166268
v 1.923842 0.4895628 1.095939
v 1.893294 0.5467128 1.097087
v 1.932636 0.4923302 0.991887
v 1.905503 0.5469717 0.9815775
v 1.954761 0.4527305 0.9183942
v 1.930397 0.5006515 0.9
v 1.957934 0.4134243 0.8401411
v 1.935186 0.4546297 0.8157685
v 1.960992 0.402631 0.8331707
v 1.938427 0.4424332 0.8081256
v 1.962975 0.2877268 0.7507861
v 1.941877 0.312817 0.7206998
v 1.954929 0.2489638 0.7207808
v 1.933401 0.2697948 0.6893709
v 0 0 3.15
v -0.2519962 0 3.132583
v -0.2456782 -0.05607445 3.132583
v -0.2270407 -0.1093371 3.132583
v -0.1970186 -0.1571171 3.132583
v -0.1571171 -0.1970186 3.132583
v -0.109337 -0.2270408 3.132583
v -0.05607442 -0.2456782 3.132583
v 1.101511e-8 -0.2519962 3.132583
v -0.3518415 0 3.085018
v -0.3430201 -0.07829212 3.085018
v -0.3169983 -0.1526583 3.085018
v -0.2750808 -0.2193696 3.085018
v -0.2193696 -0.2750809 3.085018
v -0.1526583 -0.3169983 3.085018
v -0.07829209 -0.3430201 3.085018
v 1.537948e-8 -0.3518415 3.085018
v -0.3458201 0 3.015779
v -0.3371497 -0.07695223 3.015779
v -0.3115731 -0.1500458 3.015779
v -0.2703731 -0.2156153 3.015779
v -0.2156153 -0.2703731 3.015779
v -0.1500457 -0.3115731 3.015779
v -0.0769522 -0.3371497 3.015779
v 1.511628e-8 -0.3458201 3.015779
v -0.2815017 0 2.934304
v -0.2744439 -0.06264003 2.934304
v -0.2536243 -0.122139 2.934304
v -0.2200869 -0.1755135 2.934304
v -0.1755134 -0.2200869 2.934304
v -0.122139 -0.2536243 2.934304
v -0.06264001 -0.2744439 2.934304
v 1.230483e-8 -0.2815017 2.934304
v -0.2061343 0 2.84979
v -0.2009661 -0.04586921 2.84979
v -0.1857206 -0.08943835 2.84979
v -0.1611623 -0.1285227 2.84979
v -0.1285226 -0.1611623 2.84979
v -0.08943832 -0.1857206 2.84979
v -0.04586919 -0.2009661 2.84979
v 9.010417e-9 -0.2061343 2.84979
v -0.1650384 0 2.769989
v -0.1609005 -0.0367245 2.769989
v -0.1486945 -0.07160747 2.769989
v -0.1290322 -0.1028998 2.769989
v -0.1028997 -0.1290322 2.769989
v -0.07160746 -0.1486945 2.769989
v -0.03672449 -0.1609005 2.769989
v 7.214056e-9 -0.1650384 2.769989
v -0.2 0 2.7
v -0.1949856 -0.04450419 2.7
v -0.1801938 -0.08677676 2.7
v -0.1563663 -0.124698 2.7
v -0.1246979 -0.1563663 2.7
v -0.08677673 -0.1801938 2.7
v -0.04450417 -0.1949856 2.7
v 8.742278e-9 -0.2 2.7
v 0.05607445 -0.2456782 3.132583
v 0.1093371 -0.2270407 3.132583
v 0.1571171 -0.1970186 3.132583
v 0.1970186 -0.1571171 3.132583
v 0.2270408 -0.109337 3.132583
v 0.2456782 -0.05607442 3.132583
v 0.2519962 1.101511e-8 3.132583
v 0.07829212 -0.3430201 3.085018
v 0.1526583 -0.3169983 3.085018
v 0.2193696 -0.2750808 3.085018
v 0.2750809 -0.2193696 3.085018
v 0.3169983 -0.1526583 3.085018
v 0.3430201 -0.07829209 3.085018
v 0.3518415 1.537948e-8 3.085018
v 0.07695223 -0.3371497 3.015779
v 0.1500458 -0.3115731 3.015779
v 0.2156153 -0.2703731 3.015779
v 0.2703731 -0.2156153 3.015779
v 0.3115731 -0.1500457 3.015779
v 0.3371497 -0.0769522 3.015779
v 0.3458201 1.511628e-8 3.015779
v 0.06264003 -0.2744439 2.934304
v 0.122139 -0.2536243 2.934304
v 0.1755135 -0.2200869 2.934304
v 0.2200869 -0.1755134 2.934304
v 0.2536243 -0.122139 2.934304
v 0.2744439 -0.06264001 2.934304
v 0.2815017 1.230483e-8 2.934304
v 0.04586921 -0.2009661 2.84979
v 0.08943835 -0.1857206 2.84979
v 0.1285227 -0.1611623 2.84979
v 0.1611623 -0.1285226 2.84979
v 0.1857206 -0.08943832 2.84979
v 0.2009661 -0.04586919 2.84979
v 0.2061343 9.010417e-9 2.84979
v 0.0367245 -0.1609005 2.769989
v 0.07160747 -0.1486945 2.769989
v 0.1028998 -0.1290322 2.769989
v 0.1290322 -0.1028997 2.769989
v 0.1486945 -0.07160746 2.769989
v 0.1609005 -0.03672449 2.769989
v 0.1650384 7.214056e-9 2.769989
v 0.04450419 -0.1949856 2.7
v 0.08677676 -0.1801938 2.7
v 0.124698 -0.1563663 2.7
v 0.1563663 -0.1246979 2.7
v 0.1801938 -0.08677673 2.7
v 0.1949856 -0.04450417 2.7
v 0.2 8.742278e-9 2.7
v 0 0.2519962 3.132583
v 0.05607445 0.2456782 3.132583
v 0.1093371 0.2270407 3.132583
v 0.1571171 0.1970186 3.132583
v 0.1970186 0.1571171 3.132583
v 0.2270408 0.109337 3.132583
v 0.2456782 0.05607442 3.132583
v 0 0.3518415 3.085018
v 0.07829212 0.3430201 3.085018
v 0.1526583 0.3169983 3.085018
v 0.2193696 0.2750808 3.085018
v 0.2750809 0.2193696 3.085018
v 0.3169983 0.1526583 3.085018
v 0.3430201 0.07829209 3.085018
v 0 0.3458201 3.015779
v 0.07695223 0.3371497 3.015779
v 0.1500458 0.3115731 3.015779
v 0.2156153 0.2703731 3.015779
v 0.2703731 0.2156153 3.015779
v 0.3115731 0.1500457 3.015779
v 0.3371497 0.0769522 3.015779
v 0 0.2815017 2.934304
v 0.06264003 0.2744439 2.934304
v 0.122139 0.2536243 2.934304
v 0.1755135 0.2200869 2.934304
v 0.2200869 0.1755134 2.934304
v 0.2536243 0.122139 2.934304
v 0.2744439 0.06264001 2.934304
v 0 0.2061343 2.84979
v 0.04586921 0.2009661 2.84979
v 0.08943835 0.1857206 2.84979
v 0.1285227 0.1611623 2.84979
v 0.1611623 0.1285226 2.84979
v 0.1857206 0.08943832 2.84979
v 0.2009661 0.04586919 2.84979
v 0 0.1650384 2.769989
v 0.0367245 0.1609005 2.769989
v 0.07160747 0.1486945 2.769989
v 0.1028998 0.1290322 2.769989
v 0.1290322 0.1028997 2.769989
v 0.1486945 0.07160746 2.769989
v 0.1609005 0.03672449 2.769989
v 0 0.2 2.7
v 0.04450419 0.1949856 2.7
v 0.08677676 0.1801938 2.7
v 0.124698 0.1563663 2.7
v 0.1563663 0.1246979 2.7
v 0.1801938 0.08677673 2.7
v 0.1949856 0.04450417 2.7
v -0.2456782 0.05607445 3.132583
v -0.2270407 0.1093371 3.132583
v -0.1970186 0.1571171 3.132583
v -0.1571171 0.1970186 3.132583
v -0.109337 0.2270408 3.132583
v -0.05607442 0.2456782 3.132583
v -0.3430201 0.07829212 3.085018
v -0.3169983 0.1526583 3.085018
v -0.2750808 0.2193696 3.085018
v -0.2193696 0.2750809 3.085018
v -0.1526583 0.3169983 3.085018
v -0.07829209 0.3430201 3.085018
v -0.3371497 0.07695223 3.015779
v -0.3115731 0.1500458 3.015779
v -0.2703731 0.2156153 3.015779
v -0.2156153 0.2703731 3.015779
v -0.1500457 0.3115731 3.015779
v -0.0769522 0.3371497 3.015779
v -0.2744439 0.06264003 2.934304
v -0.2536243 0.122139 2.934304
v -0.2200869 0.1755135 2.934304
v -0.1755134 0.2200869 2.934304
v -0.122139 0.2536243 2.934304
v -0.06264001 0.2744439 2.934304
v -0.2009661 0.04586921 2.84979
v -0.1857206 0.08943835 2.84979
v -0.1611623 0.1285227 2.84979
v -0.1285226 0.1611623 2.84979
v -0.08943832 0.1857206 2.84979
v -0.04586919 0.2009661 2.84979
v -0.1609005 0.0367245 2.769989
v -0.1486945 0.07160747 2.769989
v -0.1290322 0.1028998 2.769989
v -0.1028997 0.1290322 2.769989
v -0.07160746 0.1486945 2.769989
v -0.03672449 0.1609005 2.769989
v -0.1949856 0.04450419 2.7
v -0.1801938 0.08677676 2.7
v -0.1563663 0.124698 2.7
v -0.1246979 0.1563663 2.7
v -0.08677673 0.1801938 2.7
v -0.04450417 0.1949856 2.7
v -0.3267984 0 2.646192
v -0.3186049 -0.0727195 2.646192
v -0.2944352 -0.1417925 2.646192
v -0.2555013 -0.2037555 2.646192
v -0.2037554 -0.2555013 2.646192
v -0.1417925 -0.2944352 2.646192
v -0.07271946 -0.3186049 2.646192
v 1.428481e-8 -0.3267984 2.646192
v -0.5122331 0 2.606187
v -0.4993903 -0.1139826 2.606187
v -0.461506 -0.2222496 2.606187
v -0.4004799 -0.3193721 2.606187
v -0.3193721 -0.40048 2.606187
v -0.2222496 -0.4615061 2.606187
v -0.1139826 -0.4993903 2.606187
v 2.239042e-8 -0.5122331 2.606187
v -0.7246206 0 2.571964
v -0.7064528 -0.1612433 2.571964
v -0.6528606 -0.3144011 2.571964
v -0.5665312 -0.4517936 2.571964
v -0.4517936 -0.5665312 2.571964
v -0.314401 -0.6528606 2.571964
v -0.1612432 -0.7064528 2.571964
v 3.167417e-8 -0.7246206 2.571964
v -0.9358125 0 2.538157
v -0.9123497 -0.2082379 2.538157
v -0.8431379 -0.4060338 2.538157
v -0.7316476 -0.5834696 2.538157
v -0.5834695 -0.7316477 2.538157
v -0.4060337 -0.843138 2.538157
v -0.2082378 -0.9123497 2.538157
v 4.090566e-8 -0.9358125 2.538157
v -1.119587 0 2.500842
v -1.091517 -0.2491316 2.500842
v -1.008713 -0.4857707 2.500842
v -0.8753283 -0.6980512 2.500842
v -0.6980511 -0.8753285 2.500842
v -0.4857705 -1.008713 2.500842
v -0.2491315 -1.091517 2.500842
v 4.893871e-8 -1.119587 2.500842
v -1.250045 0 2.456338
v -1.218703 -0.2781611 2.456338
v -1.126251 -0.5423741 2.456338
v -0.9773241 -0.7793901 2.456338
v -0.77939 -0.9773242 2.456338
v -0.5423739 -1.126251 2.456338
v -0.278161 -1.218703 2.456338
v 5.464118e-8 -1.250045 2.456338
v -1.3 0 2.4
v -1.267406 -0.2892772 2.4
v -1.171259 -0.5640489 2.4
v -1.016381 -0.8105368 2.4
v -0.8105366 -1.016381 2.4
v -0.5640487 -1.17126 2.4
v -0.2892771 -1.267406 2.4
v 5.68248e-8 -1.3 2.4
v 0.0727195 -0.3186049 2.646192
v 0.1417925 -0.2944352 2.646192
v 0.2037555 -0.2555013 2.646192
v 0.2555013 -0.2037554 2.646192
v 0.2944352 -0.1417925 2.646192
v 0.3186049 -0.07271946 2.646192
v 0.3267984 1.428481e-8 2.646192
v 0.1139826 -0.4993903 2.606187
v 0.2222496 -0.461506 2.606187
v 0.3193721 -0.4004799 2.606187
v 0.40048 -0.3193721 2.606187
v 0.4615061 -0.2222496 2.606187
v 0.4993903 -0.1139826 2.606187
v 0.5122331 2.239042e-8 2.606187
v 0.1612433 -0.7064528 2.571964
v 0.3144011 -0.6528606 2.571964
v 0.4517936 -0.5665312 2.571964
v 0.5665312 -0.4517936 2.571964
v 0.6528606 -0.314401 2.571964
v 0.7064528 -0.1612432 2.571964
v 0.7246206 3.167417e-8 2.571964
v 0.2082379 -0.9123497 2.538157
v 0.4060338 -0.8431379 2.538157
v 0.5834696 -0.7316476 2.538157
v 0.7316477 -0.5834695 2.538157
v 0.843138 -0.4060337 2.538157
v 0.9123497 -0.2082378 2.538157
v 0.9358125 4.090566e-8 2.538157
v 0.2491316 -1.091517 2.500842
v 0.4857707 -1.008713 2.500842
v 0.6980512 -0.8753283 2.500842
v 0.8753285 -0.6980511 2.500842
v 1.008713 -0.4857705 2.500842
v 1.091517 -0.2491315 2.500842
v 1.119587 4.893871e-8 2.500842
v 0.2781611 -1.218703 2.456338
v 0.5423741 -1.126251 2.456338
v 0.7793901 -0.9773241 2.456338
v 0.9773242 -0.77939 2.456338
v 1.126251 -0.5423739 2.456338
v 1.218703 -0.278161 2.456338
v 1.250045 5.464118e-8 2.456338
v 0.2892772 -1.267406 2.4
v 0.5640489 -1.171259 2.4
v 0.8105368 -1.016381 2.4
v 1.016381 -0.8105366 2.4
v 1.17126 -0.5640487 2.4
v 1.267406 -0.2892771 2.4
v 1.3 5.68248e-8 2.4
v 0 0.3267984 2.646192
v 0.0727195 0.3186049 2.646192
v 0.1417925 0.2944352 2.646192
v 0.2037555 0.2555013 2.646192
v 0.2555013 0.2037554 2.646192
v 0.2944352 0.1417925 2.646192
v 0.3186049 0.07271946 2.646192
v 0 0.5122331 2.606187
v 0.1139826 0.4993903 2.606187
v 0.2222496 0.461506 2.606187
v 0.3193721 0.4004799 2.606187
v 0.40048 0.3193721 2.606187
v 0.4615061 0.2222496 2.606187
v 0.4993903 0.1139826 2.606187
v 0 0.7246206 2.571964
v 0.1612433 0.7064528 2.571964
v 0.3144011 0.6528606 2.571964
v 0.4517936 0.5665312 2.571964
v 0.5665312 0.4517936 2.571964
v 0.6528606 0.314401 2.571964
v 0.7064528 0.1612432 2.571964
v 0 0.9358125 2.538157
v 0.2082379 0.9123497 2.538157
v 0.4060338 0.8431379 2.538157
v 0.5834696 0.7316476 2.538157
v 0.7316477 0.5834695 2.538157
v 0.843138 0.4060337 2.538157
v 0.9123497 0.2082378 2.538157
v 0 1.119587 2.500842
v 0.2491316 1.091517 2.500842
v 0.4857707 1.008713 2.500842
v 0.6980512 0.8753283 2.500842
v 0.8753285 0.6980511 2.500842
v 1.008713 0.4857705 2.500842
v 1.091517 0.2491315 2.500842
v 0 1.250045 2.456338
v 0.2781611 1.218703 2.456338
v 0.5423741 1.126251 2.456338
v 0.7793901 0.9773241 2.456338
v 0.9773242 0.77939 2.456338
v 1.126251 0.5423739 2.456338
v 1.218703 0.278161 2.456338
v 0 1.3 2.4
v 0.2892772 1.267406 2.4
v 0.5640489 1.171259 2.4
v 0.8105368 1.016381 2.4
v 1.016381 0.8105366 2.4
v 1.17126 0.5640487 2.4
v 1.267406 0.2892771 2.4
v -0.3186049 0.0727195 2.646192
v -0.2944352 0.1417925 2.646192
v -0.2555013 0.2037555 2.646192
v -0.2037554 0.2555013 2.646192
v -0.1417925 0.2944352 2.646192
v -0.07271946 0.3186049 2.646192
v -0.4993903 0.1139826 2.606187
v -0.461506 0.2222496 2.606187
v -0.4004799 0.3193721 2.606187
v -0.3193721 0.40048 2.606187
v -0.2222496 0.4615061 2.606187
v -0.1139826 0.4993903 2.606187
v -0.7064528 0.1612433 2.571964
v -0.6528606 0.3144011 2.571964
v -0.5665312 0.4517936 2.571964
v -0.4517936 0.5665312 2.571964
v -0.314401 0.6528606 2.571964
v -0.1612432 0.7064528 2.571964
v -0.9123497 0.2082379 2.538157
v -0.8431379 0.4060338 2.538157
v -0.7316476 0.5834696 2.538157
v -0.5834695 0.7316477 2.538157
v -0.4060337 0.843138 2.538157
v -0.2082378 0.9123497 2.538157
v -1.091517 0.2491316 2.500842
v -1.008713 0.4857707 2.500842
v -0.8753283 0.6980512 2.500842
v -0.6980511 0.8753285 2.500842
v -0.4857705 1.008713 2.500842
v -0.2491315 1.091517 2.500842
v -1.218703 0.2781611 2.456338
v -1.126251 0.5423741 2.456338
v -0.9773241 0.7793901 2.456338
v -0.77939 0.9773242 2.456338
v -0.5423739 1.126251 2.456338
v -0.278161 1.218703 2.456338
v -1.267406 0.2892772 2.4
v -1.171259 0.5640489 2.4
v -1.016381 0.8105368 2.4
v -0.8105366 1.016381 2.4
v -0.5640487 1.17126 2.4
v -0.2892771 1.267406 2.4
v -1.4 0 2.4
v -1.364899 -0.3115293 2.4
v -1.261356 -0.6074373 2.4
v -1.094564 -0.8728858 2.4
v -0.8728856 -1.094564 2.4
v -0.6074371 -1.261356 2.4
v -0.3115292 -1.364899 2.4
v 6.119594e-8 -1.4 2.4
v -1.383117 0 2.448359
v -1.348439 -0.3077724 2.448359
v -1.246145 -0.6001118 2.448359
v -1.081364 -0.8623592 2.448359
v -0.8623592 -1.081364 2.448359
v -0.6001117 -1.246145 2.448359
v -0.3077723 -1.348439 2.448359
v 6.045795e-8 -1.383117 2.448359
v -1.38454 0 2.481156
v -1.349827 -0.3080891 2.481156
v -1.247427 -0.6007293 2.481156
v -1.082477 -0.8632466 2.481156
v -0.8632464 -1.082477 2.481156
v -0.6007291 -1.247427 2.481156
v -0.308089 -1.349827 2.481156
v 6.052015e-8 -1.38454 2.481156
v -1.399877 0 2.498152
v -1.364779 -0.3115019 2.498152
v -1.261245 -0.6073836 2.498152
v -1.094468 -0.8728089 2.498152
v -0.8728088 -1.094468 2.498152
v -0.6073835 -1.261245 2.498152
v -0.3115017 -1.364779 2.498152
v 6.119055e-8 -1.399877 2.498152
v -1.423305 0 2.498727
v -1.38762 -0.3167152 2.498727
v -1.282354 -0.6175489 2.498727
v -1.112785 -0.8874163 2.498727
v -0.8874161 -1.112785 2.498727
v -0.6175487 -1.282354 2.498727
v -0.3167151 -1.38762 2.498727
v 6.221464e-8 -1.423305 2.498727
v -1.449359 0 2.482353
v -1.413021 -0.3225128 2.482353
v -1.305828 -0.6288534 2.482353
v -1.133155 -0.9036609 2.482353
v -0.9036607 -1.133155 2.482353
v -0.6288533 -1.305828 2.482353
v -0.3225127 -1.413021 2.482353
v 6.33535e-8 -1.449359 2.482353
v -1.47472 0 2.449077
v -1.437745 -0.3281561 2.449077
v -1.328677 -0.6398569 2.449077
v -1.152982 -0.9194728 2.449077
v -0.9194727 -1.152982 2.449077
v -0.6398567 -1.328677 2.449077
v -0.3281559 -1.437745 2.449077
v 6.446206e-8 -1.47472 2.449077
v -1.5 0 2.4
v -1.462392 -0.3337814 2.4
v -1.351453 -0.6508256 2.4
v -1.172747 -0.9352348 2.4
v -0.9352346 -1.172747 2.4
v -0.6508254 -1.351453 2.4
v -0.3337813 -1.462392 2.4
v 6.556708e-8 -1.5 2.4
v 0.3115293 -1.364899 2.4
v 0.6074373 -1.261356 2.4
v 0.8728858 -1.094564 2.4
v 1.094564 -0.8728856 2.4
v 1.261356 -0.6074371 2.4
v 1.364899 -0.3115292 2.4
v 1.4 6.119594e-8 2.4
v 0.3077724 -1.348439 2.448359
v 0.6001118 -1.246145 2.448359
v 0.8623592 -1.081364 2.448359
v 1.081364 -0.8623592 2.448359
v 1.246145 -0.6001117 2.448359
v 1.348439 -0.3077723 2.448359
v 1.383117 6.045795e-8 2.448359
v 0.3080891 -1.349827 2.481156
v 0.6007293 -1.247427 2.481156
v 0.8632466 -1.082477 2.481156
v 1.082477 -0.8632464 2.481156
v 1.247427 -0.6007291 2.481156
v 1.349827 -0.308089 2.481156
v 1.38454 6.052015e-8 2.481156
v 0.3115019 -1.364779 2.498152
v 0.6073836 -1.261245 2.498152
v 0.8728089 -1.094468 2.498152
v 1.094468 -0.8728088 2.498152
v 1.261245 -0.6073835 2.498152
v 1.364779 -0.3115017 2.498152
v 1.399877 6.119055e-8 2.498152
v 0.3167152 -1.38762 2.498727
v 0.6175489 -1.282354 2.498727
v 0.8874163 -1.112785 2.498727
v 1.112785 -0.8874161 2.498727
v 1.282354 -0.6175487 2.498727
v 1.38762 -0.3167151 2.498727
v 1.423305 6.221464e-8 2.498727
v 0.3225128 -1.413021 2.482353
v 0.6288534 -1.305828 2.482353
v 0.9036609 -1.133155 2.482353
v 1.133155 -0.9036607 2.482353
v 1.305828 -0.6288533 2.482353
v 1.413021 -0.3225127 2.482353
v 1.449359 6.33535e-8 2.482353
v 0.3281561 -1.437745 2.449077
v 0.6398569 -1.328677 2.449077
v 0.9194728 -1.152982 2.449077
v 1.152982 -0.9194727 2.449077
v 1.328677 -0.6398567 2.449077
v 1.437745 -0.3281559 2.449077
v 1.47472 6.446206e-8 2.449077
v 0.3337814 -1.462392 2.4
v 0.6508256 -1.351453 2.4
v 0.9352348 -1.172747 2.4
v 1.172747 -0.9352346 2.4
v 1.351453 -0.6508254 2.4
v 1.462392 -0.3337813 2.4
v 1.5 6.556708e-8 2.4
v 0 1.4 2.4
v 0.3115293 1.364899 2.4
v 0.6074373 1.261356 2.4
v 0.8728858 1.094564 2.4
v 1.094564 0.8728856 2.4
v 1.261356 0.6074371 2.4
v 1.364899 0.3115292 2.4
v 0 1.383117 2.448359
v 0.3077724 1.348439 2.448359
v 0.6001118 1.246145 2.448359
v 0.8623592 1.081364 2.448359
v 1.081364 0.8623592 2.448359
v 1.246145 0.6001117 2.448359
v 1.348439 0.3077723 2.448359
v 0 1.38454 2.481156
v 0.3080891 1.349827 2.481156
v 0.6007293 1.247427 2.481156
v 0.8632466 1.082477 2.481156
v 1.082477 0.8632464 2.481156
v 1.247427 0.6007291 2.481156
v 1.349827 0.308089 2.481156
v 0 1.399877 2.498152
v 0.3115019 1.364779 2.498152
v 0.6073836 1.261245 2.498152
v 0.8728089 1.094468 2.498152
v 1.094468 0.8728088 2.498152
v 1.261245 0.6073835 2.498152
v 1.364779 0.3115017 2.498152
v 0 1.423305 2.498727
v 0.3167152 1.38762 2.498727
v 0.6175489 1.282354 2.498727
v 0.8874163 1.112785 2.498727
v 1.112785 0.8874161 2.498727
v 1.282354 0.6175487 2.498727
v 1.38762 0.3167151 2.498727
v 0 1.449359 2.482353
v 0.3225128 1.413021 2.482353
v 0.6288534 1.305828 2.482353
v 0.9036609 1.133155 2.482353
v 1.133155 0.9036607 2.482353
v 1.305828 0.6288533 2.482353
v 1.413021 0.3225127 2.482353
v 0 1.47472 2.449077
v 0.3281561 1.437745 2.449077
v 0.6398569 1.328677 2.449077
v 0.9194728 1.152982 2.449077
v 1.152982 0.9194727 2.449077
v 1.328677 0.6398567 2.449077
v 1.437745 0.3281559 2.449077
v 0 1.5 2.4
v 0.3337814 1.462392 2.4
v 0.6508256 1.351453 2.4
v 0.9352348 1.172747 2.4
v 1.172747 0.9352346 2.4
v 1.351453 0.6508254 2.4
v 1.462392 0.3337813 2.4
v -1.364899 0.3115293 2.4
v -1.261356 0.6074373 2.4
v -1.094564 0.8728858 2.4
v -0.8728856 1.094564 2.4
v -0.6074371 1.261356 2.4
v -0.3115292 1.364899 2.4
v -1.348439 0.3077724 2.448359
v -1.246145 0.6001118 2.448359
v -1.081364 0.8623592 2.448359
v -0.8623592 1.081364 2.448359
v -0.6001117 1.246145 2.448359
v -0.3077723 1.348439 2.448359
v -1.349827 0.3080891 2.481156
v -1.247427 0.6007293 2.481156
v -1.082477 0.8632466 2.481156
v -0.8632464 1.082477 2.481156
v -0.6007291 1.247427 2.481156
v -0.308089 1.349827 2.481156
v -1.364779 0.3115019 2.498152
v -1.261245 0.6073836 2.498152
v -1.094468 0.8728089 2.498152
v -0.8728088 1.094468 2.498152
v -0.6073835 1.261245 2.498152
v -0.3115017 1.364779 2.498152
v -1.38762 0.3167152 2.498727
v -1.282354 0.6175489 2.498727
v -1.112785 0.8874163 2.498727
v -0.8874161 1.112785 2.498727
v -0.6175487 1.282354 2.498727
v -0.3167151 1.38762 2.498727
v -1.413021 0.3225128 2.482353
v -1.305828 0.6288534 2.482353
v -1.133155 0.9036609 2.482353
v -0.9036607 1.133155 2.482353
v -0.6288533 1.305828 2.482353
v -0.3225127 1.413021 2.482353
v -1.437745 0.3281561 2.449077
v -1.328677 0.6398569 2.449077
v -1.152982 0.9194728 2.449077
v -0.9194727 1.152982 2.449077
v -0.6398567 1.328677 2.449077
v -0.3281559 1.437745 2.449077
v -1.462392 0.3337814 2.4
v -1.351453 0.6508256 2.4
v -1.172747 0.9352348 2.4
v -0.9352346 1.172747 2.4
v -0.6508254 1.351453 2.4
v -0.3337813 1.462392 2.4
v -1.562217 -0.356566 2.174357
v -1.443706 -0.6952522 2.174357
v -1.252801 -0.9990755 2.174357
v -0.9990754 -1.252801 2.174357
v -0.695252 -1.443706 2.174357
v -0.3565658 -1.562217 2.174357
v 7.004281e-8 -1.602393 2.174357
v -1.654007 -0.3775164 1.949754
v -1.528533 -0.7361025 1.949754
v -1.326411 -1.057777 1.949754
v -1.057777 -1.326411 1.949754
v -0.7361022 -1.528532 1.949754
v -0.3775162 -1.654007 1.949754
v 7.415825e-8 -1.696543 1.949754
v -1.783528 0 1.728605
v -1.738811 -0.3968724 1.728605
v -1.606903 -0.7738439 1.728605
v -1.394418 -1.112012 1.728605
v -1.112012 -1.394418 1.728605
v -0.7738437 -1.606903 1.728605
v -0.3968723 -1.738811 1.728605
v 7.79605e-8 -1.783528 1.728605
v -1.862636 0 1.51227
v -1.815936 -0.4144756 1.51227
v -1.678177 -0.8081675 1.51227
v -1.456267 -1.161335 1.51227
v -1.161334 -1.456267 1.51227
v -0.8081673 -1.678177 1.51227
v -0.4144753 -1.815936 1.51227
v 8.141841e-8 -1.862636 1.51227
v -1.93047 0 1.301534
v -1.882069 -0.4295701 1.301534
v -1.739294 -0.8375998 1.301534
v -1.509303 -1.203629 1.301534
v -1.203629 -1.509303 1.301534
v -0.8375995 -1.739294 1.301534
v -0.42957 -1.882069 1.301534
v 8.438354e-8 -1.93047 1.301534
v -1.980067 0 1.097087
v -1.930422 -0.4406064 1.097087
v -1.783979 -0.8591189 1.097087
v -1.548079 -1.234552 1.097087
v -1.234551 -1.548079 1.097087
v -0.8591187 -1.783979 1.097087
v -0.4406062 -1.930422 1.097087
v 8.655147e-8 -1.980067 1.097087
v -1.949856 -0.4450419 0.9
v -1.801938 -0.8677675 0.9
v -1.563663 -1.24698 0.9
v -1.246979 -1.563663 0.9
v -0.8677673 -1.801938 0.9
v -0.4450417 -1.949856 0.9
v 8.742278e-8 -2 0.9
v 0.356566 -1.562217 2.174357
v 0.6952522 -1.443706 2.174357
v 0.9990755 -1.252801 2.174357
v 1.252801 -0.9990754 2.174357
v 1.443706 -0.695252 2.174357
v 1.562217 -0.3565658 2.174357
v 1.602393 7.004281e-8 2.174357
v 0.3775164 -1.654007 1.949754
v 0.7361025 -1.528533 1.949754
v 1.057777 -1.326411 1.949754
v 1.326411 -1.057777 1.949754
v 1.528532 -0.7361022 1.949754
v 1.654007 -0.3775162 1.949754
v 1.696543 7.415825e-8 1.949754
v 0.3968724 -1.738811 1.728605
v 0.7738439 -1.606903 1.728605
v 1.112012 -1.394418 1.728605
v 1.394418 -1.112012 1.728605
v 1.606903 -0.7738437 1.728605
v 1.738811 -0.3968723 1.728605
v 1.783528 7.79605e-8 1.728605
v 0.4144756 -1.815936 1.51227
v 0.8081675 -1.678177 1.51227
v 1.161335 -1.456267 1.51227
v 1.456267 -1.161334 1.51227
v 1.678177 -0.8081673 1.51227
v 1.815936 -0.4144753 1.51227
v 0.4295701 -1.882069 1.301534
v 0.8375998 -1.739294 1.301534
v 1.203629 -1.509303 1.301534
v 1.509303 -1.203629 1.301534
v 1.739294 -0.8375995 1.301534
v 0.4406064 -1.930422 1.097087
v 0.8591189 -1.783979 1.097087
v 1.234552 -1.548079 1.097087
v 1.548079 -1.234551 1.097087
v 1.783979 -0.8591187 1.097087
v 0.4450419 -1.949856 0.9
v 0.8677675 -1.801938 0.9
v 1.24698 -1.563663 0.9
v 1.563663 -1.246979 0.9
v 1.801938 -0.8677673 0.9
v 0 1.602393 2.174357
v 0.356566 1.562217 2.174357
v 0.6952522 1.443706 2.174357
v 0.9990755 1.252801 2.174357
v 1.252801 0.9990754 2.174357
v 1.443706 0.695252 2.174357
v 1.562217 0.3565658 2.174357
v 0 1.696543 1.949754
v 0.3775164 1.654007 1.949754
v 0.7361025 1.528533 1.949754
v 1.057777 1.326411 1.949754
v 1.326411 1.057777 1.949754
v 1.528532 0.7361022 1.949754
v 1.654007 0.3775162 1.949754
v 0 1.783528 1.728605
v 0.3968724 1.738811 1.728605
v 0.7738439 1.606903 1.728605
v 1.112012 1.394418 1.728605
v 1.394418 1.112012 1.728605
v 1.606903 0.7738437 1.728605
v 1.738811 0.3968723 1.728605
v 0 1.862636 1.51227
v 0.4144756 1.815936 1.51227
v 0.8081675 1.678177 1.51227
v 1.161335 1.456267 1.51227
v 1.456267 1.161334 1.51227
v 1.678177 0.8081673 1.51227
v 1.815936 0.4144753 1.51227
v 0 1.93047 1.301534
v 0.4295701 1.882069 1.301534
v 0.8375998 1.739294 1.301534
v 1.203629 1.509303 1.301534
v 1.509303 1.203629 1.301534
v 1.739294 0.8375995 1.301534
v 0 1.980067 1.097087
v 0.4406064 1.930422 1.097087
v 0.8591189 1.783979 1.097087
v 1.234552 1.548079 1.097087
v 1.548079 1.234551 1.097087
v 1.783979 0.8591187 1.097087
v 0 2 0.9
v 0.4450419 1.949856 0.9
v 0.8677675 1.801938 0.9
v 1.24698 1.563663 0.9
v 1.563663 1.246979 0.9
v 1.801938 0.8677673 0.9
v -1.562217 0.356566 2.174357
v -1.443706 0.6952522 2.174357
v -1.252801 0.9990755 2.174357
v -0.9990754 1.252801 2.174357
v -0.695252 1.443706 2.174357
v -0.3565658 1.562217 2.174357
v -1.654007 0.3775164 1.949754
v -1.528533 0.7361025 1.949754
v -1.326411 1.057777 1.949754
v -1.057777 1.326411 1.949754
v -0.7361022 1.528532 1.949754
v -0.3775162 1.654007 1.949754
v -1.738811 0.3968724 1.728605
v -1.606903 0.7738439 1.728605
v -1.394418 1.112012 1.728605
v -1.112012 1.394418 1.728605
v -0.7738437 1.606903 1.728605
v -0.3968723 1.738811 1.728605
v -1.815936 0.4144756 1.51227
v -1.678177 0.8081675 1.51227
v -1.456267 1.161335 1.51227
v -1.161334 1.456267 1.51227
v -0.8081673 1.678177 1.51227
v -0.4144753 1.815936 1.51227
v -1.882069 0.4295701 1.301534
v -1.739294 0.8375998 1.301534
v -1.509303 1.203629 1.301534
v -1.203629 1.509303 1.301534
v -0.8375995 1.739294 1.301534
v -0.42957 1.882069 1.301534
v -1.930422 0.4406064 1.097087
v -1.783979 0.8591189 1.097087
v -1.548079 1.234552 1.097087
v -1.234551 1.548079 1.097087
v -0.8591187 1.783979 1.097087
v -0.4406062 1.930422 1.097087
v -1.949856 0.4450419 0.9
v -1.801938 0.8677675 0.9
v -1.563663 1.24698 0.9
v -1.246979 1.563663 0.9
v -0.8677673 1.801938 0.9
v -0.4450417 1.949856 0.9
v -1.927552 -0.4399512 0.7206998
v -1.781326 -0.8578415 0.7206998
v -1.545777 -1.232716 0.7206998
v -1.232716 -1.545777 0.7206998
v -0.8578412 -1.781326 0.7206998
v -0.439951 -1.927552 0.7206998
v 8.642278e-8 -1.977123 0.7206998
v -1.912031 0 0.5676386
v -1.864093 -0.425467 0.5676386
v -1.722681 -0.8295992 0.5676386
v -1.494886 -1.192132 0.5676386
v -1.192132 -1.494886 0.5676386
v -0.829599 -1.72268 0.5676386
v -0.4254668 -1.864093 0.5676386
v 8.357753e-8 -1.912031 0.5676386
v -1.816059 0 0.4395044
v -1.770526 -0.404111 0.4395044
v -1.636212 -0.7879583 0.4395044
v -1.419852 -1.132294 0.4395044
v -1.132294 -1.419852 0.4395044
v -0.7879581 -1.636212 0.4395044
v -0.4041109 -1.770526 0.4395044
v 7.938245e-8 -1.816059 0.4395044
v -1.706432 0 0.3349854
v -1.663648 -0.3797169 0.3349854
v -1.537442 -0.740393 0.3349854
v -1.334142 -1.063943 0.3349854
v -1.063943 -1.334142 0.3349854
v -0.7403929 -1.537442 0.3349854
v -0.3797167 -1.663648 0.3349854
v 7.459051e-8 -1.706432 0.3349854
v -1.603588 0 0.2527697
v -1.563382 -0.3568319 0.2527697
v -1.444783 -0.6957707 0.2527697
v -1.253735 -0.9998207 0.2527697
v -0.9998205 -1.253735 0.2527697
v -0.6957706 -1.444783 0.2527697
v -0.3568318 -1.563382 0.2527697
v 7.009505e-8 -1.603588 0.2527697
v -1.5285 0 0.1915452
v -1.490177 -0.3401233 0.1915452
v -1.377131 -0.6631913 0.1915452
v -1.195029 -0.9530042 0.1915452
v -0.9530041 -1.195029 0.1915452
v -0.6631911 -1.377131 0.1915452
v -0.3401232 -1.490177 0.1915452
v 6.681286e-8 -1.5285 0.1915452
v -1.5 0 0.15
v -1.462392 -0.3337814 0.15
v -1.351453 -0.6508256 0.15
v -1.172747 -0.9352348 0.15
v -0.9352346 -1.172747 0.15
v -0.6508254 -1.351453 0.15
v -0.3337813 -1.462392 0.15
v 6.556708e-8 -1.5 0.15
v 0.4399512 -1.927552 0.7206998
v 0.8578415 -1.781326 0.7206998
v 1.232716 -1.545777 0.7206998
v 1.545777 -1.232716 0.7206998
v 1.781326 -0.8578412 0.7206998
v 1.927552 -0.439951 0.7206998
v 0.425467 -1.864093 0.5676386
v 0.8295992 -1.722681 0.5676386
v 1.192132 -1.494886 0.5676386
v 1.494886 -1.192132 0.5676386
v 1.72268 -0.829599 0.5676386
v 1.864093 -0.4254668 0.5676386
v 1.912031 8.357753e-8 0.5676386
v 0.404111 -1.770526 0.4395044
v 0.7879583 -1.636212 0.4395044
v 1.132294 -1.419852 0.4395044
v 1.419852 -1.132294 0.4395044
v 1.636212 -0.7879581 0.4395044
v 1.770526 -0.4041109 0.4395044
v 1.816059 7.938245e-8 0.4395044
v 0.3797169 -1.663648 0.3349854
v 0.740393 -1.537442 0.3349854
v 1.063943 -1.334142 0.3349854
v 1.334142 -1.063943 0.3349854
v 1.537442 -0.7403929 0.3349854
v 1.663648 -0.3797167 0.3349854
v 1.706432 7.459051e-8 0.3349854
v 0.3568319 -1.563382 0.2527697
v 0.6957707 -1.444783 0.2527697
v 0.9998207 -1.253735 0.2527697
v 1.253735 -0.9998205 0.2527697
v 1.444783 -0.6957706 0.2527697
v 1.563382 -0.3568318 0.2527697
v 1.603588 7.009505e-8 0.2527697
v 0.3401233 -1.490177 0.1915452
v 0.6631913 -1.377131 0.1915452
v 0.9530042 -1.195029 0.1915452
v 1.195029 -0.9530041 0.1915452
v 1.377131 -0.6631911 0.1915452
v 1.490177 -0.3401232 0.1915452
v 1.5285 6.681286e-8 0.1915452
v 0.3337814 -1.462392 0.15
v 0.6508256 -1.351453 0.15
v 0.9352348 -1.172747 0.15
v 1.172747 -0.9352346 0.15
v 1.351453 -0.6508254 0.15
v 1.462392 -0.3337813 0.15
v 1.5 6.556708e-8 0.15
v 0 1.977123 0.7206998
v 0.4399512 1.927552 0.7206998
v 0.8578415 1.781326 0.7206998
v 1.232716 1.545777 0.7206998
v 1.545777 1.232716 0.7206998
v 1.781326 0.8578412 0.7206998
v 1.927552 0.439951 0.7206998
v 0 1.912031 0.5676386
v 0.425467 1.864093 0.5676386
v 0.8295992 1.722681 0.5676386
v 1.192132 1.494886 0.5676386
v 1.494886 1.192132 0.5676386
v 1.72268 0.829599 0.5676386
v 1.864093 0.4254668 0.5676386
v 0 1.816059 0.4395044
v 0.404111 1.770526 0.4395044
v 0.7879583 1.636212 0.4395044
v 1.132294 1.419852 0.4395044
v 1.419852 1.132294 0.4395044
v 1.636212 0.7879581 0.4395044
v 1.770526 0.4041109 0.4395044
v 0 1.706432 0.3349854
v 0.3797169 1.663648 0.3349854
v 0.740393 1.537442 0.3349854
v 1.063943 1.334142 0.3349854
v 1.334142 1.063943 0.3349854
v 1.537442 0.7403929 0.3349854
v 1.663648 0.3797167 0.3349854
v 0 1.603588 0.2527697
v 0.3568319 1.563382 0.2527697
v 0.6957707 1.444783 0.2527697
v 0.9998207 1.253735 0.2527697
v 1.253735 0.9998205 0.2527697
v 1.444783 0.6957706 0.2527697
v 1.563382 0.3568318 0.2527697
v 0 1.5285 0.1915452
v 0.3401233 1.490177 0.1915452
v 0.6631913 1.377131 0.1915452
v 0.9530042 1.195029 0.1915452
v 1.195029 0.9530041 0.1915452
v 1.377131 0.6631911 0.1915452
v 1.490177 0.3401232 0.1915452
v 0 1.5 0.15
v 0.3337814 1.462392 0.15
v 0.6508256 1.351453 0.15
v 0.9352348 1.172747 0.15
v 1.172747 0.9352346 0.15
v 1.351453 0.6508254 0.15
v 1.462392 0.3337813 0.15
v -1.927552 0.4399512 0.7206998
v -1.781326 0.8578415 0.7206998
v -1.545777 1.232716 0.7206998
v -1.232716 1.545777 0.7206998
v -0.8578412 1.781326 0.7206998
v -0.439951 1.927552 0.7206998
v -1.864093 0.425467 0.5676386
v -1.722681 0.8295992 0.5676386
v -1.494886 1.192132 0.5676386
v -1.192132 1.494886 0.5676386
v -0.829599 1.72268 0.5676386
v -0.4254668 1.864093 0.5676386
v -1.770526 0.404111 0.4395044
v -1.636212 0.7879583 0.4395044
v -1.419852 1.132294 0.4395044
v -1.132294 1.419852 0.4395044
v -0.7879581 1.636212 0.4395044
v -0.4041109 1.770526 0.4395044
v -1.663648 0.3797169 0.3349854
v -1.537442 0.740393 0.3349854
v -1.334142 1.063943 0.3349854
v -1.063943 1.334142 0.3349854
v -0.7403929 1.537442 0.3349854
v -0.3797167 1.663648 0.3349854
v -1.563382 0.3568319 0.2527697
v -1.444783 0.6957707 0.2527697
v -1.253735 0.9998207 0.2527697
v -0.9998205 1.253735 0.2527697
v -0.6957706 1.444783 0.2527697
v -0.3568318 1.563382 0.2527697
v -1.490177 0.3401233 0.1915452
v -1.377131 0.6631913 0.1915452
v -1.195029 0.9530042 0.1915452
v -0.9530041 1.195029 0.1915452
v -0.6631911 1.377131 0.1915452
v -0.3401232 1.490177 0.1915452
v -1.462392 0.3337814 0.15
v -1.351453 0.6508256 0.15
v -1.172747 0.9352348 0.15
v -0.9352346 1.172747 0.15
v -0.6508254 1.351453 0.15
v -0.3337813 1.462392 0.15
v -1.491691 0 0.1180758
v -1.454291 -0.3319325 0.1180758
v -1.343967 -0.6472205 0.1180758
v -1.166251 -0.9300542 0.1180758
v -0.9300541 -1.166251 0.1180758
v -0.6472203 -1.343967 0.1180758
v -0.3319324 -1.454291 0.1180758
v 6.520388e-8 -1.491691 0.1180758
v -1.451895 0 0.08746356
v -1.415493 -0.3230771 0.08746356
v -1.308112 -0.6299537 0.08746356
v -1.135137 -0.9052418 0.08746356
v -0.9052417 -1.135137 0.08746356
v -0.6299535 -1.308112 0.08746356
v -0.323077 -1.415493 0.08746356
v 6.346436e-8 -1.451895 0.08746356
v -1.358309 0 0.05947521
v -1.324253 -0.3022522 0.05947521
v -1.223794 -0.5893481 0.05947521
v -1.061969 -0.8468918 0.05947521
v -0.8468916 -1.061969 0.05947521
v -0.589348 -1.223794 0.05947521
v -0.3022521 -1.324253 0.05947521
v 5.937356e-8 -1.358309 0.05947521
v -1.18863 0 0.03542274
v -1.158828 -0.264495 0.03542274
v -1.070918 -0.515727 0.03542274
v -0.9293081 -0.7410985 0.03542274
v -0.7410984 -0.9293082 0.03542274
v -0.5157269 -1.070918 0.03542274
v -0.2644949 -1.158828 0.03542274
v 5.195665e-8 -1.18863 0.03542274
v -0.9205539 0 0.01661807
v -0.8974736 -0.2048425 0.01661807
v -0.8293904 -0.3994133 0.01661807
v -0.7197179 -0.573956 0.01661807
v -0.5739559 -0.719718 0.01661807
v -0.3994133 -0.8293905 0.01661807
v -0.2048424 -0.8974736 0.01661807
v 4.023869e-8 -0.9205539 0.01661807
v -0.5317784 0 0.004373177
v -0.5184456 -0.1183318 0.004373177
v -0.4791158 -0.23073 0.004373177
v -0.415761 -0.3315584 0.004373177
v -0.3315583 -0.4157611 0.004373177
v -0.23073 -0.4791158 0.004373177
v -0.1183318 -0.5184456 0.004373177
v 2.324477e-8 -0.5317784 0.004373177
v 0 0 0
v 0.3319325 -1.454291 0.1180758
v 0.6472205 -1.343967 0.1180758
v 0.9300542 -1.166251 0.1180758
v 1.166251 -0.9300541 0.1180758
v 1.343967 -0.6472203 0.1180758
v 1.454291 -0.3319324 0.1180758
v 1.491691 6.520388e-8 0.1180758
v 0.3230771 -1.415493 0.08746356
v 0.6299537 -1.308112 0.08746356
v 0.9052418 -1.135137 0.08746356
v 1.135137 -0.9052417 0.08746356
v 1.308112 -0.6299535 0.08746356
v 1.415493 -0.323077 0.08746356
v 1.451895 6.346436e-8 0.08746356
v 0.3022522 -1.324253 0.05947521
v 0.5893481 -1.223794 0.05947521
v 0.8468918 -1.061969 0.05947521
v 1.061969 -0.8468916 0.05947521
v 1.223794 -0.589348 0.05947521
v 1.324253 -0.3022521 0.05947521
v 1.358309 5.937356e-8 0.05947521
v 0.264495 -1.158828 0.03542274
v 0.515727 -1.070918 0.03542274
v 0.7410985 -0.9293081 0.03542274
v 0.9293082 -0.7410984 0.03542274
v 1.070918 -0.5157269 0.03542274
v 1.158828 -0.2644949 0.03542274
v 1.18863 5.195665e-8 0.03542274
v 0.2048425 -0.8974736 0.01661807
v 0.3994133 -0.8293904 0.01661807
v 0.573956 -0.7197179 0.01661807
v 0.719718 -0.5739559 0.01661807
v 0.8293905 -0.3994133 0.01661807
v 0.8974736 -0.2048424 0.01661807
v 0.9205539 4.023869e-8 0.01661807
v 0.1183318 -0.5184456 0.004373177
v 0.23073 -0.4791158 0.004373177
v 0.3315584 -0.415761 0.004373177
v 0.4157611 -0.3315583 0.004373177
v 0.4791158 -0.23073 0.004373177
v 0.5184456 -0.1183318 0.004373177
v 0.5317784 2.324477e-8 0.004373177
v 0 1.491691 0.1180758
v 0.3319325 1.454291 0.1180758
v 0.6472205 1.343967 0.1180758
v 0.9300542 1.166251 0.1180758
v 1.166251 0.9300541 0.1180758
v 1.343967 0.6472203 0.1180758
v 1.454291 0.3319324 0.1180758
v 0 1.451895 0.08746356
v 0.3230771 1.415493 0.08746356
v 0.6299537 1.308112 0.08746356
v 0.9052418 1.135137 0.08746356
v 1.135137 0.9052417 0.08746356
v 1.308112 0.6299535 0.08746356
v 1.415493 0.323077 0.08746356
v 0 1.358309 0.05947521
v 0.3022522 1.324253 0.05947521
v 0.5893481 1.223794 0.05947521
v 0.8468918 1.061969 0.05947521
v 1.061969 0.8468916 0.05947521
v 1.223794 0.589348 0.05947521
v 1.324253 0.3022521 0.05947521
v 0 1.18863 0.03542274
v 0.264495 1.158828 0.03542274
v 0.515727 1.070918 0.03542274
v 0.7410985 0.9293081 0.03542274
v 0.9293082 0.7410984 0.03542274
v 1.070918 0.5157269 0.03542274
v 1.158828 0.2644949 0.03542274
v 0 0.9205539 0.01661807
v 0.2048425 0.8974736 0.01661807
v 0.3994133 0.8293904 0.01661807
v 0.573956 0.7197179 0.01661807
v 0.719718 0.5739559 0.01661807
v 0.8293905 0.3994133 0.01661807
v 0.8974736 0.2048424 0.01661807
v 0 0.5317784 0.004373177
v 0.1183318 0.5184456 0.004373177
v 0.23073 0.4791158 0.004373177
v 0.3315584 0.415761 0.004373177
v 0.4157611 0.3315583 0.004373177
v 0.4791158 0.23073 0.004373177
v 0.5184456 0.1183318 0.004373177
v -1.454291 0.3319325 0.1180758
v -1.343967 0.6472205 0.1180758
v -1.166251 0.9300542 0.1180758
v -0.9300541 1.166251 0.1180758
v -0.6472203 1.343967 0.1180758
v -0.3319324 1.454291 0.1180758
v -1.415493 0.3230771 0.08746356
v -1.308112 0.6299537 0.08746356
v -1.135137 0.9052418 0.08746356
v -0.9052417 1.135137 0.08746356
v -0.6299535 1.308112 0.08746356
v -0.323077 1.415493 0.08746356
v -1.324253 0.3022522 0.05947521
v -1.223794 0.5893481 0.05947521
v -1.061969 0.8468918 0.05947521
v -0.8468916 1.061969 0.05947521
v -0.589348 1.223794 0.05947521
v -0.3022521 1.324253 0.05947521
v -1.158828 0.264495 0.03542274
v -1.070918 0.515727 0.03542274
v -0.9293081 0.7410985 0.03542274
v -0.7410984 0.9293082 0.03542274
v -0.5157269 1.070918 0.03542274
v -0.2644949 1.158828 0.03542274
v -0.8974736 0.2048425 0.01661807
v -0.8293904 0.3994133 0.01661807
v -0.7197179 0.573956 0.01661807
v -0.5739559 0.719718 0.01661807
v -0.3994133 0.8293905 0.01661807
v -0.2048424 0.8974736 0.01661807
v -0.5184456 0.1183318 0.004373177
v -0.4791158 0.23073 0.004373177
v -0.415761 0.3315584 0.004373177
v -0.3315583 0.4157611 0.004373177
v -0.23073 0.4791158 0.004373177
v -0.1183318 0.5184456 0.004373177
v 2.044699 0 1.342296
v 2.050805 -0.1406638 1.316109
v 2.066531 -0.2344299 1.248576
v 2.088 -0.2813003 1.156243
v 2.111365 -0.2812847 1.055652
v 2.132794 -0.234393 0.9633362
v 2.148461 -0.1406314 0.895826
v 2.154534 0 0.8696492
v 2.260872 0 1.463074
v 2.270293 -0.1286663 1.442191
v 2.294475 -0.2143892 1.388347
v 2.327355 -0.2571808 1.314766
v 2.363029 -0.2570936 1.234655
v 2.395687 -0.214184 1.161173
v 2.419539 -0.1284859 1.107453
v 2.428782 0 1.086627
v 2.387801 0 1.631327
v 2.398856 -0.1123046 1.616166
v 2.427117 -0.1870563 1.577094
v 2.46536 -0.2242813 1.523759
v 2.506702 -0.224093 1.465777
v 2.544466 -0.186613 1.412657
v 2.572014 -0.111915 1.373854
v 2.582684 0 1.358815
v 2.466056 0 1.827558
v 2.478081 -0.09387279 1.817953
v 2.508764 -0.1562973 1.793216
v 2.550184 -0.1873083 1.759513
v 2.594879 -0.1870573 1.722964
v 2.63566 -0.1557062 1.689548
v 2.665391 -0.09335328 1.665169
v 2.676904 0 1.655727
v 2.535883 0 2.032513
v 2.549258 -0.07579818 2.027705
v 2.583465 -0.1261937 2.015338
v 2.629776 -0.1512168 1.998534
v 2.679856 -0.1509989 1.980374
v 2.725611 -0.1256806 1.963817
v 2.758993 -0.07534723 1.951761
v 2.771923 0 1.947096
v 2.635602 0 2.22838
v 2.651881 -0.0613091 2.226997
v 2.69374 -0.1021228 2.223444
v 2.750777 -0.1224542 2.21863
v 2.812758 -0.1223601 2.21345
v 2.869555 -0.1019012 2.208745
v 2.911057 -0.06111429 2.205326
v 2.927145 0 2.204004
v 2.8 0 2.4
v 3.2 0 2.4
v 1.906512 0 1.320339
v 1.894973 -0.1427985 1.289877
v 1.906963 -0.237921 1.218059
v 1.9093 -0.2421719 1.20943
v 1.924238 -0.2853684 1.120278
v 1.933536 -0.2852737 1.078083
v 1.935588 -0.2854099 1.012202
v 1.940671 -0.2536702 0.9453374
v 1.933004 -0.2381119 0.9094117
v 1.921071 -0.1430845 0.8309841
v 1.927173 -0.06843692 0.8175125
v 1.930622 0 0.8045377
v 1.825832 3.746989e-8 1.321653
v 1.782519 7.791637e-8 1.38913
v 1.818125 -0.1480872 1.290497
v 1.777232 -0.1834082 1.344106
v 1.836052 -0.2492563 1.212774
v 1.799799 -0.3036835 1.238357
v 1.838954 -0.2537777 1.203524
v 1.80318 -0.3086948 1.226805
v 1.858559 -0.3000555 1.109669
v 1.828089 -0.3588479 1.11157
v 1.870049 -0.3007986 1.065423
v 1.841996 -0.3586252 1.059226
v 1.875387 -0.3026243 0.9982452
v 1.85058 -0.3584391 0.9817402
v 1.885087 -0.2716344 0.9281778
v 1.863835 -0.3209774 0.9
v 1.879919 -0.2567153 0.8914813
v 1.859793 -0.3027462 0.8589612
v 1.876286 -0.1565517 0.806101
v 1.858741 -0.1825733 0.7607084
v 1.884236 -0.07501478 0.7901695
v 1.8667 -0.08717628 0.7419288
v 1.886331 0 0.7748857
v 1.867362 0 0.7233657
v 2.050805 0.1406638 1.316109
v 2.066531 0.2344299 1.248576
v 2.088 0.2813003 1.156243
v 2.111365 0.2812847 1.055652
v 2.132794 0.234393 0.9633362
v 2.148461 0.1406314 0.895826
v 2.270293 0.1286663 1.442191
v 2.294475 0.2143892 1.388347
v 2.327355 0.2571808 1.314766
v 2.363029 0.2570936 1.234655
v 2.395687 0.214184 1.161173
v 2.419539 0.1284859 1.107453
v 2.398856 0.1123046 1.616166
v 2.427117 0.1870563 1.577094
v 2.46536 0.2242813 1.523759
v 2.506702 0.224093 1.465777
v 2.544466 0.186613 1.412657
v 2.572014 0.111915 1.373854
v 2.478081 0.09387279 1.817953
v 2.508764 0.1562973 1.793216
v 2.550184 0.1873083 1.759513
v 2.594879 0.1870573 1.722964
v 2.63566 0.1557062 1.689548
v 2.665391 0.09335328 1.665169
v 2.549258 0.07579818 2.027705
v 2.583465 0.1261937 2.015338
v 2.629776 0.1512168 1.998534
v 2.679856 0.1509989 1.980374
v 2.725611 0.1256806 1.963817
v 2.758993 0.07534723 1.951761
v 2.651881 0.0613091 2.226997
v 2.69374 0.1021228 2.223444
v 2.750777 0.1224542 2.21863
v 2.812758 0.1223601 2.21345
v 2.869555 0.1019012 2.208745
v 2.911057 0.06111429 2.205326
v 2.822158 0.05510205 2.4
v 2.8793 0.09183676 2.4
v 2.957434 0.1102041 2.4
v 3.042565 0.1102041 2.4
v 3.1207 0.09183674 2.4
v 3.177843 0.05510204 2.4
v 1.894973 0.1427985 1.289877
v 1.906963 0.237921 1.218059
v 1.9093 0.2421719 1.20943
v 1.924238 0.2853684 1.120278
v 1.933536 0.2852737 1.078083
v 1.935588 0.2854099 1.012202
v 1.940671 0.2536702 0.9453374
v 1.933004 0.2381119 0.9094117
v 1.921071 0.1430845 0.8309841
v 1.927173 0.06843692 0.8175125
v 1.818125 0.1480872 1.290497
v 1.777232 0.1834082 1.344106
v 1.836052 0.2492563 1.212774
v 1.799799 0.3036835 1.238357
v 1.838954 0.2537777 1.203524
v 1.80318 0.3086948 1.226805
v 1.858559 0.3000555 1.109669
v 1.828089 0.3588479 1.11157
v 1.870049 0.3007986 1.065423
v 1.841996 0.3586252 1.059226
v 1.875387 0.3026243 0.9982452
v 1.85058 0.3584391 0.9817402
v 1.885087 0.2716344 0.9281778
v 1.863835 0.3209774 0.9
v 1.879919 0.2567153 0.8914813
v 1.859793 0.3027462 0.8589612
v 1.876286 0.1565517 0.806101
v 1.858741 0.1825733 0.7607084
v 1.884236 0.07501478 0.7901695
v 1.8667 0.08717628 0.7419288
v 0 0 0.18
v -0.3077745 0 0.1803744
v -0.3000579 -0.06848627 0.1803744
v -0.2772952 -0.1335384 0.1803744
v -0.2406278 -0.1918943 0.1803744
v -0.1918942 -0.2406278 0.1803744
v -0.1335383 -0.2772953 0.1803744
v -0.06848624 -0.3000579 0.1803744
v 1.345325e-8 -0.3077745 0.1803744
v -0.5522294 0 0.1824006
v -0.5383838 -0.1228826 0.1824006
v -0.4975415 -0.2396033 0.1824006
v -0.4317503 -0.3443094 0.1824006
v -0.3443093 -0.4317504 0.1824006
v -0.2396033 -0.4975415 0.1824006
v -0.1228826 -0.5383839 0.1824006
v 2.413871e-8 -0.5522294 0.1824006
v -0.7440222 0 0.1864604
v -0.725368 -0.1655605 0.1864604
v -0.6703408 -0.3228191 0.1864604
v -0.5817 -0.4638903 0.1864604
v -0.4638901 -0.5817 0.1864604
v -0.3228191 -0.6703409 0.1864604
v -0.1655604 -0.725368 0.1864604
v 3.252224e-8 -0.7440222 0.1864604
v -0.8940705 0 0.1922874
v -0.8716543 -0.1989494 0.1922874
v -0.8055297 -0.3879227 0.1922874
v -0.6990125 -0.5574439 0.1922874
v -0.5574438 -0.6990126 0.1922874
v -0.3879226 -0.8055297 0.1922874
v -0.1989494 -0.8716544 0.1922874
v 3.908107e-8 -0.8940705 0.1922874
v -1.013226 0 0.199777
v -0.9878227 -0.2254641 0.1997769
v -0.9128854 -0.4396224 0.1997769
v -0.7921722 -0.6317363 0.199777
v -0.6317362 -0.7921723 0.199777
v -0.4396223 -0.9128854 0.199777
v -0.225464 -0.9878227 0.1997769
v 4.428954e-8 -1.013226 0.199777
v -1.111953 0 0.2097973
v -1.084074 -0.2474328 0.2097973
v -1.001835 -0.4824583 0.2097973
v -0.8693599 -0.6932913 0.2097973
v -0.6932912 -0.8693599 0.2097973
v -0.4824582 -1.001835 0.2097973
v -0.2474327 -1.084074 0.2097973
v 4.860501e-8 -1.111953 0.2097973
v -1.2 0 0.225
v -1.169914 -0.2670251 0.225
v -1.081163 -0.5206605 0.225
v -0.9381978 -0.7481878 0.225
v -0.7481877 -0.9381979 0.225
v -0.5206604 -1.081163 0.225
v -0.2670251 -1.169914 0.225
v 5.245367e-8 -1.2 0.225
v 0.06848627 -0.3000579 0.1803744
v 0.1335384 -0.2772952 0.1803744
v 0.1918943 -0.2406278 0.1803744
v 0.2406278 -0.1918942 0.1803744
v 0.2772953 -0.1335383 0.1803744
v 0.3000579 -0.06848624 0.1803744
v 0.3077745 1.345325e-8 0.1803744
v 0.1228826 -0.5383838 0.1824006
v 0.2396033 -0.4975415 0.1824006
v 0.3443094 -0.4317503 0.1824006
v 0.4317504 -0.3443093 0.1824006
v 0.4975415 -0.2396033 0.1824006
v 0.5383839 -0.1228826 0.1824006
v 0.5522294 2.413871e-8 0.1824006
v 0.1655605 -0.725368 0.1864604
v 0.3228191 -0.6703408 0.1864604
v 0.4638903 -0.5817 0.1864604
v 0.5817 -0.4638901 0.1864604
v 0.6703409 -0.3228191 0.1864604
v 0.725368 -0.1655604 0.1864604
v 0.7440222 3.252224e-8 0.1864604
v 0.1989494 -0.8716543 0.1922874
v 0.3879227 -0.8055297 0.1922874
v 0.5574439 -0.6990125 0.1922874
v 0.6990126 -0.5574438 0.1922874
v 0.8055297 -0.3879226 0.1922874
v 0.8716544 -0.1989494 0.1922874
v 0.8940705 3.908107e-8 0.1922874
v 0.2254641 -0.9878227 0.1997769
v 0.4396224 -0.9128854 0.1997769
v 0.6317363 -0.7921722 0.199777
v 0.7921723 -0.6317362 0.199777
v 0.9128854 -0.4396223 0.199777
v 0.9878227 -0.225464 0.1997769
v 1.013226 4.428954e-8 0.199777
v 0.2474328 -1.084074 0.2097973
v 0.4824583 -1.001835 0.2097973
v 0.6932913 -0.8693599 0.2097973
v 0.8693599 -0.6932912 0.2097973
v 1.001835 -0.4824582 0.2097973
v 1.084074 -0.2474327 0.2097973
v 1.111953 4.860501e-8 0.2097973
v 0.2670251 -1.169914 0.225
v 0.5206605 -1.081163 0.225
v 0.7481878 -0.9381978 0.225
v 0.9381979 -0.7481877 0.225
v 1.081163 -0.5206604 0.225
v 1.169914 -0.2670251 0.225
v 1.2 5.245367e-8 0.225
v 0 0.3077745 0.1803744
v 0.06848627 0.3000579 0.1803744
v 0.1335384 0.2772952 0.1803744
v 0.1918943 0.2406278 0.1803744
v 0.2406278 0.1918942 0.1803744
v 0.2772953 0.1335383 0.1803744
v 0.3000579 0.06848624 0.1803744
v 0 0.5522294 0.1824006
v 0.1228826 0.5383838 0.1824006
v 0.2396033 0.4975415 0.1824006
v 0.3443094 0.4317503 0.1824006
v 0.4317504 0.3443093 0.1824006
v 0.4975415 0.2396033 0.1824006
v 0.5383839 0.1228826 0.1824006
v 0 0.7440222 0.1864604
v 0.1655605 0.725368 0.1864604
v 0.3228191 0.6703408 0.1864604
v 0.4638903 0.5817 0.1864604
v 0.5817 0.4638901 0.1864604
v 0.6703409 0.3228191 0.1864604
v 0.725368 0.1655604 0.1864604
v 0 0.8940705 0.1922874
v 0.1989494 0.8716543 0.1922874
v 0.3879227 0.8055297 0.1922874
v 0.5574439 0.6990125 0.1922874
v 0.6990126 0.5574438 0.1922874
v 0.8055297 0.3879226 0.1922874
v 0.8716544 0.1989494 0.1922874
v 0 1.013226 0.199777
v 0.2254641 0.9878227 0.1997769
v 0.4396224 0.9128854 0.1997769
v 0.6317363 0.7921722 0.199777
v 0.7921723 0.6317362 0.199777
v 0.9128854 0.4396223 0.199777
v 0.9878227 0.225464 0.1997769
v 0 1.111953 0.2097973
v 0.2474328 1.084074 0.2097973
v 0.4824583 1.001835 0.2097973
v 0.6932913 0.8693599 0.2097973
v 0.8693599 0.6932912 0.2097973
v 1.001835 0.4824582 0.2097973
v 1.084074 0.2474327 0.2097973
v 0 1.2 0.225
v 0.2670251 1.169914 0.225
v 0.5206605 1.081163 0.225
v 0.7481878 0.9381978 0.225
v 0.9381979 0.7481877 0.225
v 1.081163 0.5206604 0.225
v 1.169914 0.2670251 0.225
v -0.3000579 0.06848627 0.1803744
v -0.2772952 0.1335384 0.1803744
v -0.2406278 0.1918943 0.1803744
v -0.1918942 0.2406278 0.1803744
v -0.1335383 0.2772953 0.1803744
v -0.06848624 0.3000579 0.1803744
v -0.5383838 0.1228826 0.1824006
v -0.4975415 0.2396033 0.1824006
v -0.4317503 0.3443094 0.1824006
v -0.3443093 0.4317504 0.1824006
v -0.2396033 0.4975415 0.1824006
v -0.1228826 0.5383839 0.1824006
v -0.725368 0.1655605 0.1864604
v -0.6703408 0.3228191 0.1864604
v -0.5817 0.4638903 0.1864604
v -0.4638901 0.5817 0.1864604
v -0.3228191 0.6703409 0.1864604
v -0.1655604 0.725368 0.1864604
v -0.8716543 0.1989494 0.1922874
v -0.8055297 0.3879227 0.1922874
v -0.6990125 0.5574439 0.1922874
v -0.5574438 0.6990126 0.1922874
v -0.3879226 0.8055297 0.1922874
v -0.1989494 0.8716544 0.1922874
v -0.9878227 0.2254641 0.1997769
v -0.9128854 0.4396224 0.1997769
v -0.7921722 0.6317363 0.199777
v -0.6317362 0.7921723 0.199777
v -0.4396223 0.9128854 0.199777
v -0.225464 0.9878227 0.1997769
v -1.084074 0.2474328 0.2097973
v -1.001835 0.4824583 0.2097973
v -0.8693599 0.6932913 0.2097973
v -0.6932912 0.8693599 0.2097973
v -0.4824582 1.001835 0.2097973
v -0.2474327 1.084074 0.2097973
v -1.169914 0.2670251 0.225
v -1.081163 0.5206605 0.225
v -0.9381978 0.7481878 0.225
v -0.7481877 0.9381979 0.225
v -0.5206604 1.081163 0.225
v -0.2670251 1.169914 0.225
v -1.303117 0 0.2546343
v -1.270445 -0.2899709 0.2546343
v -1.174068 -0.5654015 0.2546343
v -1.018818 -0.8124805 0.2546343
v -0.8124803 -1.018818 0.2546343
v -0.5654013 -1.174068 0.2546343
v -0.2899708 -1.270445 0.2546343
v 5.696107e-8 -1.303117 0.2546343
v -1.431947 0 0.3068995
v -1.396045 -0.3186383 0.3068995
v -1.29014 -0.6212987 0.3068995
v -1.119541 -0.8928047 0.3068995
v -0.8928046 -1.119542 0.3068995
v -0.6212984 -1.29014 0.3068995
v -0.3186381 -1.396045 0.3068995
v 6.259241e-8 -1.431947 0.3068995
v -1.570442 0 0.3828729
v -1.531068 -0.3494563 0.3828729
v -1.414919 -0.6813895 0.3828729
v -1.227821 -0.9791549 0.3828729
v -0.9791548 -1.227821 0.3828729
v -0.6813892 -1.41492 0.3828729
v -0.3494562 -1.531068 0.3828729
v 6.864622e-8 -1.570442 0.3828729
v -1.701179 0 0.4818487
v -1.658527 -0.3785479 0.4818487
v -1.532709 -0.7381139 0.4818487
v -1.330035 -1.060668 0.4818487
v -1.060668 -1.330035 0.4818487
v -0.7381136 -1.532709 0.4818487
v -0.3785478 -1.658527 0.4818487
v 7.436088e-8 -1.701179 0.4818487
v -1.807643 0 0.6021476
v -1.762321 -0.4022384 0.6021476
v -1.62863 -0.7843068 0.6021476
v -1.413272 -1.127047 0.6021476
v -1.127047 -1.413272 0.6021476
v -0.7843065 -1.62863 0.6021476
v -0.4022382 -1.762321 0.6021476
v 7.901457e-8 -1.807643 0.6021476
v -1.876523 0 0.7419288
v -1.829474 -0.4175656 0.7419288
v -1.690689 -0.8141928 0.7419288
v -1.467125 -1.169993 0.7419288
v -1.169993 -1.467125 0.7419288
v -0.8141926 -1.690689 0.7419288
v -0.4175655 -1.829474 0.7419288
v 8.202542e-8 -1.876523 0.7419288
v -1.9 0 0.9
v -1.852363 -0.4227898 0.9
v -1.711841 -0.8243791 0.9
v -1.48548 -1.184631 0.9
v -1.184631 -1.48548 0.9
v -0.8243789 -1.711841 0.9
v -0.4227896 -1.852363 0.9
v 8.305164e-8 -1.9 0.9
v 0.2899709 -1.270445 0.2546343
v 0.5654015 -1.174068 0.2546343
v 0.8124805 -1.018818 0.2546343
v 1.018818 -0.8124803 0.2546343
v 1.174068 -0.5654013 0.2546343
v 1.270445 -0.2899708 0.2546343
v 1.303117 5.696107e-8 0.2546343
v 0.3186383 -1.396045 0.3068995
v 0.6212987 -1.29014 0.3068995
v 0.8928047 -1.119541 0.3068995
v 1.119542 -0.8928046 0.3068995
v 1.29014 -0.6212984 0.3068995
v 1.396045 -0.3186381 0.3068995
v 1.431947 6.259241e-8 0.3068995
v 0.3494563 -1.531068 0.3828729
v 0.6813895 -1.414919 0.3828729
v 0.9791549 -1.227821 0.3828729
v 1.227821 -0.9791548 0.3828729
v 1.41492 -0.6813892 0.3828729
v 1.531068 -0.3494562 0.3828729
v 1.570442 6.864622e-8 0.3828729
v 0.3785479 -1.658527 0.4818487
v 0.7381139 -1.532709 0.4818487
v 1.060668 -1.330035 0.4818487
v 1.330035 -1.060668 0.4818487
v 1.532709 -0.7381136 0.4818487
v 1.658527 -0.3785478 0.4818487
v 1.701179 7.436088e-8 0.4818487
v 0.4022384 -1.762321 0.6021476
v 0.7843068 -1.62863 0.6021476
v 1.127047 -1.413272 0.6021476
v 1.413272 -1.127047 0.6021476
v 1.62863 -0.7843065 0.6021476
v 1.762321 -0.4022382 0.6021476
v 1.807643 7.901457e-8 0.6021476
v 0.4175656 -1.829474 0.7419288
v 0.8141928 -1.690689 0.7419288
v 1.169993 -1.467125 0.7419288
v 1.467125 -1.169993 0.7419288
v 1.690689 -0.8141926 0.7419288
v 1.829474 -0.4175655 0.7419288
v 0.4227898 -1.852363 0.9
v 0.8243791 -1.711841 0.9
v 1.184631 -1.48548 0.9
v 1.48548 -1.184631 0.9
v 1.711841 -0.8243789 0.9
v 1.852363 -0.4227896 0.9
v 0 1.303117 0.2546343
v 0.2899709 1.270445 0.2546343
v 0.5654015 1.174068 0.2546343
v 0.8124805 1.018818 0.2546343
v 1.018818 0.8124803 0.2546343
v 1.174068 0.5654013 0.2546343
v 1.270445 0.2899708 0.2546343
v 0 1.431947 0.3068995
v 0.3186383 1.396045 0.3068995
v 0.6212987 1.29014 0.3068995
v 0.8928047 1.119541 0.3068995
v 1.119542 0.8928046 0.3068995
v 1.29014 0.6212984 0.3068995
v 1.396045 0.3186381 0.3068995
v 0 1.570442 0.3828729
v 0.3494563 1.531068 0.3828729
v 0.6813895 1.414919 0.3828729
v 0.9791549 1.227821 0.3828729
v 1.227821 0.9791548 0.3828729
v 1.41492 0.6813892 0.3828729
v 1.531068 0.3494562 0.3828729
v 0 1.701179 0.4818487
v 0.3785479 1.658527 0.4818487
v 0.7381139 1.532709 0.4818487
v 1.060668 1.330035 0.4818487
v 1.330035 1.060668 0.4818487
v 1.532709 0.7381136 0.4818487
v 1.658527 0.3785478 0.4818487
v 0 1.807643 0.6021476
v 0.4022384 1.762321 0.6021476
v 0.7843068 1.62863 0.6021476
v 1.127047 1.413272 0.6021476
v 1.413272 1.127047 0.6021476
v 1.62863 0.7843065 0.6021476
v 1.762321 0.4022382 0.6021476
v 0 1.876523 0.7419288
v 0.4175656 1.829474 0.7419288
v 0.8141928 1.690689 0.7419288
v 1.169993 1.467125 0.7419288
v 1.467125 1.169993 0.7419288
v 1.690689 0.8141926 0.7419288
v 1.829474 0.4175655 0.7419288
v 0 1.9 0.9
v 0.4227898 1.852363 0.9
v 0.8243791 1.711841 0.9
v 1.184631 1.48548 0.9
v 1.48548 1.184631 0.9
v 1.711841 0.8243789 0.9
v 1.852363 0.4227896 0.9
v -1.270445 0.2899709 0.2546343
v -1.174068 0.5654015 0.2546343
v -1.018818 0.8124805 0.2546343
v -0.8124803 1.018818 0.2546343
v -0.5654013 1.174068 0.2546343
v -0.2899708 1.270445 0.2546343
v -1.396045 0.3186383 0.3068995
v -1.29014 0.6212987 0.3068995
v -1.119541 0.8928047 0.3068995
v -0.8928046 1.119542 0.3068995
v -0.6212984 1.29014 0.3068995
v -0.3186381 1.396045 0.3068995
v -1.531068 0.3494563 0.3828729
v -1.414919 0.6813895 0.3828729
v -1.227821 0.9791549 0.3828729
v -0.9791548 1.227821 0.3828729
v -0.6813892 1.41492 0.3828729
v -0.3494562 1.531068 0.3828729
v -1.658527 0.3785479 0.4818487
v -1.532709 0.7381139 0.4818487
v -1.330035 1.060668 0.4818487
v -1.060668 1.330035 0.4818487
v -0.7381136 1.532709 0.4818487
v -0.3785478 1.658527 0.4818487
v -1.762321 0.4022384 0.6021476
v -1.62863 0.7843068 0.6021476
v -1.413272 1.127047 0.6021476
v -1.127047 1.413272 0.6021476
v -0.7843065 1.62863 0.6021476
v -0.4022382 1.762321 0.6021476
v -1.829474 0.4175656 0.7419288
v -1.690689 0.8141928 0.7419288
v -1.467125 1.169993 0.7419288
v -1.169993 1.467125 0.7419288
v -0.8141926 1.690689 0.7419288
v -0.4175655 1.829474 0.7419288
v -1.852363 0.4227898 0.9
v -1.711841 0.8243791 0.9
v -1.48548 1.184631 0.9
v -1.184631 1.48548 0.9
v -0.8243789 1.711841 0.9
v -0.4227896 1.852363 0.9
v -1.882403 0 1.059226
v -1.835207 -0.4188741 1.059226
v -1.695987 -0.816744 1.059226
v -1.471722 -1.173659 1.059226
v -1.173659 -1.471722 1.059226
v -0.816744 -1.695987 1.059226
v -0.418874 -1.835207 1.059226
v 8.228245e-8 -1.882403 1.059226
v -1.837961 0 1.226805
v -1.79188 -0.4089848 1.226805
v -1.655946 -0.7974615 1.226805
v -1.436976 -1.14595 1.226805
v -1.14595 -1.436976 1.226805
v -0.7974613 -1.655946 1.226805
v -0.4089847 -1.79188 1.226805
v 8.033982e-8 -1.837961 1.226805
v -1.778234 0 1.401675
v -1.73365 -0.3956943 1.401675
v -1.602133 -0.7715467 1.401675
v -1.390279 -1.108711 1.401675
v -1.108711 -1.390279 1.401675
v -0.7715464 -1.602134 1.401675
v -0.3956941 -1.73365 1.401675
v 7.772908e-8 -1.778234 1.401675
v -1.712312 0 1.583594
v -1.669381 -0.3810253 1.583594
v -1.54274 -0.7429444 1.583594
v -1.33874 -1.067609 1.583594
v -1.067609 -1.338739 1.583594
v -0.742944 -1.54274 1.583594
v -0.3810251 -1.669381 1.583594
v 7.484753e-8 -1.712312 1.583594
v -1.645327 0 1.772115
v -1.604075 -0.3661197 1.772114
v -1.482388 -0.7138804 1.772114
v -1.286368 -1.025845 1.772115
v -1.025844 -1.286368 1.772115
v -0.7138802 -1.482388 1.772114
v -0.3661195 -1.604075 1.772114
v 7.191951e-8 -1.645327 1.772115
v -1.576968 0 1.965561
v -1.537431 -0.3509085 1.96556
v -1.420799 -0.6842209 1.96556
v -1.232923 -0.9832238 1.965561
v -0.9832235 -1.232924 1.965561
v -0.6842207 -1.420799 1.96556
v -0.3509084 -1.537431 1.96556
v 6.893147e-8 -1.576968 1.965561
v -1.5 0 2.16
v -1.462392 -0.3337814 2.16
v -1.351453 -0.6508256 2.16
v -1.172747 -0.9352348 2.16
v -0.9352346 -1.172747 2.16
v -0.6508254 -1.351453 2.16
v -0.3337813 -1.462392 2.16
v 6.556708e-8 -1.5 2.16
v 0.4188741 -1.835207 1.059226
v 0.816744 -1.695987 1.059226
v 1.173659 -1.471722 1.059226
v 1.471722 -1.173659 1.059226
v 1.695987 -0.816744 1.059226
v 1.835207 -0.418874 1.059226
v 0.4089848 -1.79188 1.226805
v 0.7974615 -1.655946 1.226805
v 1.14595 -1.436976 1.226805
v 1.436976 -1.14595 1.226805
v 1.655946 -0.7974613 1.226805
v 1.79188 -0.4089847 1.226805
v 0.3956943 -1.73365 1.401675
v 0.7715467 -1.602133 1.401675
v 1.108711 -1.390279 1.401675
v 1.390279 -1.108711 1.401675
v 1.602134 -0.7715464 1.401675
v 1.73365 -0.3956941 1.401675
v 1.778234 7.772908e-8 1.401675
v 0.3810253 -1.669381 1.583594
v 0.7429444 -1.54274 1.583594
v 1.067609 -1.33874 1.583594
v 1.338739 -1.067609 1.583594
v 1.54274 -0.742944 1.583594
v 1.669381 -0.3810251 1.583594
v 1.712312 7.484753e-8 1.583594
v 0.3661197 -1.604075 1.772114
v 0.7138804 -1.482388 1.772114
v 1.025845 -1.286368 1.772115
v 1.286368 -1.025844 1.772115
v 1.482388 -0.7138802 1.772114
v 1.604075 -0.3661195 1.772114
v 1.645327 7.191951e-8 1.772115
v 0.3509085 -1.537431 1.96556
v 0.6842209 -1.420799 1.96556
v 0.9832238 -1.232923 1.965561
v 1.232924 -0.9832235 1.965561
v 1.420799 -0.6842207 1.96556
v 1.537431 -0.3509084 1.96556
v 1.576968 6.893147e-8 1.965561
v 0.3337814 -1.462392 2.16
v 0.6508256 -1.351453 2.16
v 0.9352348 -1.172747 2.16
v 1.172747 -0.9352346 2.16
v 1.351453 -0.6508254 2.16
v 1.462392 -0.3337813 2.16
v 1.5 6.556708e-8 2.16
v 0 1.882403 1.059226
v 0.4188741 1.835207 1.059226
v 0.816744 1.695987 1.059226
v 1.173659 1.471722 1.059226
v 1.471722 1.173659 1.059226
v 1.695987 0.816744 1.059226
v 1.835207 0.418874 1.059226
v 0 1.837961 1.226805
v 0.4089848 1.79188 1.226805
v 0.7974615 1.655946 1.226805
v 1.14595 1.436976 1.226805
v 1.436976 1.14595 1.226805
v 1.655946 0.7974613 1.226805
v 1.79188 0.4089847 1.226805
v 0 1.778234 1.401675
v 0.3956943 1.73365 1.401675
v 0.7715467 1.602133 1.401675
v 1.108711 1.390279 1.401675
v 1.390279 1.108711 1.401675
v 1.602134 0.7715464 1.401675
v 1.73365 0.3956941 1.401675
v 0 1.712312 1.583594
v 0.3810253 1.669381 1.583594
v 0.7429444 1.54274 1.583594
v 1.067609 1.33874 1.583594
v 1.338739 1.067609 1.583594
v 1.54274 0.742944 1.583594
v 1.669381 0.3810251 1.583594
v 0 1.645327 1.772115
v 0.3661197 1.604075 1.772114
v 0.7138804 1.482388 1.772114
v 1.025845 1.286368 1.772115
v 1.286368 1.025844 1.772115
v 1.482388 0.7138802 1.772114
v 1.604075 0.3661195 1.772114
v 0 1.576968 1.965561
v 0.3509085 1.537431 1.96556
v 0.6842209 1.420799 1.96556
v 0.9832238 1.232923 1.965561
v 1.232924 0.9832235 1.965561
v 1.420799 0.6842207 1.96556
v 1.537431 0.3509084 1.96556
v 0 1.5 2.16
v 0.3337814 1.462392 2.16
v 0.6508256 1.351453 2.16
v 0.9352348 1.172747 2.16
v 1.172747 0.9352346 2.16
v 1.351453 0.6508254 2.16
v 1.462392 0.3337813 2.16
v -1.835207 0.4188741 1.059226
v -1.695987 0.816744 1.059226
v -1.471722 1.173659 1.059226
v -1.173659 1.471722 1.059226
v -0.816744 1.695987 1.059226
v -0.418874 1.835207 1.059226
v -1.79188 0.4089848 1.226805
v -1.655946 0.7974615 1.226805
v -1.436976 1.14595 1.226805
v -1.14595 1.436976 1.226805
v -0.7974613 1.655946 1.226805
v -0.4089847 1.79188 1.226805
v -1.73365 0.3956943 1.401675
v -1.602133 0.7715467 1.401675
v -1.390279 1.108711 1.401675
v -1.108711 1.390279 1.401675
v -0.7715464 1.602134 1.401675
v -0.3956941 1.73365 1.401675
v -1.669381 0.3810253 1.583594
v -1.54274 0.7429444 1.583594
v -1.33874 1.067609 1.583594
v -1.067609 1.338739 1.583594
v -0.742944 1.54274 1.583594
v -0.3810251 1.669381 1.583594
v -1.604075 0.3661197 1.772114
v -1.482388 0.7138804 1.772114
v -1.286368 1.025845 1.772115
v -1.025844 1.286368 1.772115
v -0.7138802 1.482388 1.772114
v -0.3661195 1.604075 1.772114
v -1.537431 0.3509085 1.96556
v -1.420799 0.6842209 1.96556
v -1.232923 0.9832238 1.965561
v -0.9832235 1.232924 1.965561
v -0.6842207 1.420799 1.96556
v -0.3509084 1.537431 1.96556
v -1.462392 0.3337814 2.16
v -1.351453 0.6508256 2.16
v -1.172747 0.9352348 2.16
v -0.9352346 1.172747 2.16
v -0.6508254 1.351453 2.16
v -0.3337813 1.462392 2.16
v -1.465186 0 2.225343
v -1.428451 -0.3260345 2.225343
v -1.320087 -0.6357203 2.225343
v -1.145528 -0.9135284 2.225343
v -0.9135283 -1.145528 2.225343
v -0.6357201 -1.320087 2.225343
v -0.3260344 -1.428451 2.225343
v 6.40453e-8 -1.465186 2.225343
v -1.420478 0 2.268177
v -1.384863 -0.3160861 2.268177
v -1.279806 -0.6163223 2.268177
v -1.110574 -0.8856537 2.268177
v -0.8856534 -1.110574 2.268177
v -0.6163221 -1.279806 2.268177
v -0.316086 -1.384863 2.268177
v 6.209105e-8 -1.420478 2.268177
v -1.363388 0 2.292441
v -1.329205 -0.3033823 2.292441
v -1.22837 -0.5915518 2.292441
v -1.06594 -0.8500585 2.292441
v -0.8500584 -1.06594 2.292441
v -0.5915517 -1.22837 2.292441
v -0.3033822 -1.329205 2.292441
v 5.959557e-8 -1.363388 2.292441
v -1.301475 0 2.304331
v -1.268844 -0.2896054 2.304331
v -1.172588 -0.5646888 2.304331
v -1.017534 -0.8114563 2.304331
v -0.8114563 -1.017534 2.304331
v -0.5646887 -1.172588 2.304331
v -0.2896053 -1.268844 2.304331
v 5.688926e-8 -1.301475 2.304331
v -1.246958 0 2.311271
v -1.215694 -0.2774743 2.311271
v -1.12347 -0.5410349 2.311271
v -0.9749112 -0.7774658 2.311271
v -0.7774657 -0.9749112 2.311271
v -0.5410348 -1.12347 2.311271
v -0.2774742 -1.215694 2.311271
v 5.450627e-8 -1.246958 2.311271
v -1.211336 0 2.320891
v -1.180966 -0.2695477 2.320891
v -1.091376 -0.5255792 2.320891
v -0.9470608 -0.7552559 2.320891
v -0.7552558 -0.9470609 2.320891
v -0.525579 -1.091376 2.320891
v -0.2695476 -1.180966 2.320891
v 5.294919e-8 -1.211336 2.320891
v -1.2 0 2.34
v -1.169914 -0.2670251 2.34
v -1.081163 -0.5206605 2.34
v -0.9381978 -0.7481878 2.34
v -0.7481877 -0.9381979 2.34
v -0.5206604 -1.081163 2.34
v -0.2670251 -1.169914 2.34
v 5.245367e-8 -1.2 2.34
v 0.3260345 -1.428451 2.225343
v 0.6357203 -1.320087 2.225343
v 0.9135284 -1.145528 2.225343
v 1.145528 -0.9135283 2.225343
v 1.320087 -0.6357201 2.225343
v 1.428451 -0.3260344 2.225343
v 1.465186 6.40453e-8 2.225343
v 0.3160861 -1.384863 2.268177
v 0.6163223 -1.279806 2.268177
v 0.8856537 -1.110574 2.268177
v 1.110574 -0.8856534 2.268177
v 1.279806 -0.6163221 2.268177
v 1.384863 -0.316086 2.268177
v 1.420478 6.209105e-8 2.268177
v 0.3033823 -1.329205 2.292441
v 0.5915518 -1.22837 2.292441
v 0.8500585 -1.06594 2.292441
v 1.06594 -0.8500584 2.292441
v 1.22837 -0.5915517 2.292441
v 1.329205 -0.3033822 2.292441
v 1.363388 5.959557e-8 2.292441
v 0.2896054 -1.268844 2.304331
v 0.5646888 -1.172588 2.304331
v 0.8114563 -1.017534 2.304331
v 1.017534 -0.8114563 2.304331
v 1.172588 -0.5646887 2.304331
v 1.268844 -0.2896053 2.304331
v 1.301475 5.688926e-8 2.304331
v 0.2774743 -1.215694 2.311271
v 0.5410349 -1.12347 2.311271
v 0.7774658 -0.9749112 2.311271
v 0.9749112 -0.7774657 2.311271
v 1.12347 -0.5410348 2.311271
v 1.215694 -0.2774742 2.311271
v 1.246958 5.450627e-8 2.311271
v 0.2695477 -1.180966 2.320891
v 0.5255792 -1.091376 2.320891
v 0.7552559 -0.9470608 2.320891
v 0.9470609 -0.7552558 2.320891
v 1.091376 -0.525579 2.320891
v 1.180966 -0.2695476 2.320891
v 1.211336 5.294919e-8 2.320891
v 0.2670251 -1.169914 2.34
v 0.5206605 -1.081163 2.34
v 0.7481878 -0.9381978 2.34
v 0.9381979 -0.7481877 2.34
v 1.081163 -0.5206604 2.34
v 1.169914 -0.2670251 2.34
v 1.2 5.245367e-8 2.34
v 0 1.465186 2.225343
v 0.3260345 1.428451 2.225343
v 0.6357203 1.320087 2.225343
v 0.9135284 1.145528 2.225343
v 1.145528 0.9135283 2.225343
v 1.320087 0.6357201 2.225343
v 1.428451 0.3260344 2.225343
v 0 1.420478 2.268177
v 0.3160861 1.384863 2.268177
v 0.6163223 1.279806 2.268177
v 0.8856537 1.110574 2.268177
v 1.110574 0.8856534 2.268177
v 1.279806 0.6163221 2.268177
v 1.384863 0.316086 2.268177
v 0 1.363388 2.292441
v 0.3033823 1.329205 2.292441
v 0.5915518 1.22837 2.292441
v 0.8500585 1.06594 2.292441
v 1.06594 0.8500584 2.292441
v 1.22837 0.5915517 2.292441
v 1.329205 0.3033822 2.292441
v 0 1.301475 2.304331
v 0.2896054 1.268844 2.304331
v 0.5646888 1.172588 2.304331
v 0.8114563 1.017534 2.304331
v 1.017534 0.8114563 2.304331
v 1.172588 0.5646887 2.304331
v 1.268844 0.2896053 2.304331
v 0 1.246958 2.311271
v 0.2774743 1.215694 2.311271
v 0.5410349 1.12347 2.311271
v 0.7774658 0.9749112 2.311271
v 0.9749112 0.7774657 2.311271
v 1.12347 0.5410348 2.311271
v 1.215694 0.2774742 2.311271
v 0 1.211336 2.320891
v 0.2695477 1.180966 2.320891
v 0.5255792 1.091376 2.320891
v 0.7552559 0.9470608 2.320891
v 0.9470609 0.7552558 2.320891
v 1.091376 0.525579 2.320891
v 1.180966 0.2695476 2.320891
v 0 1.2 2.34
v 0.2670251 1.169914 2.34
v 0.5206605 1.081163 2.34
v 0.7481878 0.9381978 2.34
v 0.9381979 0.7481877 2.34
v 1.081163 0.5206604 2.34
v 1.169914 0.2670251 2.34
v -1.428451 0.3260345 2.225343
v -1.320087 0.6357203 2.225343
v -1.145528 0.9135284 2.225343
v -0.9135283 1.145528 2.225343
v -0.6357201 1.320087 2.225343
v -0.3260344 1.428451 2.225343
v -1.384863 0.3160861 2.268177
v -1.279806 0.6163223 2.268177
v -1.110574 0.8856537 2.268177
v -0.8856534 1.110574 2.268177
v -0.6163221 1.279806 2.268177
v -0.316086 1.384863 2.268177
v -1.329205 0.3033823 2.292441
v -1.22837 0.5915518 2.292441
v -1.06594 0.8500585 2.292441
v -0.8500584 1.06594 2.292441
v -0.5915517 1.22837 2.292441
v -0.3033822 1.329205 2.292441
v -1.268844 0.2896054 2.304331
v -1.172588 0.5646888 2.304331
v -1.017534 0.8114563 2.304331
v -0.8114563 1.017534 2.304331
v -0.5646887 1.172588 2.304331
v -0.2896053 1.268844 2.304331
v -1.215694 0.2774743 2.311271
v -1.12347 0.5410349 2.311271
v -0.9749112 0.7774658 2.311271
v -0.7774657 0.9749112 2.311271
v -0.5410348 1.12347 2.311271
v -0.2774742 1.215694 2.311271
v -1.180966 0.2695477 2.320891
v -1.091376 0.5255792 2.320891
v -0.9470608 0.7552559 2.320891
v -0.7552558 0.9470609 2.320891
v -0.525579 1.091376 2.320891
v -0.2695476 1.180966 2.320891
v -1.169914 0.2670251 2.34
v -1.081163 0.5206605 2.34
v -0.9381978 0.7481878 2.34
v -0.7481877 0.9381979 2.34
v -0.5206604 1.081163 2.34
v -0.2670251 1.169914 2.34
v -1.208144 0 2.362216
v -1.177854 -0.2688375 2.362216
v -1.0885 -0.5241941 2.362216
v -0.9445655 -0.7532657 2.362216
v -0.7532657 -0.9445655 2.362216
v -0.5241941 -1.0885 2.362216
v -0.2688374 -1.177854 2.362216
v 5.280967e-8 -1.208144 2.362216
v -1.227513 0 2.378135
v -1.196736 -0.2731473 2.378135
v -1.105951 -0.5325978 2.378135
v -0.959708 -0.7653417 2.378135
v -0.7653416 -0.959708 2.378135
v -0.5325977 -1.105951 2.378135
v -0.2731472 -1.196736 2.378135
v 5.365628e-8 -1.227513 2.378135
v -1.253399 0 2.388804
v -1.221974 -0.2789075 2.388804
v -1.129274 -0.5438296 2.388804
v -0.9799469 -0.7814816 2.388804
v -0.7814814 -0.979947 2.388804
v -0.5438294 -1.129274 2.388804
v -0.2789074 -1.221974 2.388804
v 5.478781e-8 -1.253399 2.388804
v -1.283927 0 2.395277
v -1.251736 -0.2857007 2.395277
v -1.156778 -0.5570751 2.395277
v -1.003814 -0.8005155 2.395277
v -0.8005154 -1.003815 2.395277
v -0.557075 -1.156778 2.395277
v -0.2857005 -1.251736 2.395277
v 5.612223e-8 -1.283927 2.395277
v -1.31876 0 2.398601
v -1.285696 -0.2934517 2.398601
v -1.188162 -0.5721886 2.398601
v -1.031048 -0.8222334 2.398601
v -0.8222334 -1.031048 2.398601
v -0.5721884 -1.188162 2.398601
v -0.2934516 -1.285696 2.398601
v 5.764483e-8 -1.31876 2.398601
v -1.35782 0 2.399825
v -1.323776 -0.3021434 2.399825
v -1.223354 -0.589136 2.399825
v -1.061586 -0.8465869 2.399825
v -0.8465869 -1.061586 2.399825
v -0.5891359 -1.223354 2.399825
v -0.3021433 -1.323776 2.399825
v 5.935219e-8 -1.35782 2.399825
v 0.2688375 -1.177854 2.362216
v 0.5241941 -1.0885 2.362216
v 0.7532657 -0.9445655 2.362216
v 0.9445655 -0.7532657 2.362216
v 1.0885 -0.5241941 2.362216
v 1.177854 -0.2688374 2.362216
v 1.208144 5.280967e-8 2.362216
v 0.2731473 -1.196736 2.378135
v 0.5325978 -1.105951 2.378135
v 0.7653417 -0.959708 2.378135
v 0.959708 -0.7653416 2.378135
v 1.105951 -0.5325977 2.378135
v 1.196736 -0.2731472 2.378135
v 1.227513 5.365628e-8 2.378135
v 0.2789075 -1.221974 2.388804
v 0.5438296 -1.129274 2.388804
v 0.7814816 -0.9799469 2.388804
v 0.979947 -0.7814814 2.388804
v 1.129274 -0.5438294 2.388804
v 1.221974 -0.2789074 2.388804
v 1.253399 5.478781e-8 2.388804
v 0.2857007 -1.251736 2.395277
v 0.5570751 -1.156778 2.395277
v 0.8005155 -1.003814 2.395277
v 1.003815 -0.8005154 2.395277
v 1.156778 -0.557075 2.395277
v 1.251736 -0.2857005 2.395277
v 1.283927 5.612223e-8 2.395277
v 0.2934517 -1.285696 2.398601
v 0.5721886 -1.188162 2.398601
v 0.8222334 -1.031048 2.398601
v 1.031048 -0.8222334 2.398601
v 1.188162 -0.5721884 2.398601
v 1.285696 -0.2934516 2.398601
v 1.31876 5.764483e-8 2.398601
v 0.3021434 -1.323776 2.399825
v 0.589136 -1.223354 2.399825
v 0.8465869 -1.061586 2.399825
v 1.061586 -0.8465869 2.399825
v 1.223354 -0.5891359 2.399825
v 1.323776 -0.3021433 2.399825
v 1.35782 5.935219e-8 2.399825
v 0 1.208144 2.362216
v 0.2688375 1.177854 2.362216
v 0.5241941 1.0885 2.362216
v 0.7532657 0.9445655 2.362216
v 0.9445655 0.7532657 2.362216
v 1.0885 0.5241941 2.362216
v 1.177854 0.2688374 2.362216
v 0 1.227513 2.378135
v 0.2731473 1.196736 2.378135
v 0.5325978 1.105951 2.378135
v 0.7653417 0.959708 2.378135
v 0.959708 0.7653416 2.378135
v 1.105951 0.5325977 2.378135
v 1.196736 0.2731472 2.378135
v 0 1.253399 2.388804
v 0.2789075 1.221974 2.388804
v 0.5438296 1.129274 2.388804
v 0.7814816 0.9799469 2.388804
v 0.979947 0.7814814 2.388804
v 1.129274 0.5438294 2.388804
v 1.221974 0.2789074 2.388804
v 0 1.283927 2.395277
v 0.2857007 1.251736 2.395277
v 0.5570751 1.156778 2.395277
v 0.8005155 1.003814 2.395277
v 1.003815 0.8005154 2.395277
v 1.156778 0.557075 2.395277
v 1.251736 0.2857005 2.395277
v 0 1.31876 2.398601
v 0.2934517 1.285696 2.398601
v 0.5721886 1.188162 2.398601
v 0.8222334 1.031048 2.398601
v 1.031048 0.8222334 2.398601
v 1.188162 0.5721884 2.398601
v 1.285696 0.2934516 2.398601
v 0 1.35782 2.399825
v 0.3021434 1.323776 2.399825
v 0.589136 1.223354 2.399825
v 0.8465869 1.061586 2.399825
v 1.061586 0.8465869 2.399825
v 1.223354 0.5891359 2.399825
v 1.323776 0.3021433 2.399825
v -1.177854 0.2688375 2.362216
v -1.0885 0.5241941 2.362216
v -0.9445655 0.7532657 2.362216
v -0.7532657 0.9445655 2.362216
v -0.5241941 1.0885 2.362216
v -0.2688374 1.177854 2.362216
v -1.196736 0.2731473 2.378135
v -1.105951 0.5325978 2.378135
v -0.959708 0.7653417 2.378135
v -0.7653416 0.959708 2.378135
v -0.5325977 1.105951 2.378135
v -0.2731472 1.196736 2.378135
v -1.221974 0.2789075 2.388804
v -1.129274 0.5438296 2.388804
v -0.9799469 0.7814816 2.388804
v -0.7814814 0.979947 2.388804
v -0.5438294 1.129274 2.388804
v -0.2789074 1.221974 2.388804
v -1.251736 0.2857007 2.395277
v -1.156778 0.5570751 2.395277
v -1.003814 0.8005155 2.395277
v -0.8005154 1.003815 2.395277
v -0.557075 1.156778 2.395277
v -0.2857005 1.251736 2.395277
v -1.285696 0.2934517 2.398601
v -1.188162 0.5721886 2.398601
v -1.031048 0.8222334 2.398601
v -0.8222334 1.031048 2.398601
v -0.5721884 1.188162 2.398601
v -0.2934516 1.285696 2.398601
v -1.323776 0.3021434 2.399825
v -1.223354 0.589136 2.399825
v -1.061586 0.8465869 2.399825
v -0.8465869 1.061586 2.399825
v -0.5891359 1.223354 2.399825
v -0.3021433 1.323776 2.399825
v -1.247085 0 2.395846
v -1.215818 -0.2775025 2.395846
v -1.123584 -0.5410897 2.395846
v -0.97501 -0.7775446 2.395846
v -0.7775444 -0.97501 2.395846
v -0.5410896 -1.123585 2.395846
v -0.2775024 -1.215818 2.395846
v 5.45118e-8 -1.247085 2.395846
v -1.213411 0 2.385132
v -1.182989 -0.2700095 2.385132
v -1.093246 -0.5264795 2.385132
v -0.9486831 -0.7565497 2.385132
v -0.7565495 -0.9486831 2.385132
v -0.5264793 -1.093246 2.385132
v -0.2700093 -1.182989 2.385132
v 5.30399e-8 -1.213411 2.385132
v -1.193732 0 2.370481
v -1.163802 -0.2656303 2.370481
v -1.075515 -0.5179408 2.370481
v -0.9332969 -0.7442796 2.370481
v -0.7442794 -0.933297 2.370481
v -0.5179407 -1.075515 2.370481
v -0.2656302 -1.163802 2.370481
v 5.217967e-8 -1.193732 2.370481
v -1.182799 0 2.354519
v -1.153144 -0.2631975 2.354519
v -1.065665 -0.5131972 2.354519
v -0.9247494 -0.7374631 2.354519
v -0.7374629 -0.9247493 2.354519
v -0.5131971 -1.065665 2.354519
v -0.2631975 -1.153144 2.354519
v 5.170178e-8 -1.182799 2.354519
v -1.175364 0 2.339869
v -1.145896 -0.2615432 2.339869
v -1.058967 -0.5099716 2.339869
v -0.9189368 -0.7328278 2.339869
v -0.7328277 -0.9189368 2.339869
v -0.5099714 -1.058967 2.339869
v -0.2615431 -1.145896 2.339869
v 5.137682e-8 -1.175364 2.339869
v -1.166181 0 2.329155
v -1.136942 -0.2594997 2.329155
v -1.050693 -0.5059869 2.329155
v -0.9117568 -0.7271019 2.329155
v -0.7271017 -0.9117569 2.329155
v -0.5059868 -1.050693 2.329155
v -0.2594995 -1.136942 2.329155
v 5.097538e-8 -1.166181 2.329155
v -1.15 0 2.325
v -1.121167 -0.2558991 2.325
v -1.036114 -0.4989663 2.325
v -0.8991061 -0.7170133 2.325
v -0.7170132 -0.8991062 2.325
v -0.4989662 -1.036114 2.325
v -0.255899 -1.121167 2.325
v 5.02681e-8 -1.15 2.325
v 0.2775025 -1.215818 2.395846
v 0.5410897 -1.123584 2.395846
v 0.7775446 -0.97501 2.395846
v 0.97501 -0.7775444 2.395846
v 1.123585 -0.5410896 2.395846
v 1.215818 -0.2775024 2.395846
v 1.247085 5.45118e-8 2.395846
v 0.2700095 -1.182989 2.385132
v 0.5264795 -1.093246 2.385132
v 0.7565497 -0.9486831 2.385132
v 0.9486831 -0.7565495 2.385132
v 1.093246 -0.5264793 2.385132
v 1.182989 -0.2700093 2.385132
v 1.213411 5.30399e-8 2.385132
v 0.2656303 -1.163802 2.370481
v 0.5179408 -1.075515 2.370481
v 0.7442796 -0.9332969 2.370481
v 0.933297 -0.7442794 2.370481
v 1.075515 -0.5179407 2.370481
v 1.163802 -0.2656302 2.370481
v 1.193732 5.217967e-8 2.370481
v 0.2631975 -1.153144 2.354519
v 0.5131972 -1.065665 2.354519
v 0.7374631 -0.9247494 2.354519
v 0.9247493 -0.7374629 2.354519
v 1.065665 -0.5131971 2.354519
v 1.153144 -0.2631975 2.354519
v 1.182799 5.170178e-8 2.354519
v 0.2615432 -1.145896 2.339869
v 0.5099716 -1.058967 2.339869
v 0.7328278 -0.9189368 2.339869
v 0.9189368 -0.7328277 2.339869
v 1.058967 -0.5099714 2.339869
v 1.145896 -0.2615431 2.339869
v 1.175364 5.137682e-8 2.339869
v 0.2594997 -1.136942 2.329155
v 0.5059869 -1.050693 2.329155
v 0.7271019 -0.9117568 2.329155
v 0.9117569 -0.7271017 2.329155
v 1.050693 -0.5059868 2.329155
v 1.136942 -0.2594995 2.329155
v 1.166181 5.097538e-8 2.329155
v 0.2558991 -1.121167 2.325
v 0.4989663 -1.036114 2.325
v 0.7170133 -0.8991061 2.325
v 0.8991062 -0.7170132 2.325
v 1.036114 -0.4989662 2.325
v 1.121167 -0.255899 2.325
v 1.15 5.02681e-8 2.325
v 0 1.247085 2.395846
v 0.2775025 1.215818 2.395846
v 0.5410897 1.123584 2.395846
v 0.7775446 0.97501 2.395846
v 0.97501 0.7775444 2.395846
v 1.123585 0.5410896 2.395846
v 1.215818 0.2775024 2.395846
v 0 1.213411 2.385132
v 0.2700095 1.182989 2.385132
v 0.5264795 1.093246 2.385132
v 0.7565497 0.9486831 2.385132
v 0.9486831 0.7565495 2.385132
v 1.093246 0.5264793 2.385132
v 1.182989 0.2700093 2.385132
v 0 1.193732 2.370481
v 0.2656303 1.163802 2.370481
v 0.5179408 1.075515 2.370481
v 0.7442796 0.9332969 2.370481
v 0.933297 0.7442794 2.370481
v 1.075515 0.5179407 2.370481
v 1.163802 0.2656302 2.370481
v 0 1.182799 2.354519
v 0.2631975 1.153144 2.354519
v 0.5131972 1.065665 2.354519
v 0.7374631 0.9247494 2.354519
v 0.9247493 0.7374629 2.354519
v 1.065665 0.5131971 2.354519
v 1.153144 0.2631975 2.354519
v 0 1.175364 2.339869
v 0.2615432 1.145896 2.339869
v 0.5099716 1.058967 2.339869
v 0.7328278 0.9189368 2.339869
v 0.9189368 0.7328277 2.339869
v 1.058967 0.5099714 2.339869
v 1.145896 0.2615431 2.339869
v 0 1.166181 2.329155
v 0.2594997 1.136942 2.329155
v 0.5059869 1.050693 2.329155
v 0.7271019 0.9117568 2.329155
v 0.9117569 0.7271017 2.329155
v 1.050693 0.5059868 2.329155
v 1.136942 0.2594995 2.329155
v 0 1.15 2.325
v 0.2558991 1.121167 2.325
v 0.4989663 1.036114 2.325
v 0.7170133 0.8991061 2.325
v 0.8991062 0.7170132 2.325
v 1.036114 0.4989662 2.325
v 1.121167 0.255899 2.325
v -1.215818 0.2775025 2.395846
v -1.123584 0.5410897 2.395846
v -0.97501 0.7775446 2.395846
v -0.7775444 0.97501 2.395846
v -0.5410896 1.123585 2.395846
v -0.2775024 1.215818 2.395846
v -1.182989 0.2700095 2.385132
v -1.093246 0.5264795 2.385132
v -0.9486831 0.7565497 2.385132
v -0.7565495 0.9486831 2.385132
v -0.5264793 1.093246 2.385132
v -0.2700093 1.182989 2.385132
v -1.163802 0.2656303 2.370481
v -1.075515 0.5179408 2.370481
v -0.9332969 0.7442796 2.370481
v -0.7442794 0.933297 2.370481
v -0.5179407 1.075515 2.370481
v -0.2656302 1.163802 2.370481
v -1.153144 0.2631975 2.354519
v -1.065665 0.5131972 2.354519
v -0.9247494 0.7374631 2.354519
v -0.7374629 0.9247493 2.354519
v -0.5131971 1.065665 2.354519
v -0.2631975 1.153144 2.354519
v -1.145896 0.2615432 2.339869
v -1.058967 0.5099716 2.339869
v -0.9189368 0.7328278 2.339869
v -0.7328277 0.9189368 2.339869
v -0.5099714 1.058967 2.339869
v -0.2615431 1.145896 2.339869
v -1.136942 0.2594997 2.329155
v -1.050693 0.5059869 2.329155
v -0.9117568 0.7271019 2.329155
v -0.7271017 0.9117569 2.329155
v -0.5059868 1.050693 2.329155
v -0.2594995 1.136942 2.329155
v -1.121167 0.2558991 2.325
v -1.036114 0.4989663 2.325
v -0.8991061 0.7170133 2.325
v -0.7170132 0.8991062 2.325
v -0.4989662 1.036114 2.325
v -0.255899 1.121167 2.325
v -1.133754 0 2.329543
v -1.105328 -0.252284 2.329543
v -1.021477 -0.4919174 2.329543
v -0.8864044 -0.7068841 2.329543
v -0.7068839 -0.8864045 2.329543
v -0.4919173 -1.021477 2.329543
v -0.2522839 -1.105328 2.329543
v 4.955796e-8 -1.133754 2.329543
v -1.123916 0 2.342242
v -1.095737 -0.2500948 2.342242
v -1.012613 -0.4876488 2.342242
v -0.8787128 -0.7007502 2.342242
v -0.70075 -0.8787129 2.342242
v -0.4876487 -1.012613 2.342242
v -0.2500947 -1.095737 2.342242
v 4.912792e-8 -1.123916 2.342242
v -1.114229 0 2.360495
v -1.086293 -0.2479393 2.360495
v -1.003886 -0.4834459 2.360495
v -0.8711393 -0.6947106 2.360495
v -0.6947104 -0.8711395 2.360495
v -0.4834458 -1.003886 2.360495
v -0.2479392 -1.086293 2.360495
v 4.87045e-8 -1.114229 2.360495
v -1.098224 0 2.380898
v -1.070689 -0.2443778 2.380898
v -0.9894655 -0.4765015 2.380898
v -0.858626 -0.6847315 2.380898
v -0.6847314 -0.8586261 2.380898
v -0.4765014 -0.9894655 2.380898
v -0.2443777 -1.070689 2.380898
v 4.80049e-8 -1.098224 2.380898
v -1.069483 0 2.400248
v -1.042669 -0.2379824 2.400248
v -0.9635708 -0.4640313 2.400248
v -0.8361554 -0.6668118 2.400248
v -0.6668116 -0.8361555 2.400248
v -0.4640312 -0.963571 2.400248
v -0.2379823 -1.042669 2.400248
v 4.674859e-8 -1.069483 2.400248
v -1.021911 0 2.416545
v -0.996289 -0.2273965 2.416545
v -0.9207095 -0.4433904 2.416545
v -0.7989618 -0.6371509 2.416545
v -0.6371508 -0.7989619 2.416545
v -0.4433903 -0.9207096 2.416545
v -0.2273964 -0.996289 2.416545
v 4.466913e-8 -1.021911 2.416545
v -0.95 0 2.43
v -0.9261815 -0.2113949 2.43
v -0.8559204 -0.4121896 2.43
v -0.7427399 -0.5923154 2.43
v -0.5923153 -0.7427399 2.43
v -0.4121895 -0.8559204 2.43
v -0.2113948 -0.9261815 2.43
v 4.152582e-8 -0.95 2.43
v 0.252284 -1.105328 2.329543
v 0.4919174 -1.021477 2.329543
v 0.7068841 -0.8864044 2.329543
v 0.8864045 -0.7068839 2.329543
v 1.021477 -0.4919173 2.329543
v 1.105328 -0.2522839 2.329543
v 1.133754 4.955796e-8 2.329543
v 0.2500948 -1.095737 2.342242
v 0.4876488 -1.012613 2.342242
v 0.7007502 -0.8787128 2.342242
v 0.8787129 -0.70075 2.342242
v 1.012613 -0.4876487 2.342242
v 1.095737 -0.2500947 2.342242
v 1.123916 4.912792e-8 2.342242
v 0.2479393 -1.086293 2.360495
v 0.4834459 -1.003886 2.360495
v 0.6947106 -0.8711393 2.360495
v 0.8711395 -0.6947104 2.360495
v 1.003886 -0.4834458 2.360495
v 1.086293 -0.2479392 2.360495
v 1.114229 4.87045e-8 2.360495
v 0.2443778 -1.070689 2.380898
v 0.4765015 -0.9894655 2.380898
v 0.6847315 -0.858626 2.380898
v 0.8586261 -0.6847314 2.380898
v 0.9894655 -0.4765014 2.380898
v 1.070689 -0.2443777 2.380898
v 1.098224 4.80049e-8 2.380898
v 0.2379824 -1.042669 2.400248
v 0.4640313 -0.9635708 2.400248
v 0.6668118 -0.8361554 2.400248
v 0.8361555 -0.6668116 2.400248
v 0.963571 -0.4640312 2.400248
v 1.042669 -0.2379823 2.400248
v 1.069483 4.674859e-8 2.400248
v 0.2273965 -0.996289 2.416545
v 0.4433904 -0.9207095 2.416545
v 0.6371509 -0.7989618 2.416545
v 0.7989619 -0.6371508 2.416545
v 0.9207096 -0.4433903 2.416545
v 0.996289 -0.2273964 2.416545
v 1.021911 4.466913e-8 2.416545
v 0.2113949 -0.9261815 2.43
v 0.4121896 -0.8559204 2.43
v 0.5923154 -0.7427399 2.43
v 0.7427399 -0.5923153 2.43
v 0.8559204 -0.4121895 2.43
v 0.9261815 -0.2113948 2.43
v 0.95 4.152582e-8 2.43
v 0 1.133754 2.329543
v 0.252284 1.105328 2.329543
v 0.4919174 1.021477 2.329543
v 0.7068841 0.8864044 2.329543
v 0.8864045 0.7068839 2.329543
v 1.021477 0.4919173 2.329543
v 1.105328 0.2522839 2.329543
v 0 1.123916 2.342242
v 0.2500948 1.095737 2.342242
v 0.4876488 1.012613 2.342242
v 0.7007502 0.8787128 2.342242
v 0.8787129 0.70075 2.342242
v 1.012613 0.4876487 2.342242
v 1.095737 0.2500947 2.342242
v 0 1.114229 2.360495
v 0.2479393 1.086293 2.360495
v 0.4834459 1.003886 2.360495
v 0.6947106 0.8711393 2.360495
v 0.8711395 0.6947104 2.360495
v 1.003886 0.4834458 2.360495
v 1.086293 0.2479392 2.360495
v 0 1.098224 2.380898
v 0.2443778 1.070689 2.380898
v 0.4765015 0.9894655 2.380898
v 0.6847315 0.858626 2.380898
v 0.8586261 0.6847314 2.380898
v 0.9894655 0.4765014 2.380898
v 1.070689 0.2443777 2.380898
v 0 1.069483 2.400248
v 0.2379824 1.042669 2.400248
v 0.4640313 0.9635708 2.400248
v 0.6668118 0.8361554 2.400248
v 0.8361555 0.6668116 2.400248
v 0.963571 0.4640312 2.400248
v 1.042669 0.2379823 2.400248
v 0 1.021911 2.416545
v 0.2273965 0.996289 2.416545
v 0.4433904 0.9207095 2.416545
v 0.6371509 0.7989618 2.416545
v 0.7989619 0.6371508 2.416545
v 0.9207096 0.4433903 2.416545
v 0.996289 0.2273964 2.416545
v 0 0.95 2.43
v 0.2113949 0.9261815 2.43
v 0.4121896 0.8559204 2.43
v 0.5923154 0.7427399 2.43
v 0.7427399 0.5923153 2.43
v 0.8559204 0.4121895 2.43
v 0.9261815 0.2113948 2.43
v -1.105328 0.252284 2.329543
v -1.021477 0.4919174 2.329543
v -0.8864044 0.7068841 2.329543
v -0.7068839 0.8864045 2.329543
v -0.4919173 1.021477 2.329543
v -0.2522839 1.105328 2.329543
v -1.095737 0.2500948 2.342242
v -1.012613 0.4876488 2.342242
v -0.8787128 0.7007502 2.342242
v -0.70075 0.8787129 2.342242
v -0.4876487 1.012613 2.342242
v -0.2500947 1.095737 2.342242
v -1.086293 0.2479393 2.360495
v -1.003886 0.4834459 2.360495
v -0.8711393 0.6947106 2.360495
v -0.6947104 0.8711395 2.360495
v -0.4834458 1.003886 2.360495
v -0.2479392 1.086293 2.360495
v -1.070689 0.2443778 2.380898
v -0.9894655 0.4765015 2.380898
v -0.858626 0.6847315 2.380898
v -0.6847314 0.8586261 2.380898
v -0.4765014 0.9894655 2.380898
v -0.2443777 1.070689 2.380898
v -1.042669 0.2379824 2.400248
v -0.9635708 0.4640313 2.400248
v -0.8361554 0.6668118 2.400248
v -0.6668116 0.8361555 2.400248
v -0.4640312 0.963571 2.400248
v -0.2379823 1.042669 2.400248
v -0.996289 0.2273965 2.416545
v -0.9207095 0.4433904 2.416545
v -0.7989618 0.6371509 2.416545
v -0.6371508 0.7989619 2.416545
v -0.4433903 0.9207096 2.416545
v -0.2273964 0.996289 2.416545
v -0.9261815 0.2113949 2.43
v -0.8559204 0.4121896 2.43
v -0.7427399 0.5923154 2.43
v -0.5923153 0.7427399 2.43
v -0.4121895 0.8559204 2.43
v -0.2113948 0.9261815 2.43
v -0.8575357 0 2.442625
v -0.8360354 -0.1908196 2.442625
v -0.7726129 -0.3720707 2.442625
v -0.6704484 -0.5346648 2.442625
v -0.5346646 -0.6704484 2.442625
v -0.3720707 -0.7726129 2.442625
v -0.1908196 -0.8360354 2.442625
v 3.748407e-8 -0.8575357 2.442625
v -0.7518 0 2.456779
v -0.7329508 -0.1672913 2.456779
v -0.6773484 -0.3261938 2.456779
v -0.5877809 -0.4687396 2.456779
v -0.4687395 -0.587781 2.456779
v -0.3261937 -0.6773484 2.456779
v -0.1672912 -0.7329507 2.456779
v 3.286222e-8 -0.7518 2.456779
v -0.632534 0 2.473198
v -0.616675 -0.1407521 2.473198
v -0.5698934 -0.2744462 2.473198
v -0.4945349 -0.3943785 2.473198
v -0.3943784 -0.494535 2.473198
v -0.2744462 -0.5698934 2.473198
v -0.140752 -0.616675 2.473198
v 2.764894e-8 -0.632534 2.473198
v -0.4988903 0 2.490409
v -0.4863821 -0.1110136 2.490409
v -0.4494846 -0.2164604 2.490409
v -0.3900482 -0.3110531 2.490409
v -0.311053 -0.3900482 2.490409
v -0.2164603 -0.4494847 2.490409
v -0.1110135 -0.4863821 2.490409
v 2.180719e-8 -0.4988903 2.490409
v -0.3496995 0 2.505732
v -0.3409318 -0.07781547 2.505732
v -0.3150684 -0.1517289 2.505732
v -0.2734061 -0.2180341 2.505732
v -0.2180341 -0.2734061 2.505732
v -0.1517289 -0.3150684 2.505732
v -0.07781544 -0.3409318 2.505732
v 1.528585e-8 -0.3496995 2.505732
v -0.1837389 0 2.516288
v -0.1791322 -0.04088576 2.516288
v -0.165543 -0.07972133 2.516288
v -0.1436529 -0.1145593 2.516288
v -0.1145593 -0.1436529 2.516288
v -0.07972131 -0.165543 2.516288
v -0.04088574 -0.1791322 2.516288
v 8.031484e-9 -0.1837389 2.516288
v 0 0 2.52
v 0.1908196 -0.8360354 2.442625
v 0.3720707 -0.7726129 2.442625
v 0.5346648 -0.6704484 2.442625
v 0.6704484 -0.5346646 2.442625
v 0.7726129 -0.3720707 2.442625
v 0.8360354 -0.1908196 2.442625
v 0.8575357 3.748407e-8 2.442625
v 0.1672913 -0.7329508 2.456779
v 0.3261938 -0.6773484 2.456779
v 0.4687396 -0.5877809 2.456779
v 0.587781 -0.4687395 2.456779
v 0.6773484 -0.3261937 2.456779
v 0.7329507 -0.1672912 2.456779
v 0.7518 3.286222e-8 2.456779
v 0.1407521 -0.616675 2.473198
v 0.2744462 -0.5698934 2.473198
v 0.3943785 -0.4945349 2.473198
v 0.494535 -0.3943784 2.473198
v 0.5698934 -0.2744462 2.473198
v 0.616675 -0.140752 2.473198
v 0.632534 2.764894e-8 2.473198
v 0.1110136 -0.4863821 2.490409
v 0.2164604 -0.4494846 2.490409
v 0.3110531 -0.3900482 2.490409
v 0.3900482 -0.311053 2.490409
v 0.4494847 -0.2164603 2.490409
v 0.4863821 -0.1110135 2.490409
v 0.4988903 2.180719e-8 2.490409
v 0.07781547 -0.3409318 2.505732
v 0.1517289 -0.3150684 2.505732
v 0.2180341 -0.2734061 2.505732
v 0.2734061 -0.2180341 2.505732
v 0.3150684 -0.1517289 2.505732
v 0.3409318 -0.07781544 2.505732
v 0.3496995 1.528585e-8 2.505732
v 0.04088576 -0.1791322 2.516288
v 0.07972133 -0.165543 2.516288
v 0.1145593 -0.1436529 2.516288
v 0.1436529 -0.1145593 2.516288
v 0.165543 -0.07972131 2.516288
v 0.1791322 -0.04088574 2.516288
v 0.1837389 8.031484e-9 2.516288
v 0 0.8575357 2.442625
v 0.1908196 0.8360354 2.442625
v 0.3720707 0.7726129 2.442625
v 0.5346648 0.6704484 2.442625
v 0.6704484 0.5346646 2.442625
v 0.7726129 0.3720707 2.442625
v 0.8360354 0.1908196 2.442625
v 0 0.7518 2.456779
v 0.1672913 0.7329508 2.456779
v 0.3261938 0.6773484 2.456779
v 0.4687396 0.5877809 2.456779
v 0.587781 0.4687395 2.456779
v 0.6773484 0.3261937 2.456779
v 0.7329507 0.1672912 2.456779
v 0 0.632534 2.473198
v 0.1407521 0.616675 2.473198
v 0.2744462 0.5698934 2.473198
v 0.3943785 0.4945349 2.473198
v 0.494535 0.3943784 2.473198
v 0.5698934 0.2744462 2.473198
v 0.616675 0.140752 2.473198
v 0 0.4988903 2.490409
v 0.1110136 0.4863821 2.490409
v 0.2164604 0.4494846 2.490409
v 0.3110531 0.3900482 2.490409
v 0.3900482 0.311053 2.490409
v 0.4494847 0.2164603 2.490409
v 0.4863821 0.1110135 2.490409
v 0 0.3496995 2.505732
v 0.07781547 0.3409318 2.505732
v 0.1517289 0.3150684 2.505732
v 0.2180341 0.2734061 2.505732
v 0.2734061 0.2180341 2.505732
v 0.3150684 0.1517289 2.505732
v 0.3409318 0.07781544 2.505732
v 0 0.1837389 2.516288
v 0.04088576 0.1791322 2.516288
v 0.07972133 0.165543 2.516288
v 0.1145593 0.1436529 2.516288
v 0.1436529 0.1145593 2.516288
v 0.165543 0.07972131 2.516288
v 0.1791322 0.04088574 2.516288
v -0.8360354 0.1908196 2.442625
v -0.7726129 0.3720707 2.442625
v -0.6704484 0.5346648 2.442625
v -0.5346646 0.6704484 2.442625
v -0.3720707 0.7726129 2.442625
v -0.1908196 0.8360354 2.442625
v -0.7329508 0.1672913 2.456779
v -0.6773484 0.3261938 2.456779
v -0.5877809 0.4687396 2.456779
v -0.4687395 0.587781 2.456779
v -0.3261937 0.6773484 2.456779
v -0.1672912 0.7329507 2.456779
v -0.616675 0.1407521 2.473198
v -0.5698934 0.2744462 2.473198
v -0.4945349 0.3943785 2.473198
v -0.3943784 0.494535 2.473198
v -0.2744462 0.5698934 2.473198
v -0.140752 0.616675 2.473198
v -0.4863821 0.1110136 2.490409
v -0.4494846 0.2164604 2.490409
v -0.3900482 0.3110531 2.490409
v -0.311053 0.3900482 2.490409
v -0.2164603 0.4494847 2.490409
v -0.1110135 0.4863821 2.490409
v -0.3409318 0.07781547 2.505732
v -0.3150684 0.1517289 2.505732
v -0.2734061 0.2180341 2.505732
v -0.2180341 0.2734061 2.505732
v -0.1517289 0.3150684 2.505732
v -0.07781544 0.3409318 2.505732
v -0.1791322 0.04088576 2.516288
v -0.165543 0.07972133 2.516288
v -0.1436529 0.1145593 2.516288
v -0.1145593 0.1436529 2.516288
v -0.07972131 0.165543 2.516288
v -0.04088574 0.1791322 2.516288

vn -0.01423433 0 0.9998987
vn -0.01330401 -0.3236755 0.9460747
vn -0.009849521 -0.6888384 0.724848
vn -0.003611111 -0.9598274 0.2805676
vn 0.003361157 -0.9598245 -0.2805808
vn 0.008002033 -0.6887985 -0.7249087
vn 0.009707649 -0.3236277 -0.9461347
vn 0.009934278 0 -0.9999506
vn -0.06776173 0 0.9977015
vn -0.06326405 -0.3240691 0.9439157
vn -0.04670866 -0.6890703 0.7231877
vn -0.01706967 -0.9597934 0.2801877
vn 0.01583084 -0.9596874 -0.2806233
vn 0.03749102 -0.6876187 -0.7251034
vn 0.04524156 -0.322338 -0.945543
vn 0.04619504 0 -0.9989325
vn -0.1872356 0 0.9823151
vn -0.1743763 -0.3296295 0.9278671
vn -0.127817 -0.6951237 0.7074362
vn -0.04642468 -0.9607878 0.2733706
vn 0.04312433 -0.9603552 -0.2754236
vn 0.1024856 -0.689102 -0.7173808
vn 0.1236204 -0.3223546 -0.9385123
vn 0.1260991 0 -0.9920177
vn -0.4145597 0 0.9100221
vn -0.3846749 -0.3431754 0.8568873
vn -0.2785701 -0.7103481 0.6463779
vn -0.1002822 -0.9635326 0.2480895
vn 0.09427569 -0.9626976 -0.2536244
vn 0.2294236 -0.6980758 -0.6782735
vn 0.2807341 -0.3276372 -0.9021321
vn 0.2873816 0 -0.9578161
vn -0.738529 0 0.6742217
vn -0.6864039 -0.3528609 0.6358765
vn -0.4976796 -0.722286 0.480227
vn -0.1801061 -0.9660399 0.1852804
vn 0.1736573 -0.9654579 -0.1942528
vn 0.4425029 -0.7129853 -0.5439146
vn 0.5635441 -0.3399984 -0.7528739
vn 0.5852231 0 -0.8108723
vn -0.957532 0 0.2883269
vn -0.9004639 -0.3370291 0.2749113
vn -0.675676 -0.7053394 0.2143788
vn -0.2546054 -0.9632285 0.08583036
vn 0.252252 -0.9632702 -0.09208365
vn 0.6578696 -0.7058059 -0.2627655
vn 0.8639971 -0.3373439 -0.3737756
vn 0.9125915 0 -0.4088725
vn -1 0 0
vn -0.945946 -0.3243243 -6.903441e-9
vn -0.724138 -0.6896551 -5.640341e-7
vn -0.2800001 -0.96 -4.947225e-8
vn 0.2800002 -0.96 2.091014e-7
vn 0.7241381 -0.6896551 0
vn 0.945946 -0.3243243 -1.271986e-8
vn 1 0 0.000001324547
vn -0.004706633 0 0.9999889
vn -0.004013935 -0.3241346 0.9460025
vn -0.003050171 -0.6894094 0.7243655
vn -0.001677657 -0.9294075 0.3690512
vn -0.001327971 -0.959938 0.2802092
vn 0.001560155 -0.9599199 -0.2802701
vn 0.004645921 -0.6891632 -0.7245913
vn 0.005436087 -0.5785498 -0.8156289
vn 0.006619618 -0.3238526 -0.9460844
vn 0.007549629 0 -0.9999715
vn -0.5822597 0 0.8130028
vn -0.9451786 0 0.3265539
vn -0.5831794 -0.2468984 0.7739142
vn -0.9417188 -0.08214413 0.3262179
vn -0.5805666 -0.5069151 0.6371652
vn -0.9366095 -0.1432737 0.3197425
vn -0.572848 -0.7000103 0.4264161
vn -0.9349 -0.1713862 0.3107873
vn -0.5895051 -0.7171644 0.3716973
vn -0.9343229 -0.1770254 0.3093586
vn -0.6355163 -0.7719749 0.01318593
vn -0.9377847 -0.1733464 0.3008503
vn -0.7097624 -0.6241754 -0.3265615
vn -0.94603 -0.1362201 0.2940599
vn -0.7256037 -0.5458744 -0.4189516
vn -0.949176 -0.115794 0.2926716
vn -0.7766417 -0.3281833 -0.5377019
vn -0.9539917 -0.0765751 0.2898896
vn -0.797935 0 -0.6027435
vn -0.9579175 0 0.2870437
vn -0.01330401 0.3236755 0.9460747
vn -0.009849521 0.6888384 0.724848
vn -0.003611111 0.9598274 0.2805676
vn 0.003361157 0.9598245 -0.2805808
vn 0.008002033 0.6887985 -0.7249087
vn 0.009707649 0.3236277 -0.9461347
vn -0.06326405 0.3240691 0.9439157
vn -0.04670866 0.6890703 0.7231877
vn -0.01706967 0.9597934 0.2801877
vn 0.01583084 0.9596874 -0.2806233
vn 0.03749102 0.6876187 -0.7251034
vn 0.04524156 0.322338 -0.945543
vn -0.1743763 0.3296295 0.9278671
vn -0.127817 0.6951237 0.7074362
vn -0.04642468 0.9607878 0.2733706
vn 0.04312433 0.9603552 -0.2754236
vn 0.1024856 0.689102 -0.7173808
vn 0.1236204 0.3223546 -0.9385123
vn -0.3846749 0.3431754 0.8568873
vn -0.2785701 0.7103481 0.6463779
vn -0.1002822 0.9635326 0.2480895
vn 0.09427569 0.9626976 -0.2536244
vn 0.2294236 0.6980758 -0.6782735
vn 0.2807341 0.3276372 -0.9021321
vn -0.6864039 0.3528609 0.6358765
vn -0.4976796 0.722286 0.480227
vn -0.1801061 0.9660399 0.1852804
vn 0.1736573 0.9654579 -0.1942528
vn 0.4425029 0.7129853 -0.5439146
vn 0.5635441 0.3399984 -0.7528739
vn -0.9004639 0.3370291 0.2749113
vn -0.675676 0.7053394 0.2143788
vn -0.2546054 0.9632285 0.08583036
vn 0.252252 0.9632702 -0.09208365
vn 0.6578696 0.7058059 -0.2627655
vn 0.8639971 0.3373439 -0.3737756
vn -0.945946 0.3243243 -6.903441e-9
vn -0.724138 0.6896551 -5.640341e-7
vn -0.2800001 0.96 -4.947225e-8
vn 0.2800002 0.96 2.091014e-7
vn 0.7241381 0.6896551 0
vn 0.945946 0.3243243 -1.271986e-8
vn -0.004013935 0.3241346 0.9460025
vn -0.003050171 0.6894094 0.7243655
vn -0.001677657 0.9294075 0.3690512
vn -0.001327971 0.959938 0.2802092
vn 0.001560155 0.9599199 -0.2802701
vn 0.004645921 0.6891632 -0.7245913
vn 0.005436087 0.5785498 -0.8156289
vn 0.006619618 0.3238526 -0.9460844
vn -0.5831794 0.2468984 0.7739142
vn -0.9417188 0.08214413 0.3262179
vn -0.5805666 0.5069151 0.6371652
vn -0.9366095 0.1432737 0.3197425
vn -0.572848 0.7000103 0.4264161
vn -0.9349 0.1713862 0.3107873
vn -0.5895051 0.7171644 0.3716973
vn -0.9343229 0.1770254 0.3093586
vn -0.6355163 0.7719749 0.01318593
vn -0.9377847 0.1733464 0.3008503
vn -0.7097624 0.6241754 -0.3265615
vn -0.94603 0.1362201 0.2940599
vn -0.7256037 0.5458744 -0.4189516
vn -0.949176 0.115794 0.2926716
vn -0.7766417 0.3281833 -0.5377019
vn -0.9539917 0.0765751 0.2898896
vn -0.9824093 0 -0.1867404
vn -0.9272574 -0.3302635 -0.1764082
vn -0.7043784 -0.6969991 -0.1343249
vn -0.2698489 -0.9615163 -0.05165131
vn 0.2697658 -0.9615272 0.05188267
vn 0.7038863 -0.6971539 0.1360903
vn 0.9265087 -0.3304544 0.1799488
vn 0.9815865 0 0.1910185
vn -0.9376409 0 -0.3476056
vn -0.8839718 -0.3356752 -0.3254475
vn -0.6689658 -0.7029188 -0.2416404
vn -0.2559349 -0.9625157 -0.08978181
vn 0.2577133 -0.9622858 0.08712044
vn 0.6795802 -0.6996033 0.2207396
vn 0.9001007 -0.3315404 0.2826654
vn 0.9552726 0 0.2957267
vn -0.8719444 0 -0.489605
vn -0.8247145 -0.3321108 -0.4577644
vn -0.6309806 -0.6976497 -0.3393351
vn -0.2456673 -0.96114 -0.1259267
vn 0.2506492 -0.9604844 0.1210158
vn 0.6606283 -0.6884668 0.2993053
vn 0.8701689 -0.3209666 0.3738801
vn 0.9219212 0 0.3873773
vn -0.7893119 0 -0.6139926
vn -0.7514395 -0.3201532 -0.5769235
vn -0.5877693 -0.6818485 -0.4354422
vn -0.2361409 -0.9574733 -0.1657779
vn 0.244376 -0.9563014 0.1605241
vn 0.6357232 -0.6665058 0.389392
vn 0.8251522 -0.3025553 0.4770578
vn 0.8708874 0 0.4914825
vn -0.6962451 0 -0.7178041
vn -0.6667523 -0.3063592 -0.6794007
vn -0.5326551 -0.6632292 -0.525743
vn -0.2206046 -0.9530255 -0.2075478
vn 0.2303542 -0.9514229 0.2042827
vn 0.5877861 -0.6437865 0.4899454
vn 0.7513057 -0.2852916 0.5951037
vn 0.7902574 0 0.6127751
vn -0.6018122 0 -0.7986376
vn -0.5765685 -0.3012129 -0.7594994
vn -0.4618012 -0.656771 -0.5961471
vn -0.1916497 -0.9516823 -0.23994
vn 0.1987866 -0.9503093 0.2395752
vn 0.5020555 -0.6404364 0.5811898
vn 0.6387714 -0.2837283 0.7151709
vn 0.6713189 0 0.7411686
vn 0.6350383 0 0.7724807
vn 0.5998219 -0.2934994 0.7443599
vn 0.4606521 -0.655085 0.5988851
vn 0.2651841 -0.8970958 0.3534071
vn 0.1761576 -0.9539634 0.2427391
vn -0.1656125 -0.9555542 -0.2439029
vn -0.2669453 -0.8761386 -0.4013992
vn -0.4004004 -0.6738315 -0.6209916
vn -0.5062795 -0.3134022 -0.8034053
vn -0.5340956 0 -0.8454241
vn -0.3790973 0 0.9253568
vn -0.9946144 0 0.103645
vn -0.4020392 -0.3642867 0.8400355
vn -0.9939418 -0.06697094 0.0871464
vn -0.4718064 -0.6775043 0.5642575
vn -0.9917212 -0.1195834 0.04678512
vn -0.5410731 -0.7959865 0.2713769
vn -0.9898099 -0.1423951 1.012788e-7
vn -0.5981111 -0.7874354 0.1490256
vn -0.9879637 -0.151433 -0.03155617
vn -0.7109546 -0.6588004 -0.2460195
vn -0.9751725 -0.1508853 -0.1620867
vn -0.705485 -0.6120096 -0.3574008
vn -0.9696547 -0.1384892 -0.2014706
vn -0.7525985 -0.4301364 -0.4985762
vn -0.9495277 -0.119164 -0.2901673
vn -0.7601349 -0.1997493 -0.6183001
vn -0.926564 -0.06698141 -0.3701251
vn -0.7531955 0 -0.6577967
vn -0.9222651 0 -0.3865581
vn -0.9272574 0.3302635 -0.1764082
vn -0.7043784 0.6969991 -0.1343249
vn -0.2698489 0.9615163 -0.05165131
vn 0.2697658 0.9615272 0.05188267
vn 0.7038863 0.6971539 0.1360903
vn 0.9265087 0.3304544 0.1799488
vn -0.8839718 0.3356752 -0.3254475
vn -0.6689658 0.7029188 -0.2416404
vn -0.2559349 0.9625157 -0.08978181
vn 0.2577133 0.9622858 0.08712044
vn 0.6795802 0.6996033 0.2207396
vn 0.9001007 0.3315404 0.2826654
vn -0.8247145 0.3321108 -0.4577644
vn -0.6309806 0.6976497 -0.3393351
vn -0.2456673 0.96114 -0.1259267
vn 0.2506492 0.9604844 0.1210158
vn 0.6606283 0.6884668 0.2993053
vn 0.8701689 0.3209666 0.3738801
vn -0.7514395 0.3201532 -0.5769235
vn -0.5877693 0.6818485 -0.4354422
vn -0.2361409 0.9574733 -0.1657779
vn 0.244376 0.9563014 0.1605241
vn 0.6357232 0.6665058 0.389392
vn 0.8251522 0.3025553 0.4770578
vn -0.6667523 0.3063592 -0.6794007
vn -0.5326551 0.6632292 -0.525743
vn -0.2206046 0.9530255 -0.2075478
vn 0.2303542 0.9514229 0.2042827
vn 0.5877861 0.6437865 0.4899454
vn 0.7513057 0.2852916 0.5951037
vn -0.5765685 0.3012129 -0.7594994
vn -0.4618012 0.656771 -0.5961471
vn -0.1916497 0.9516823 -0.23994
vn 0.1987866 0.9503093 0.2395752
vn 0.5020555 0.6404364 0.5811898
vn 0.6387714 0.2837283 0.7151709
vn 0.5998219 0.2934994 0.7443599
vn 0.4606521 0.655085 0.5988851
vn 0.2651841 0.8970958 0.3534071
vn 0.1761576 0.9539634 0.2427391
vn -0.1656125 0.9555542 -0.2439029
vn -0.2669453 0.8761386 -0.4013992
vn -0.4004004 0.6738315 -0.6209916
vn -0.5062795 0.3134022 -0.8034053
vn -0.4020392 0.3642867 0.8400355
vn -0.9939418 0.06697094 0.0871464
vn -0.4718064 0.6775043 0.5642575
vn -0.9917212 0.1195834 0.04678512
vn -0.5410731 0.7959865 0.2713769
vn -0.9898099 0.1423951 1.012788e-7
vn -0.5981111 0.7874354 0.1490256
vn -0.9879637 0.151433 -0.03155617
vn -0.7109546 0.6588004 -0.2460195
vn -0.9751725 0.1508853 -0.1620867
vn -0.705485 0.6120096 -0.3574008
vn -0.9696547 0.1384892 -0.2014706
vn -0.7525985 0.4301364 -0.4985762
vn -0.9495277 0.119164 -0.2901673
vn -0.7601349 0.1997493 -0.6183001
vn -0.926564 0.06698141 -0.3701251
vn 0.7071068 0 -0.7071068
vn 0.5825552 0.532622 -0.613957
vn 0.3362741 0.8540296 -0.3969299
vn 0.1076092 0.9838556 -0.1429981
vn -0.1073725 0.9816908 0.1573354
vn -0.3174658 0.8062623 0.4991556
vn -0.469804 0.4295352 0.7712222
vn -0.5144946 0 0.8574936
vn 0.7374372 0 -0.6754156
vn 0.5951493 0.5893185 -0.5463525
vn 0.3280666 0.9058266 -0.2680494
vn 0.09575717 0.9947553 0.0359528
vn -0.1036844 0.9259138 0.363226
vn -0.2670528 0.6898789 0.6728669
vn -0.3624167 0.3387306 0.8682832
vn -0.3873535 0 0.9219313
vn 0.982199 0 -0.1878435
vn 0.6831206 0.7291448 0.04115994
vn 0.2802544 0.8836342 0.375031
vn 0.04338263 0.7874073 0.6149046
vn -0.09675384 0.6151397 0.7824588
vn -0.1829975 0.4094298 0.8938004
vn -0.2298193 0.1940489 0.9536918
vn -0.2434571 0 0.9699116
vn 0.4119909 0 0.9111879
vn 0.2522218 0.3132013 0.9155813
vn 0.06509372 0.3270854 0.9427502
vn -0.02641882 0.230409 0.9727352
vn -0.06108161 0.1251059 0.9902614
vn -0.06344356 0.04065318 0.997157
vn -0.04664817 -0.003126078 0.9989065
vn -0.03387268 0 0.9994261
vn -0.1034449 0 0.9946352
vn -0.1038268 -0.06255168 0.9926265
vn -0.0942656 -0.1478732 0.9845037
vn -0.06535739 -0.2477898 0.9666069
vn -0.003471958 -0.3628801 0.9318294
vn 0.1414884 -0.4987091 0.8551435
vn 0.5306863 -0.5634468 0.6331665
vn 0.9535715 0 0.3011667
vn -0.3815302 0 0.9243564
vn -0.3319699 -0.2907865 0.8973513
vn -0.2230004 -0.5247903 0.8215023
vn -0.09568833 -0.7092663 0.6984161
vn 0.07967631 -0.8916748 0.4456095
vn 0.352995 -0.9253142 -0.138521
vn 0.5076419 -0.4636016 -0.7262048
vn 0.5103306 0 -0.8599783
vn -0.5839857 0 0.811764
vn -0.5013455 -0.4363045 0.7471887
vn -0.3160302 -0.760012 0.5678966
vn -0.1110892 -0.946583 0.3027204
vn 0.1124028 -0.9895185 -0.09065726
vn 0.3191011 -0.7681464 -0.5550905
vn 0.4159307 -0.358795 -0.8356242
vn 0.4315083 0 -0.902109
vn -0.7071068 0 0.7071068
vn -0.5987531 -0.4926882 0.631469
vn -0.3618366 -0.8270549 0.4301797
vn -0.1190523 -0.9796304 0.1617125
vn 0.1186449 -0.9762779 -0.1811207
vn 0.3332168 -0.7616382 -0.5557643
vn 0.4569435 -0.3759992 -0.8061186
vn 0.4856419 0 -0.8741579
vn 0.5825552 -0.532622 -0.613957
vn 0.3362741 -0.8540296 -0.3969299
vn 0.1076092 -0.9838556 -0.1429981
vn -0.1073725 -0.9816908 0.1573354
vn -0.3174658 -0.8062623 0.4991556
vn -0.469804 -0.4295352 0.7712222
vn 0.5951493 -0.5893185 -0.5463525
vn 0.3280666 -0.9058266 -0.2680494
vn 0.09575717 -0.9947553 0.0359528
vn -0.1036844 -0.9259138 0.363226
vn -0.2670528 -0.6898789 0.6728669
vn -0.3624167 -0.3387306 0.8682832
vn 0.6831206 -0.7291448 0.04115994
vn 0.2802544 -0.8836342 0.375031
vn 0.04338263 -0.7874073 0.6149046
vn -0.09675384 -0.6151397 0.7824588
vn -0.1829975 -0.4094298 0.8938004
vn -0.2298193 -0.1940489 0.9536918
vn 0.2522218 -0.3132013 0.9155813
vn 0.06509372 -0.3270854 0.9427502
vn -0.02641882 -0.230409 0.9727352
vn -0.06108161 -0.1251059 0.9902614
vn -0.06344356 -0.04065318 0.997157
vn -0.04664817 0.003126078 0.9989065
vn -0.1038268 0.06255168 0.9926265
vn -0.0942656 0.1478732 0.9845037
vn -0.06535739 0.2477898 0.9666069
vn -0.003471958 0.3628801 0.9318294
vn 0.1414884 0.4987091 0.8551435
vn 0.5306863 0.5634468 0.6331665
vn -0.3319699 0.2907865 0.8973513
vn -0.2230004 0.5247903 0.8215023
vn -0.09568833 0.7092663 0.6984161
vn 0.07967631 0.8916748 0.4456095
vn 0.352995 0.9253142 -0.138521
vn 0.5076419 0.4636016 -0.7262048
vn -0.5013455 0.4363045 0.7471887
vn -0.3160302 0.760012 0.5678966
vn -0.1110892 0.946583 0.3027204
vn 0.1124028 0.9895185 -0.09065726
vn 0.3191011 0.7681464 -0.5550905
vn 0.4159307 0.358795 -0.8356242
vn -0.5987531 0.4926882 0.631469
vn -0.3618366 0.8270549 0.4301797
vn -0.1190523 0.9796304 0.1617125
vn 0.1186449 0.9762779 -0.1811207
vn 0.3332168 0.7616382 -0.5557643
vn 0.4569435 0.3759992 -0.8061186
vn -0.9085666 0 0.41774
vn -0.7851326 -0.4689399 0.4045517
vn -0.4781244 -0.8149683 0.3274504
vn -0.1451107 -0.9721311 0.1841301
vn 0.1764266 -0.9841363 -0.01869122
vn 0.494677 -0.825351 -0.2721957
vn 0.7396527 -0.453013 -0.4976877
vn 0.8161787 0 -0.5777994
vn -0.9656107 0 0.2599923
vn -0.882026 -0.3797863 0.2789133
vn -0.5867001 -0.7593735 0.281309
vn -0.1468937 -0.9684106 0.2015028
vn 0.2940407 -0.954438 0.05087491
vn 0.6615102 -0.7396865 -0.123564
vn 0.88911 -0.377875 -0.2582513
vn 0.9526271 0 -0.3041409
vn -0.9675313 0 0.2527515
vn -0.9068106 -0.3217055 0.2723972
vn -0.6363024 -0.7146273 0.2905633
vn -0.105482 -0.9698854 0.2195352
vn 0.4287439 -0.9009563 0.06675664
vn 0.7741681 -0.6279842 -0.07937034
vn 0.9388734 -0.2981993 -0.1720289
vn 0.9795013 0 -0.2014379
vn -0.9181627 0 0.3962034
vn -0.8548236 -0.3279746 0.4021309
vn -0.5762736 -0.7266769 0.3739645
vn -0.03659901 -0.972823 0.2286392
vn 0.4802215 -0.8769342 0.01933379
vn 0.7903827 -0.5950413 -0.1456748
vn 0.9302164 -0.278652 -0.2388526
vn 0.963798 0 -0.2666335
vn -0.7327585 0 0.6804889
vn -0.6575124 -0.3906592 0.6442537
vn -0.3922499 -0.7793046 0.4886965
vn 0.005417522 -0.9763167 0.2162789
vn 0.3864976 -0.9191452 -0.07610318
vn 0.6699316 -0.6727533 -0.3139981
vn 0.8257348 -0.3304294 -0.4571417
vn 0.8665475 0 -0.4990945
vn -0.3572332 0 0.9340153
vn -0.3127564 -0.4540085 0.8343019
vn -0.1770395 -0.8187628 0.5461542
vn 0.002275069 -0.9813091 0.192425
vn 0.1941481 -0.9685023 -0.1559157
vn 0.3874294 -0.7839029 -0.485175
vn 0.5360736 -0.4212568 -0.7315516
vn 0.5841638 0 -0.8116358
vn -0.3230425 0 0.9463844
vn -0.3117996 -0.1435849 0.939236
vn -0.2587971 -0.4651483 0.8465584
vn -0.1665612 -0.7821366 0.600433
vn -0.1440383 -0.8265325 0.5441479
vn -0.1122484 -0.8773522 0.4665334
vn -0.003650532 -0.9824043 0.1867307
vn 0.05503837 -0.9968412 0.05725683
vn 0.1436648 -0.97638 -0.1613768
vn 0.232192 -0.9118765 -0.3384791
vn 0.2990671 -0.8100637 -0.504337
vn 0.3109229 -0.7916394 -0.5259602
vn 0.3962168 -0.5487131 -0.7361563
vn 0.4094775 -0.4541917 -0.7912256
vn 0.4553908 0 -0.8902917
vn 0.4690917 3.191213e-8 0.8831495
vn 0.9671978 4.227688e-8 0.2540241
vn 0.46125 -0.1364353 0.8767177
vn 0.9664617 -0.04208944 0.253338
vn 0.494329 -0.4203428 0.7608882
vn 0.9590377 -0.1388775 0.2469003
vn 0.5227951 -0.6571195 0.5430279
vn 0.9500427 -0.2168412 0.2244966
vn 0.5409821 -0.6808027 0.4938078
vn 0.9475153 -0.2311956 0.2208241
vn 0.5440994 -0.7167933 0.436077
vn 0.9467619 -0.2414216 0.2129729
vn 0.6083338 -0.7637018 0.2160777
vn 0.9471545 -0.2760346 0.1634118
vn 0.6184529 -0.776685 0.1194845
vn 0.9515929 -0.2747838 0.1377126
vn 0.6632926 -0.7458219 -0.06158441
vn 0.9596143 -0.2754561 0.05713379
vn 0.6625288 -0.7176521 -0.2145483
vn 0.9679751 -0.2510465 -1.778775e-7
vn 0.6736402 -0.6391656 -0.3710475
vn 0.9691177 -0.2276898 -0.09470049
vn 0.6672163 -0.6318183 -0.3944972
vn 0.9697245 -0.2213334 -0.103179
vn 0.6139806 -0.4794104 -0.6270514
vn 0.9670549 -0.1557827 -0.2013369
vn 0.5976285 -0.4053571 -0.6917555
vn 0.9602492 -0.1345996 -0.2445493
vn 0.5354844 0 -0.8445451
vn 0.952937 0 -0.3031683
vn -0.7851326 0.4689399 0.4045517
vn -0.4781244 0.8149683 0.3274504
vn -0.1451107 0.9721311 0.1841301
vn 0.1764266 0.9841363 -0.01869122
vn 0.494677 0.825351 -0.2721957
vn 0.7396527 0.453013 -0.4976877
vn -0.882026 0.3797863 0.2789133
vn -0.5867001 0.7593735 0.281309
vn -0.1468937 0.9684106 0.2015028
vn 0.2940407 0.954438 0.05087491
vn 0.6615102 0.7396865 -0.123564
vn 0.88911 0.377875 -0.2582513
vn -0.9068106 0.3217055 0.2723972
vn -0.6363024 0.7146273 0.2905633
vn -0.105482 0.9698854 0.2195352
vn 0.4287439 0.9009563 0.06675664
vn 0.7741681 0.6279842 -0.07937034
vn 0.9388734 0.2981993 -0.1720289
vn -0.8548236 0.3279746 0.4021309
vn -0.5762736 0.7266769 0.3739645
vn -0.03659901 0.972823 0.2286392
vn 0.4802215 0.8769342 0.01933379
vn 0.7903827 0.5950413 -0.1456748
vn 0.9302164 0.278652 -0.2388526
vn -0.6575124 0.3906592 0.6442537
vn -0.3922499 0.7793046 0.4886965
vn 0.005417522 0.9763167 0.2162789
vn 0.3864976 0.9191452 -0.07610318
vn 0.6699316 0.6727533 -0.3139981
vn 0.8257348 0.3304294 -0.4571417
vn -0.3127564 0.4540085 0.8343019
vn -0.1770395 0.8187628 0.5461542
vn 0.002275069 0.9813091 0.192425
vn 0.1941481 0.9685023 -0.1559157
vn 0.3874294 0.7839029 -0.485175
vn 0.5360736 0.4212568 -0.7315516
vn -0.3117996 0.1435849 0.939236
vn -0.2587971 0.4651483 0.8465584
vn -0.1665612 0.7821366 0.600433
vn -0.1440383 0.8265325 0.5441479
vn -0.1122484 0.8773522 0.4665334
vn -0.003650532 0.9824043 0.1867307
vn 0.05503837 0.9968412 0.05725683
vn 0.1436648 0.97638 -0.1613768
vn 0.232192 0.9118765 -0.3384791
vn 0.2990671 0.8100637 -0.504337
vn 0.3109229 0.7916394 -0.5259602
vn 0.3962168 0.5487131 -0.7361563
vn 0.4094775 0.4541917 -0.7912256
vn 0.46125 0.1364353 0.8767177
vn 0.9664617 0.04208944 0.253338
vn 0.494329 0.4203428 0.7608882
vn 0.9590377 0.1388775 0.2469003
vn 0.5227951 0.6571195 0.5430279
vn 0.9500427 0.2168412 0.2244966
vn 0.5409821 0.6808027 0.4938078
vn 0.9475153 0.2311956 0.2208241
vn 0.5440994 0.7167933 0.436077
vn 0.9467619 0.2414216 0.2129729
vn 0.6083338 0.7637018 0.2160777
vn 0.9471545 0.2760346 0.1634118
vn 0.6184529 0.776685 0.1194845
vn 0.9515929 0.2747838 0.1377126
vn 0.6632926 0.7458219 -0.06158441
vn 0.9596143 0.2754561 0.05713379
vn 0.6625288 0.7176521 -0.2145483
vn 0.9679751 0.2510465 -1.778775e-7
vn 0.6736402 0.6391656 -0.3710475
vn 0.9691177 0.2276898 -0.09470049
vn 0.6672163 0.6318183 -0.3944972
vn 0.9697245 0.2213334 -0.103179
vn 0.6139806 0.4794104 -0.6270514
vn 0.9670549 0.1557827 -0.2013369
vn 0.5976285 0.4053571 -0.6917555
vn 0.9602492 0.1345996 -0.2445493
vn 0 0 1
vn -0.2582616 0 0.9660751
vn -0.2517864 -0.05746861 0.9660751
vn -0.2326857 -0.1120555 0.966075
vn -0.201917 -0.1610235 0.9660751
vn -0.1610235 -0.2019171 0.966075
vn -0.1120555 -0.2326856 0.9660751
vn -0.05746859 -0.2517864 0.9660751
vn 1.128897e-8 -0.2582616 0.9660751
vn -0.8985233 0 0.4389257
vn -0.8759955 -0.1999403 0.4389257
vn -0.8095415 -0.3898548 0.4389258
vn -0.7024938 -0.5602202 0.4389257
vn -0.5602201 -0.7024938 0.4389259
vn -0.3898546 -0.8095415 0.4389258
vn -0.1999402 -0.8759955 0.4389257
vn 3.927571e-8 -0.8985233 0.4389257
vn -0.9218767 0 -0.3874834
vn -0.8987633 -0.2051369 -0.3874835
vn -0.8305822 -0.3999873 -0.3874833
vn -0.7207521 -0.5747808 -0.3874835
vn -0.5747806 -0.7207523 -0.3874834
vn -0.3999872 -0.8305823 -0.3874834
vn -0.2051368 -0.8987633 -0.3874835
vn 4.029651e-8 -0.9218767 -0.3874834
vn -0.8233559 0 -0.5675254
vn -0.8027126 -0.1832139 -0.5675255
vn -0.741818 -0.3572407 -0.5675255
vn -0.6437254 -0.5133539 -0.5675255
vn -0.5133539 -0.6437255 -0.5675254
vn -0.3572406 -0.741818 -0.5675255
vn -0.1832139 -0.8027126 -0.5675255
vn 3.599003e-8 -0.8233559 -0.5675254
vn -0.861136 0 -0.5083747
vn -0.8395455 -0.1916208 -0.5083748
vn -0.7758566 -0.3736329 -0.5083748
vn -0.6732631 -0.5369095 -0.5083748
vn -0.5369094 -0.6732632 -0.5083748
vn -0.3736328 -0.7758567 -0.5083748
vn -0.1916207 -0.8395455 -0.5083748
vn 3.764145e-8 -0.861136 -0.5083747
vn -0.9954262 0 -0.09553395
vn -0.9704687 -0.2215032 -0.09553394
vn -0.8968479 -0.4318992 -0.09553409
vn -0.7782555 -0.6206382 -0.095534
vn -0.6206381 -0.7782556 -0.09553402
vn -0.4318992 -0.896848 -0.09553411
vn -0.2215031 -0.9704687 -0.09553394
vn 4.351146e-8 -0.9954262 -0.09553395
vn -0.7071064 0 0.7071071
vn -0.6893778 -0.157346 0.7071071
vn -0.6370809 -0.306802 0.7071071
vn -0.552838 -0.4408737 0.7071071
vn -0.4408736 -0.5528381 0.7071071
vn -0.3068019 -0.637081 0.7071071
vn -0.1573459 -0.6893778 0.7071071
vn 3.090861e-8 -0.7071064 0.7071071
vn 0.05746861 -0.2517864 0.9660751
vn 0.1120555 -0.2326857 0.966075
vn 0.1610235 -0.201917 0.9660751
vn 0.2019171 -0.1610235 0.966075
vn 0.2326856 -0.1120555 0.9660751
vn 0.2517864 -0.05746859 0.9660751
vn 0.2582616 1.128897e-8 0.9660751
vn 0.1999403 -0.8759955 0.4389257
vn 0.3898548 -0.8095415 0.4389258
vn 0.5602202 -0.7024938 0.4389257
vn 0.7024938 -0.5602201 0.4389259
vn 0.8095415 -0.3898546 0.4389258
vn 0.8759955 -0.1999402 0.4389257
vn 0.8985233 3.927571e-8 0.4389257
vn 0.2051369 -0.8987633 -0.3874835
vn 0.3999873 -0.8305822 -0.3874833
vn 0.5747808 -0.7207521 -0.3874835
vn 0.7207523 -0.5747806 -0.3874834
vn 0.8305823 -0.3999872 -0.3874834
vn 0.8987633 -0.2051368 -0.3874835
vn 0.9218767 4.029651e-8 -0.3874834
vn 0.1832139 -0.8027126 -0.5675255
vn 0.3572407 -0.741818 -0.5675255
vn 0.5133539 -0.6437254 -0.5675255
vn 0.6437255 -0.5133539 -0.5675254
vn 0.741818 -0.3572406 -0.5675255
vn 0.8027126 -0.1832139 -0.5675255
vn 0.8233559 3.599003e-8 -0.5675254
vn 0.1916208 -0.8395455 -0.5083748
vn 0.3736329 -0.7758566 -0.5083748
vn 0.5369095 -0.6732631 -0.5083748
vn 0.6732632 -0.5369094 -0.5083748
vn 0.7758567 -0.3736328 -0.5083748
vn 0.8395455 -0.1916207 -0.5083748
vn 0.861136 3.764145e-8 -0.5083747
vn 0.2215032 -0.9704687 -0.09553394
vn 0.4318992 -0.8968479 -0.09553409
vn 0.6206382 -0.7782555 -0.095534
vn 0.7782556 -0.6206381 -0.09553402
vn 0.896848 -0.4318992 -0.09553411
vn 0.9704687 -0.2215031 -0.09553394
vn 0.9954262 4.351146e-8 -0.09553395
vn 0.157346 -0.6893778 0.7071071
vn 0.306802 -0.6370809 0.7071071
vn 0.4408737 -0.552838 0.7071071
vn 0.5528381 -0.4408736 0.7071071
vn 0.637081 -0.3068019 0.7071071
vn 0.6893778 -0.1573459 0.7071071
vn 0.7071064 3.090861e-8 0.7071071
vn 0 0.2582616 0.9660751
vn 0.05746861 0.2517864 0.9660751
vn 0.1120555 0.2326857 0.966075
vn 0.1610235 0.201917 0.9660751
vn 0.2019171 0.1610235 0.966075
vn 0.2326856 0.1120555 0.9660751
vn 0.2517864 0.05746859 0.9660751
vn 0 0.8985233 0.4389257
vn 0.1999403 0.8759955 0.4389257
vn 0.3898548 0.8095415 0.4389258
vn 0.5602202 0.7024938 0.4389257
vn 0.7024938 0.5602201 0.4389259
vn 0.8095415 0.3898546 0.4389258
vn 0.8759955 0.1999402 0.4389257
vn 0 0.9218767 -0.3874834
vn 0.2051369 0.8987633 -0.3874835
vn 0.3999873 0.8305822 -0.3874833
vn 0.5747808 0.7207521 -0.3874835
vn 0.7207523 0.5747806 -0.3874834
vn 0.8305823 0.3999872 -0.3874834
vn 0.8987633 0.2051368 -0.3874835
vn 0 0.8233559 -0.5675254
vn 0.1832139 0.8027126 -0.5675255
vn 0.3572407 0.741818 -0.5675255
vn 0.5133539 0.6437254 -0.5675255
vn 0.6437255 0.5133539 -0.5675254
vn 0.741818 0.3572406 -0.5675255
vn 0.8027126 0.1832139 -0.5675255
vn 0 0.861136 -0.5083747
vn 0.1916208 0.8395455 -0.5083748
vn 0.3736329 0.7758566 -0.5083748
vn 0.5369095 0.6732631 -0.5083748
vn 0.6732632 0.5369094 -0.5083748
vn 0.7758567 0.3736328 -0.5083748
vn 0.8395455 0.1916207 -0.5083748
vn 0 0.9954262 -0.09553395
vn 0.2215032 0.9704687 -0.09553394
vn 0.4318992 0.8968479 -0.09553409
vn 0.6206382 0.7782555 -0.095534
vn 0.7782556 0.6206381 -0.09553402
vn 0.896848 0.4318992 -0.09553411
vn 0.9704687 0.2215031 -0.09553394
vn 0 0.7071064 0.7071071
vn 0.157346 0.6893778 0.7071071
vn 0.306802 0.6370809 0.7071071
vn 0.4408737 0.552838 0.7071071
vn 0.5528381 0.4408736 0.7071071
vn 0.637081 0.3068019 0.7071071
vn 0.6893778 0.1573459 0.7071071
vn -0.2517864 0.05746861 0.9660751
vn -0.2326857 0.1120555 0.966075
vn -0.201917 0.1610235 0.9660751
vn -0.1610235 0.2019171 0.966075
vn -0.1120555 0.2326856 0.9660751
vn -0.05746859 0.2517864 0.9660751
vn -0.8759955 0.1999403 0.4389257
vn -0.8095415 0.3898548 0.4389258
vn -0.7024938 0.5602202 0.4389257
vn -0.5602201 0.7024938 0.4389259
vn -0.3898546 0.8095415 0.4389258
vn -0.1999402 0.8759955 0.4389257
vn -0.8987633 0.2051369 -0.3874835
vn -0.8305822 0.3999873 -0.3874833
vn -0.7207521 0.5747808 -0.3874835
vn -0.5747806 0.7207523 -0.3874834
vn -0.3999872 0.8305823 -0.3874834
vn -0.2051368 0.8987633 -0.3874835
vn -0.8027126 0.1832139 -0.5675255
vn -0.741818 0.3572407 -0.5675255
vn -0.6437254 0.5133539 -0.5675255
vn -0.5133539 0.6437255 -0.5675254
vn -0.3572406 0.741818 -0.5675255
vn -0.1832139 0.8027126 -0.5675255
vn -0.8395455 0.1916208 -0.5083748
vn -0.7758566 0.3736329 -0.5083748
vn -0.6732631 0.5369095 -0.5083748
vn -0.5369094 0.6732632 -0.5083748
vn -0.3736328 0.7758567 -0.5083748
vn -0.1916207 0.8395455 -0.5083748
vn -0.9704687 0.2215032 -0.09553394
vn -0.8968479 0.4318992 -0.09553409
vn -0.7782555 0.6206382 -0.095534
vn -0.6206381 0.7782556 -0.09553402
vn -0.4318992 0.896848 -0.09553411
vn -0.2215031 0.9704687 -0.09553394
vn -0.6893778 0.157346 0.7071071
vn -0.6370809 0.306802 0.7071071
vn -0.552838 0.4408737 0.7071071
vn -0.4408736 0.5528381 0.7071071
vn -0.3068019 0.637081 0.7071071
vn -0.1573459 0.6893778 0.7071071
vn -0.3497066 0 0.9368593
vn -0.3409387 -0.07781705 0.9368593
vn -0.3150747 -0.151732 0.9368593
vn -0.2734116 -0.2180385 0.9368593
vn -0.2180385 -0.2734116 0.9368593
vn -0.151732 -0.3150747 0.9368593
vn -0.077817 -0.3409387 0.9368593
vn 1.528616e-8 -0.3497066 0.9368593
vn -0.229438 0 0.9733233
vn -0.2236855 -0.05105475 0.9733233
vn -0.2067165 -0.09954943 0.9733233
vn -0.1793818 -0.1430522 0.9733233
vn -0.1430522 -0.1793818 0.9733233
vn -0.09954938 -0.2067165 0.9733233
vn -0.05105473 -0.2236855 0.9733233
vn 1.002905e-8 -0.229438 0.9733233
vn -0.2009956 0 0.9795922
vn -0.1959562 -0.04472573 0.9795922
vn -0.1810908 -0.08720872 0.9795921
vn -0.1571447 -0.1253187 0.9795921
vn -0.1253187 -0.1571447 0.9795921
vn -0.0872087 -0.1810908 0.9795922
vn -0.04472571 -0.1959562 0.9795922
vn 8.785796e-9 -0.2009956 0.9795922
vn -0.2251364 0 0.9743273
vn -0.2194917 -0.05009756 0.9743273
vn -0.2028409 -0.09768303 0.9743273
vn -0.1760187 -0.1403702 0.9743273
vn -0.1403702 -0.1760187 0.9743273
vn -0.09768301 -0.2028409 0.9743273
vn -0.05009754 -0.2194918 0.9743273
vn 9.841022e-9 -0.2251364 0.9743273
vn -0.3154097 0 0.9489556
vn -0.3075018 -0.07018527 0.9489556
vn -0.2841744 -0.1368512 0.9489556
vn -0.2465972 -0.1966548 0.9489556
vn -0.1966547 -0.2465973 0.9489556
vn -0.1368511 -0.2841744 0.9489557
vn -0.07018524 -0.3075018 0.9489556
vn 1.3787e-8 -0.3154097 0.9489556
vn -0.5709112 0 0.8210118
vn -0.5565972 -0.1270397 0.8210118
vn -0.5143732 -0.2477091 0.8210118
vn -0.4463564 -0.3559574 0.8210118
vn -0.3559574 -0.4463564 0.8210117
vn -0.2477091 -0.5143733 0.8210118
vn -0.1270396 -0.5565972 0.8210118
vn 2.495532e-8 -0.5709112 0.8210118
vn -1 0 0
vn -0.9749278 -0.2225209 0
vn -0.9009689 -0.4338838 0
vn -0.7818314 -0.6234899 -3.096905e-7
vn -0.6234897 -0.7818316 -7.76679e-7
vn -0.4338836 -0.9009689 0
vn -0.2225208 -0.9749279 0
vn 4.371139e-8 -1 0
vn 0.07781705 -0.3409387 0.9368593
vn 0.151732 -0.3150747 0.9368593
vn 0.2180385 -0.2734116 0.9368593
vn 0.2734116 -0.2180385 0.9368593
vn 0.3150747 -0.151732 0.9368593
vn 0.3409387 -0.077817 0.9368593
vn 0.3497066 1.528616e-8 0.9368593
vn 0.05105475 -0.2236855 0.9733233
vn 0.09954943 -0.2067165 0.9733233
vn 0.1430522 -0.1793818 0.9733233
vn 0.1793818 -0.1430522 0.9733233
vn 0.2067165 -0.09954938 0.9733233
vn 0.2236855 -0.05105473 0.9733233
vn 0.229438 1.002905e-8 0.9733233
vn 0.04472573 -0.1959562 0.9795922
vn 0.08720872 -0.1810908 0.9795921
vn 0.1253187 -0.1571447 0.9795921
vn 0.1571447 -0.1253187 0.9795921
vn 0.1810908 -0.0872087 0.9795922
vn 0.1959562 -0.04472571 0.9795922
vn 0.2009956 8.785796e-9 0.9795922
vn 0.05009756 -0.2194917 0.9743273
vn 0.09768303 -0.2028409 0.9743273
vn 0.1403702 -0.1760187 0.9743273
vn 0.1760187 -0.1403702 0.9743273
vn 0.2028409 -0.09768301 0.9743273
vn 0.2194918 -0.05009754 0.9743273
vn 0.2251364 9.841022e-9 0.9743273
vn 0.07018527 -0.3075018 0.9489556
vn 0.1368512 -0.2841744 0.9489556
vn 0.1966548 -0.2465972 0.9489556
vn 0.2465973 -0.1966547 0.9489556
vn 0.2841744 -0.1368511 0.9489557
vn 0.3075018 -0.07018524 0.9489556
vn 0.3154097 1.3787e-8 0.9489556
vn 0.1270397 -0.5565972 0.8210118
vn 0.2477091 -0.5143732 0.8210118
vn 0.3559574 -0.4463564 0.8210118
vn 0.4463564 -0.3559574 0.8210117
vn 0.5143733 -0.2477091 0.8210118
vn 0.5565972 -0.1270396 0.8210118
vn 0.5709112 2.495532e-8 0.8210118
vn 0.2225209 -0.9749278 0
vn 0.4338838 -0.9009689 0
vn 0.6234899 -0.7818314 -3.096905e-7
vn 0.7818316 -0.6234897 -7.76679e-7
vn 0.9009689 -0.4338836 0
vn 0.9749279 -0.2225208 0
vn 1 4.371139e-8 0
vn 0 0.3497066 0.9368593
vn 0.07781705 0.3409387 0.9368593
vn 0.151732 0.3150747 0.9368593
vn 0.2180385 0.2734116 0.9368593
vn 0.2734116 0.2180385 0.9368593
vn 0.3150747 0.151732 0.9368593
vn 0.3409387 0.077817 0.9368593
vn 0 0.229438 0.9733233
vn 0.05105475 0.2236855 0.9733233
vn 0.09954943 0.2067165 0.9733233
vn 0.1430522 0.1793818 0.9733233
vn 0.1793818 0.1430522 0.9733233
vn 0.2067165 0.09954938 0.9733233
vn 0.2236855 0.05105473 0.9733233
vn 0 0.2009956 0.9795922
vn 0.04472573 0.1959562 0.9795922
vn 0.08720872 0.1810908 0.9795921
vn 0.1253187 0.1571447 0.9795921
vn 0.1571447 0.1253187 0.9795921
vn 0.1810908 0.0872087 0.9795922
vn 0.1959562 0.04472571 0.9795922
vn 0 0.2251364 0.9743273
vn 0.05009756 0.2194917 0.9743273
vn 0.09768303 0.2028409 0.9743273
vn 0.1403702 0.1760187 0.9743273
vn 0.1760187 0.1403702 0.9743273
vn 0.2028409 0.09768301 0.9743273
vn 0.2194918 0.05009754 0.9743273
vn 0 0.3154097 0.9489556
vn 0.07018527 0.3075018 0.9489556
vn 0.1368512 0.2841744 0.9489556
vn 0.1966548 0.2465972 0.9489556
vn 0.2465973 0.1966547 0.9489556
vn 0.2841744 0.1368511 0.9489557
vn 0.3075018 0.07018524 0.9489556
vn 0 0.5709112 0.8210118
vn 0.1270397 0.5565972 0.8210118
vn 0.2477091 0.5143732 0.8210118
vn 0.3559574 0.4463564 0.8210118
vn 0.4463564 0.3559574 0.8210117
vn 0.5143733 0.2477091 0.8210118
vn 0.5565972 0.1270396 0.8210118
vn 0 1 0
vn 0.2225209 0.9749278 0
vn 0.4338838 0.9009689 0
vn 0.6234899 0.7818314 -3.096905e-7
vn 0.7818316 0.6234897 -7.76679e-7
vn 0.9009689 0.4338836 0
vn 0.9749279 0.2225208 0
vn -0.3409387 0.07781705 0.9368593
vn -0.3150747 0.151732 0.9368593
vn -0.2734116 0.2180385 0.9368593
vn -0.2180385 0.2734116 0.9368593
vn -0.151732 0.3150747 0.9368593
vn -0.077817 0.3409387 0.9368593
vn -0.2236855 0.05105475 0.9733233
vn -0.2067165 0.09954943 0.9733233
vn -0.1793818 0.1430522 0.9733233
vn -0.1430522 0.1793818 0.9733233
vn -0.09954938 0.2067165 0.9733233
vn -0.05105473 0.2236855 0.9733233
vn -0.1959562 0.04472573 0.9795922
vn -0.1810908 0.08720872 0.9795921
vn -0.1571447 0.1253187 0.9795921
vn -0.1253187 0.1571447 0.9795921
vn -0.0872087 0.1810908 0.9795922
vn -0.04472571 0.1959562 0.9795922
vn -0.2194917 0.05009756 0.9743273
vn -0.2028409 0.09768303 0.9743273
vn -0.1760187 0.1403702 0.9743273
vn -0.1403702 0.1760187 0.9743273
vn -0.09768301 0.2028409 0.9743273
vn -0.05009754 0.2194918 0.9743273
vn -0.3075018 0.07018527 0.9489556
vn -0.2841744 0.1368512 0.9489556
vn -0.2465972 0.1966548 0.9489556
vn -0.1966547 0.2465973 0.9489556
vn -0.1368511 0.2841744 0.9489557
vn -0.07018524 0.3075018 0.9489556
vn -0.5565972 0.1270397 0.8210118
vn -0.5143732 0.2477091 0.8210118
vn -0.4463564 0.3559574 0.8210118
vn -0.3559574 0.4463564 0.8210117
vn -0.2477091 0.5143733 0.8210118
vn -0.1270396 0.5565972 0.8210118
vn -0.9749278 0.2225209 0
vn -0.9009689 0.4338838 0
vn -0.7818314 0.6234899 -3.096905e-7
vn -0.6234897 0.7818316 -7.76679e-7
vn -0.4338836 0.9009689 0
vn -0.2225208 0.9749279 0
vn 0.9417421 0 -0.3363358
vn 0.9181309 0.2095574 -0.3363349
vn 0.8484805 0.4086067 -0.3363354
vn 0.7362837 0.5871668 -0.3363355
vn 0.5871667 0.7362838 -0.3363355
vn 0.4086066 0.8484805 -0.3363354
vn 0.2095574 0.918131 -0.3363349
vn -4.116485e-8 0.9417421 -0.3363358
vn 0.9912382 0 -0.1320865
vn 0.9663858 0.2205713 -0.132086
vn 0.8930748 0.4300822 -0.1320859
vn 0.7749812 0.618027 -0.1320862
vn 0.6180269 0.7749812 -0.1320863
vn 0.430082 0.8930748 -0.1320864
vn 0.2205712 0.9663859 -0.132086
vn -4.332839e-8 0.9912382 -0.1320865
vn 0.9632397 0 0.2686432
vn 0.9390894 0.214341 0.2686431
vn 0.8678489 0.417934 0.2686437
vn 0.7530911 0.6005701 0.2686436
vn 0.6005701 0.7530912 0.268643
vn 0.417934 0.8678492 0.2686428
vn 0.2143409 0.9390894 0.268643
vn -4.210453e-8 0.9632397 0.2686432
vn 0.5030353 0 0.8642659
vn 0.4904222 0.1119357 0.8642664
vn 0.4532185 0.2182585 0.8642663
vn 0.3932881 0.3136368 0.8642664
vn 0.3136371 0.3932885 0.864266
vn 0.2182587 0.453219 0.864266
vn 0.1119356 0.4904222 0.8642664
vn -2.198837e-8 0.5030353 0.8642659
vn -0.3790534 0 0.9253748
vn -0.3695508 -0.08434756 0.9253744
vn -0.3415158 -0.1644653 0.9253746
vn -0.2963561 -0.2363361 0.9253747
vn -0.2363363 -0.2963564 0.9253746
vn -0.1644654 -0.341516 0.9253745
vn -0.08434753 -0.3695508 0.9253744
vn 1.656895e-8 -0.3790534 0.9253748
vn -0.7874559 0 0.616371
vn -0.7677124 -0.1752254 0.6163715
vn -0.7094733 -0.3416643 0.616371
vn -0.6156577 -0.4909707 0.6163712
vn -0.4909706 -0.6156578 0.6163711
vn -0.3416643 -0.7094733 0.616371
vn -0.1752253 -0.7677124 0.6163715
vn 3.442079e-8 -0.7874559 0.616371
vn -0.912428 0 0.4092372
vn -0.889551 -0.2030342 0.4092383
vn -0.8220691 -0.3958876 0.4092376
vn -0.7133648 -0.5688896 0.4092374
vn -0.5688894 -0.7133648 0.4092377
vn -0.3958875 -0.8220691 0.4092376
vn -0.2030341 -0.889551 0.4092383
vn 3.988349e-8 -0.912428 0.4092372
vn -0.9417424 0 0.3363349
vn -0.9181306 -0.2095573 0.3363358
vn -0.8484805 -0.4086067 0.3363354
vn -0.7362838 -0.5871668 0.336335
vn -0.5871667 -0.7362838 0.3363355
vn -0.4086066 -0.8484805 0.3363354
vn -0.2095573 -0.9181307 0.3363359
vn 4.116486e-8 -0.9417424 0.3363349
vn -0.2095574 0.9181309 -0.3363349
vn -0.4086067 0.8484805 -0.3363354
vn -0.5871668 0.7362837 -0.3363355
vn -0.7362838 0.5871667 -0.3363355
vn -0.8484805 0.4086066 -0.3363354
vn -0.918131 0.2095574 -0.3363349
vn -0.9417421 -4.116485e-8 -0.3363358
vn -0.2205713 0.9663858 -0.132086
vn -0.4300822 0.8930748 -0.1320859
vn -0.618027 0.7749812 -0.1320862
vn -0.7749812 0.6180269 -0.1320863
vn -0.8930748 0.430082 -0.1320864
vn -0.9663859 0.2205712 -0.132086
vn -0.9912382 -4.332839e-8 -0.1320865
vn -0.214341 0.9390894 0.2686431
vn -0.417934 0.8678489 0.2686437
vn -0.6005701 0.7530911 0.2686436
vn -0.7530912 0.6005701 0.268643
vn -0.8678492 0.417934 0.2686428
vn -0.9390894 0.2143409 0.268643
vn -0.9632397 -4.210453e-8 0.2686432
vn -0.1119357 0.4904222 0.8642664
vn -0.2182585 0.4532185 0.8642663
vn -0.3136368 0.3932881 0.8642664
vn -0.3932885 0.3136371 0.864266
vn -0.453219 0.2182587 0.864266
vn -0.4904222 0.1119356 0.8642664
vn -0.5030353 -2.198837e-8 0.8642659
vn 0.08434756 -0.3695508 0.9253744
vn 0.1644653 -0.3415158 0.9253746
vn 0.2363361 -0.2963561 0.9253747
vn 0.2963564 -0.2363363 0.9253746
vn 0.341516 -0.1644654 0.9253745
vn 0.3695508 -0.08434753 0.9253744
vn 0.3790534 1.656895e-8 0.9253748
vn 0.1752254 -0.7677124 0.6163715
vn 0.3416643 -0.7094733 0.616371
vn 0.4909707 -0.6156577 0.6163712
vn 0.6156578 -0.4909706 0.6163711
vn 0.7094733 -0.3416643 0.616371
vn 0.7677124 -0.1752253 0.6163715
vn 0.7874559 3.442079e-8 0.616371
vn 0.2030342 -0.889551 0.4092383
vn 0.3958876 -0.8220691 0.4092376
vn 0.5688896 -0.7133648 0.4092374
vn 0.7133648 -0.5688894 0.4092377
vn 0.8220691 -0.3958875 0.4092376
vn 0.889551 -0.2030341 0.4092383
vn 0.912428 3.988349e-8 0.4092372
vn 0.2095573 -0.9181306 0.3363358
vn 0.4086067 -0.8484805 0.3363354
vn 0.5871668 -0.7362838 0.336335
vn 0.7362838 -0.5871667 0.3363355
vn 0.8484805 -0.4086066 0.3363354
vn 0.9181307 -0.2095573 0.3363359
vn 0.9417424 4.116486e-8 0.3363349
vn 0 -0.9417421 -0.3363358
vn -0.2095574 -0.9181309 -0.3363349
vn -0.4086067 -0.8484805 -0.3363354
vn -0.5871668 -0.7362837 -0.3363355
vn -0.7362838 -0.5871667 -0.3363355
vn -0.8484805 -0.4086066 -0.3363354
vn -0.918131 -0.2095574 -0.3363349
vn 0 -0.9912382 -0.1320865
vn -0.2205713 -0.9663858 -0.132086
vn -0.4300822 -0.8930748 -0.1320859
vn -0.618027 -0.7749812 -0.1320862
vn -0.7749812 -0.6180269 -0.1320863
vn -0.8930748 -0.430082 -0.1320864
vn -0.9663859 -0.2205712 -0.132086
vn 0 -0.9632397 0.2686432
vn -0.214341 -0.9390894 0.2686431
vn -0.417934 -0.8678489 0.2686437
vn -0.6005701 -0.7530911 0.2686436
vn -0.7530912 -0.6005701 0.268643
vn -0.8678492 -0.417934 0.2686428
vn -0.9390894 -0.2143409 0.268643
vn 0 -0.5030353 0.8642659
vn -0.1119357 -0.4904222 0.8642664
vn -0.2182585 -0.4532185 0.8642663
vn -0.3136368 -0.3932881 0.8642664
vn -0.3932885 -0.3136371 0.864266
vn -0.453219 -0.2182587 0.864266
vn -0.4904222 -0.1119356 0.8642664
vn 0 0.3790534 0.9253748
vn 0.08434756 0.3695508 0.9253744
vn 0.1644653 0.3415158 0.9253746
vn 0.2363361 0.2963561 0.9253747
vn 0.2963564 0.2363363 0.9253746
vn 0.341516 0.1644654 0.9253745
vn 0.3695508 0.08434753 0.9253744
vn 0 0.7874559 0.616371
vn 0.1752254 0.7677124 0.6163715
vn 0.3416643 0.7094733 0.616371
vn 0.4909707 0.6156577 0.6163712
vn 0.6156578 0.4909706 0.6163711
vn 0.7094733 0.3416643 0.616371
vn 0.7677124 0.1752253 0.6163715
vn 0 0.912428 0.4092372
vn 0.2030342 0.889551 0.4092383
vn 0.3958876 0.8220691 0.4092376
vn 0.5688896 0.7133648 0.4092374
vn 0.7133648 0.5688894 0.4092377
vn 0.8220691 0.3958875 0.4092376
vn 0.889551 0.2030341 0.4092383
vn 0 0.9417424 0.3363349
vn 0.2095573 0.9181306 0.3363358
vn 0.4086067 0.8484805 0.3363354
vn 0.5871668 0.7362838 0.336335
vn 0.7362838 0.5871667 0.3363355
vn 0.8484805 0.4086066 0.3363354
vn 0.9181307 0.2095573 0.3363359
vn 0.9181309 -0.2095574 -0.3363349
vn 0.8484805 -0.4086067 -0.3363354
vn 0.7362837 -0.5871668 -0.3363355
vn 0.5871667 -0.7362838 -0.3363355
vn 0.4086066 -0.8484805 -0.3363354
vn 0.2095574 -0.918131 -0.3363349
vn 0.9663858 -0.2205713 -0.132086
vn 0.8930748 -0.4300822 -0.1320859
vn 0.7749812 -0.618027 -0.1320862
vn 0.6180269 -0.7749812 -0.1320863
vn 0.430082 -0.8930748 -0.1320864
vn 0.2205712 -0.9663859 -0.132086
vn 0.9390894 -0.214341 0.2686431
vn 0.8678489 -0.417934 0.2686437
vn 0.7530911 -0.6005701 0.2686436
vn 0.6005701 -0.7530912 0.268643
vn 0.417934 -0.8678492 0.2686428
vn 0.2143409 -0.9390894 0.268643
vn 0.4904222 -0.1119357 0.8642664
vn 0.4532185 -0.2182585 0.8642663
vn 0.3932881 -0.3136368 0.8642664
vn 0.3136371 -0.3932885 0.864266
vn 0.2182587 -0.453219 0.864266
vn 0.1119356 -0.4904222 0.8642664
vn -0.3695508 0.08434756 0.9253744
vn -0.3415158 0.1644653 0.9253746
vn -0.2963561 0.2363361 0.9253747
vn -0.2363363 0.2963564 0.9253746
vn -0.1644654 0.341516 0.9253745
vn -0.08434753 0.3695508 0.9253744
vn -0.7677124 0.1752254 0.6163715
vn -0.7094733 0.3416643 0.616371
vn -0.6156577 0.4909707 0.6163712
vn -0.4909706 0.6156578 0.6163711
vn -0.3416643 0.7094733 0.616371
vn -0.1752253 0.7677124 0.6163715
vn -0.889551 0.2030342 0.4092383
vn -0.8220691 0.3958876 0.4092376
vn -0.7133648 0.5688896 0.4092374
vn -0.5688894 0.7133648 0.4092377
vn -0.3958875 0.8220691 0.4092376
vn -0.2030341 0.889551 0.4092383
vn -0.9181306 0.2095573 0.3363358
vn -0.8484805 0.4086067 0.3363354
vn -0.7362838 0.5871668 0.336335
vn -0.5871667 0.7362838 0.3363355
vn -0.4086066 0.8484805 0.3363354
vn -0.2095573 0.9181307 0.3363359
vn -0.9269984 -0.2115813 0.3096889
vn -0.8566754 -0.4125531 0.309689
vn -0.743395 -0.5928378 0.309689
vn -0.5928377 -0.7433951 0.3096887
vn -0.412553 -0.8566754 0.3096889
vn -0.2115813 -0.9269984 0.3096889
vn 4.156245e-8 -0.9508379 0.3096889
vn -0.9327365 -0.212891 0.2909983
vn -0.8619782 -0.4151068 0.2909983
vn -0.7479966 -0.5965074 0.2909983
vn -0.5965074 -0.7479967 0.2909983
vn -0.4151067 -0.8619782 0.2909983
vn -0.212891 -0.9327365 0.2909983
vn 4.181972e-8 -0.9567236 0.2909984
vn -0.9615526 0 0.2746208
vn -0.9374444 -0.2139656 0.2746208
vn -0.866329 -0.4172021 0.2746207
vn -0.7517721 -0.5995183 0.2746207
vn -0.5995182 -0.7517722 0.2746208
vn -0.417202 -0.866329 0.2746208
vn -0.2139655 -0.9374445 0.2746208
vn 4.20308e-8 -0.9615526 0.2746208
vn -0.967622 0 0.2524038
vn -0.9433617 -0.2153162 0.2524038
vn -0.8717973 -0.4198354 0.2524037
vn -0.7565173 -0.6033025 0.2524038
vn -0.6033024 -0.7565174 0.2524038
vn -0.4198353 -0.8717973 0.2524038
vn -0.2153161 -0.9433618 0.2524038
vn 4.229609e-8 -0.967622 0.2524038
vn -0.9771698 0 0.2124597
vn -0.9526702 -0.2174408 0.2124597
vn -0.8803996 -0.4239781 0.2124597
vn -0.7639821 -0.6092555 0.2124598
vn -0.6092553 -0.7639821 0.2124598
vn -0.423978 -0.8803995 0.2124598
vn -0.2174407 -0.9526702 0.2124597
vn 4.271345e-8 -0.9771698 0.2124597
vn -0.9905614 0 0.1370699
vn -0.9657259 -0.2204206 0.1370699
vn -0.8924649 -0.4297885 0.13707
vn -0.774452 -0.6176049 0.13707
vn -0.6176049 -0.7744521 0.13707
vn -0.4297884 -0.892465 0.13707
vn -0.2204206 -0.9657259 0.1370699
vn 4.329882e-8 -0.9905614 0.1370699
vn -0.9749279 -0.2225209 0
vn -0.9009688 -0.4338838 -3.701815e-7
vn -0.7818315 -0.6234899 -2.588933e-7
vn -0.6234898 -0.7818316 0
vn -0.4338837 -0.9009688 -7.183744e-8
vn -0.2225209 -0.974928 -1.842122e-8
vn 4.371139e-8 -1 0
vn 0.2115813 -0.9269984 0.3096889
vn 0.4125531 -0.8566754 0.309689
vn 0.5928378 -0.743395 0.309689
vn 0.7433951 -0.5928377 0.3096887
vn 0.8566754 -0.412553 0.3096889
vn 0.9269984 -0.2115813 0.3096889
vn 0.9508379 4.156245e-8 0.3096889
vn 0.212891 -0.9327365 0.2909983
vn 0.4151068 -0.8619782 0.2909983
vn 0.5965074 -0.7479966 0.2909983
vn 0.7479967 -0.5965074 0.2909983
vn 0.8619782 -0.4151067 0.2909983
vn 0.9327365 -0.212891 0.2909983
vn 0.9567236 4.181972e-8 0.2909984
vn 0.2139656 -0.9374444 0.2746208
vn 0.4172021 -0.866329 0.2746207
vn 0.5995183 -0.7517721 0.2746207
vn 0.7517722 -0.5995182 0.2746208
vn 0.866329 -0.417202 0.2746208
vn 0.9374445 -0.2139655 0.2746208
vn 0.9615526 4.20308e-8 0.2746208
vn 0.2153162 -0.9433617 0.2524038
vn 0.4198354 -0.8717973 0.2524037
vn 0.6033025 -0.7565173 0.2524038
vn 0.7565174 -0.6033024 0.2524038
vn 0.8717973 -0.4198353 0.2524038
vn 0.9433618 -0.2153161 0.2524038
vn 0.2174408 -0.9526702 0.2124597
vn 0.4239781 -0.8803996 0.2124597
vn 0.6092555 -0.7639821 0.2124598
vn 0.7639821 -0.6092553 0.2124598
vn 0.8803995 -0.423978 0.2124598
vn 0.2204206 -0.9657259 0.1370699
vn 0.4297885 -0.8924649 0.13707
vn 0.6176049 -0.774452 0.13707
vn 0.7744521 -0.6176049 0.13707
vn 0.892465 -0.4297884 0.13707
vn 0.2225209 -0.9749279 0
vn 0.4338838 -0.9009688 -3.701815e-7
vn 0.6234899 -0.7818315 -2.588933e-7
vn 0.7818316 -0.6234898 0
vn 0.9009688 -0.4338837 -7.183744e-8
vn 0 0.9508379 0.3096889
vn 0.2115813 0.9269984 0.3096889
vn 0.4125531 0.8566754 0.309689
vn 0.5928378 0.743395 0.309689
vn 0.7433951 0.5928377 0.3096887
vn 0.8566754 0.412553 0.3096889
vn 0.9269984 0.2115813 0.3096889
vn 0 0.9567236 0.2909984
vn 0.212891 0.9327365 0.2909983
vn 0.4151068 0.8619782 0.2909983
vn 0.5965074 0.7479966 0.2909983
vn 0.7479967 0.5965074 0.2909983
vn 0.8619782 0.4151067 0.2909983
vn 0.9327365 0.212891 0.2909983
vn 0 0.9615526 0.2746208
vn 0.2139656 0.9374444 0.2746208
vn 0.4172021 0.866329 0.2746207
vn 0.5995183 0.7517721 0.2746207
vn 0.7517722 0.5995182 0.2746208
vn 0.866329 0.417202 0.2746208
vn 0.9374445 0.2139655 0.2746208
vn 0 0.967622 0.2524038
vn 0.2153162 0.9433617 0.2524038
vn 0.4198354 0.8717973 0.2524037
vn 0.6033025 0.7565173 0.2524038
vn 0.7565174 0.6033024 0.2524038
vn 0.8717973 0.4198353 0.2524038
vn 0.9433618 0.2153161 0.2524038
vn 0 0.9771698 0.2124597
vn 0.2174408 0.9526702 0.2124597
vn 0.4239781 0.8803996 0.2124597
vn 0.6092555 0.7639821 0.2124598
vn 0.7639821 0.6092553 0.2124598
vn 0.8803995 0.423978 0.2124598
vn 0 0.9905614 0.1370699
vn 0.2204206 0.9657259 0.1370699
vn 0.4297885 0.8924649 0.13707
vn 0.6176049 0.774452 0.13707
vn 0.7744521 0.6176049 0.13707
vn 0.892465 0.4297884 0.13707
vn 0 1 0
vn 0.2225209 0.9749279 0
vn 0.4338838 0.9009688 -3.701815e-7
vn 0.6234899 0.7818315 -2.588933e-7
vn 0.7818316 0.6234898 0
vn 0.9009688 0.4338837 -7.183744e-8
vn -0.9269984 0.2115813 0.3096889
vn -0.8566754 0.4125531 0.309689
vn -0.743395 0.5928378 0.309689
vn -0.5928377 0.7433951 0.3096887
vn -0.412553 0.8566754 0.3096889
vn -0.2115813 0.9269984 0.3096889
vn -0.9327365 0.212891 0.2909983
vn -0.8619782 0.4151068 0.2909983
vn -0.7479966 0.5965074 0.2909983
vn -0.5965074 0.7479967 0.2909983
vn -0.4151067 0.8619782 0.2909983
vn -0.212891 0.9327365 0.2909983
vn -0.9374444 0.2139656 0.2746208
vn -0.866329 0.4172021 0.2746207
vn -0.7517721 0.5995183 0.2746207
vn -0.5995182 0.7517722 0.2746208
vn -0.417202 0.866329 0.2746208
vn -0.2139655 0.9374445 0.2746208
vn -0.9433617 0.2153162 0.2524038
vn -0.8717973 0.4198354 0.2524037
vn -0.7565173 0.6033025 0.2524038
vn -0.6033024 0.7565174 0.2524038
vn -0.4198353 0.8717973 0.2524038
vn -0.2153161 0.9433618 0.2524038
vn -0.9526702 0.2174408 0.2124597
vn -0.8803996 0.4239781 0.2124597
vn -0.7639821 0.6092555 0.2124598
vn -0.6092553 0.7639821 0.2124598
vn -0.423978 0.8803995 0.2124598
vn -0.2174407 0.9526702 0.2124597
vn -0.9657259 0.2204206 0.1370699
vn -0.8924649 0.4297885 0.13707
vn -0.774452 0.6176049 0.13707
vn -0.6176049 0.7744521 0.13707
vn -0.4297884 0.892465 0.13707
vn -0.2204206 0.9657259 0.1370699
vn -0.9749279 0.2225209 0
vn -0.9009688 0.4338838 -3.701815e-7
vn -0.7818315 0.6234899 -2.588933e-7
vn -0.6234898 0.7818316 0
vn -0.4338837 0.9009688 -7.183744e-8
vn -0.2225209 0.974928 -1.842122e-8
vn -0.9551628 -0.2180097 -0.2003392
vn -0.8827032 -0.4250874 -0.200339
vn -0.765981 -0.6108496 -0.2003391
vn -0.6108495 -0.7659812 -0.2003392
vn -0.4250873 -0.8827032 -0.2003393
vn -0.2180096 -0.9551628 -0.2003392
vn 4.282521e-8 -0.9797266 -0.2003392
vn -0.9141492 0 -0.405378
vn -0.8912296 -0.2034173 -0.4053779
vn -0.82362 -0.3966344 -0.4053779
vn -0.7147107 -0.5699628 -0.4053779
vn -0.5699626 -0.7147107 -0.4053778
vn -0.3966344 -0.82362 -0.405378
vn -0.2034173 -0.8912296 -0.4053779
vn 3.995873e-8 -0.9141492 -0.405378
vn -0.8250481 0 -0.5650624
vn -0.8043624 -0.1835905 -0.5650624
vn -0.7433427 -0.3579749 -0.5650625
vn -0.6450486 -0.5144091 -0.5650624
vn -0.5144091 -0.6450487 -0.5650623
vn -0.3579749 -0.7433427 -0.5650625
vn -0.1835904 -0.8043625 -0.5650625
vn 3.6064e-8 -0.8250481 -0.5650624
vn -0.7492719 0 -0.6622625
vn -0.7304862 -0.1667287 -0.6622624
vn -0.6750706 -0.3250969 -0.6622626
vn -0.5858043 -0.4671634 -0.6622625
vn -0.4671634 -0.5858045 -0.6622624
vn -0.3250968 -0.6750706 -0.6622624
vn -0.1667286 -0.7304862 -0.6622624
vn 3.275171e-8 -0.7492719 -0.6622625
vn -0.7181793 0 -0.6958581
vn -0.700173 -0.1598099 -0.6958581
vn -0.6470571 -0.3116063 -0.6958582
vn -0.5614951 -0.4477774 -0.6958582
vn -0.4477775 -0.5614952 -0.6958581
vn -0.3116062 -0.6470572 -0.6958581
vn -0.1598099 -0.7001731 -0.6958581
vn 3.139261e-8 -0.7181793 -0.6958581
vn -0.7806296 0 -0.6249938
vn -0.7610576 -0.1737064 -0.6249939
vn -0.7033231 -0.3387025 -0.6249939
vn -0.6103207 -0.4867146 -0.6249941
vn -0.4867145 -0.6103208 -0.6249941
vn -0.3387024 -0.7033231 -0.6249939
vn -0.1737064 -0.7610577 -0.6249939
vn 3.412241e-8 -0.7806296 -0.6249938
vn -1 0 0
vn -0.9749279 -0.222521 0
vn -0.9009689 -0.4338838 0
vn -0.7818314 -0.6234899 0
vn -0.6234897 -0.7818315 -6.193812e-7
vn -0.4338836 -0.900969 0
vn -0.2225209 -0.9749279 0
vn 4.371139e-8 -1 0
vn 0.2180097 -0.9551628 -0.2003392
vn 0.4250874 -0.8827032 -0.200339
vn 0.6108496 -0.765981 -0.2003391
vn 0.7659812 -0.6108495 -0.2003392
vn 0.8827032 -0.4250873 -0.2003393
vn 0.9551628 -0.2180096 -0.2003392
vn 0.2034173 -0.8912296 -0.4053779
vn 0.3966344 -0.82362 -0.4053779
vn 0.5699628 -0.7147107 -0.4053779
vn 0.7147107 -0.5699626 -0.4053778
vn 0.82362 -0.3966344 -0.405378
vn 0.8912296 -0.2034173 -0.4053779
vn 0.9141492 3.995873e-8 -0.405378
vn 0.1835905 -0.8043624 -0.5650624
vn 0.3579749 -0.7433427 -0.5650625
vn 0.5144091 -0.6450486 -0.5650624
vn 0.6450487 -0.5144091 -0.5650623
vn 0.7433427 -0.3579749 -0.5650625
vn 0.8043625 -0.1835904 -0.5650625
vn 0.8250481 3.6064e-8 -0.5650624
vn 0.1667287 -0.7304862 -0.6622624
vn 0.3250969 -0.6750706 -0.6622626
vn 0.4671634 -0.5858043 -0.6622625
vn 0.5858045 -0.4671634 -0.6622624
vn 0.6750706 -0.3250968 -0.6622624
vn 0.7304862 -0.1667286 -0.6622624
vn 0.7492719 3.275171e-8 -0.6622625
vn 0.1598099 -0.700173 -0.6958581
vn 0.3116063 -0.6470571 -0.6958582
vn 0.4477774 -0.5614951 -0.6958582
vn 0.5614952 -0.4477775 -0.6958581
vn 0.6470572 -0.3116062 -0.6958581
vn 0.7001731 -0.1598099 -0.6958581
vn 0.7181793 3.139261e-8 -0.6958581
vn 0.1737064 -0.7610576 -0.6249939
vn 0.3387025 -0.7033231 -0.6249939
vn 0.4867146 -0.6103207 -0.6249941
vn 0.6103208 -0.4867145 -0.6249941
vn 0.7033231 -0.3387024 -0.6249939
vn 0.7610577 -0.1737064 -0.6249939
vn 0.7806296 3.412241e-8 -0.6249938
vn 0.222521 -0.9749279 0
vn 0.4338838 -0.9009689 0
vn 0.6234899 -0.7818314 0
vn 0.7818315 -0.6234897 -6.193812e-7
vn 0.900969 -0.4338836 0
vn 0.9749279 -0.2225209 0
vn 1 4.371139e-8 0
vn 0 0.9797266 -0.2003392
vn 0.2180097 0.9551628 -0.2003392
vn 0.4250874 0.8827032 -0.200339
vn 0.6108496 0.765981 -0.2003391
vn 0.7659812 0.6108495 -0.2003392
vn 0.8827032 0.4250873 -0.2003393
vn 0.9551628 0.2180096 -0.2003392
vn 0 0.9141492 -0.405378
vn 0.2034173 0.8912296 -0.4053779
vn 0.3966344 0.82362 -0.4053779
vn 0.5699628 0.7147107 -0.4053779
vn 0.7147107 0.5699626 -0.4053778
vn 0.82362 0.3966344 -0.405378
vn 0.8912296 0.2034173 -0.4053779
vn 0 0.8250481 -0.5650624
vn 0.1835905 0.8043624 -0.5650624
vn 0.3579749 0.7433427 -0.5650625
vn 0.5144091 0.6450486 -0.5650624
vn 0.6450487 0.5144091 -0.5650623
vn 0.7433427 0.3579749 -0.5650625
vn 0.8043625 0.1835904 -0.5650625
vn 0 0.7492719 -0.6622625
vn 0.1667287 0.7304862 -0.6622624
vn 0.3250969 0.6750706 -0.6622626
vn 0.4671634 0.5858043 -0.6622625
vn 0.5858045 0.4671634 -0.6622624
vn 0.6750706 0.3250968 -0.6622624
vn 0.7304862 0.1667286 -0.6622624
vn 0 0.7181793 -0.6958581
vn 0.1598099 0.700173 -0.6958581
vn 0.3116063 0.6470571 -0.6958582
vn 0.4477774 0.5614951 -0.6958582
vn 0.5614952 0.4477775 -0.6958581
vn 0.6470572 0.3116062 -0.6958581
vn 0.7001731 0.1598099 -0.6958581
vn 0 0.7806296 -0.6249938
vn 0.1737064 0.7610576 -0.6249939
vn 0.3387025 0.7033231 -0.6249939
vn 0.4867146 0.6103207 -0.6249941
vn 0.6103208 0.4867145 -0.6249941
vn 0.7033231 0.3387024 -0.6249939
vn 0.7610577 0.1737064 -0.6249939
vn 0 1 0
vn 0.222521 0.9749279 0
vn 0.4338838 0.9009689 0
vn 0.6234899 0.7818314 0
vn 0.7818315 0.6234897 -6.193812e-7
vn 0.900969 0.4338836 0
vn 0.9749279 0.2225209 0
vn -0.9551628 0.2180097 -0.2003392
vn -0.8827032 0.4250874 -0.200339
vn -0.765981 0.6108496 -0.2003391
vn -0.6108495 0.7659812 -0.2003392
vn -0.4250873 0.8827032 -0.2003393
vn -0.2180096 0.9551628 -0.2003392
vn -0.8912296 0.2034173 -0.4053779
vn -0.82362 0.3966344 -0.4053779
vn -0.7147107 0.5699628 -0.4053779
vn -0.5699626 0.7147107 -0.4053778
vn -0.3966344 0.82362 -0.405378
vn -0.2034173 0.8912296 -0.4053779
vn -0.8043624 0.1835905 -0.5650624
vn -0.7433427 0.3579749 -0.5650625
vn -0.6450486 0.5144091 -0.5650624
vn -0.5144091 0.6450487 -0.5650623
vn -0.3579749 0.7433427 -0.5650625
vn -0.1835904 0.8043625 -0.5650625
vn -0.7304862 0.1667287 -0.6622624
vn -0.6750706 0.3250969 -0.6622626
vn -0.5858043 0.4671634 -0.6622625
vn -0.4671634 0.5858045 -0.6622624
vn -0.3250968 0.6750706 -0.6622624
vn -0.1667286 0.7304862 -0.6622624
vn -0.700173 0.1598099 -0.6958581
vn -0.6470571 0.3116063 -0.6958582
vn -0.5614951 0.4477774 -0.6958582
vn -0.4477775 0.5614952 -0.6958581
vn -0.3116062 0.6470572 -0.6958581
vn -0.1598099 0.7001731 -0.6958581
vn -0.7610576 0.1737064 -0.6249939
vn -0.7033231 0.3387025 -0.6249939
vn -0.6103207 0.4867146 -0.6249941
vn -0.4867145 0.6103208 -0.6249941
vn -0.3387024 0.7033231 -0.6249939
vn -0.1737064 0.7610577 -0.6249939
vn -0.9749279 0.222521 0
vn -0.9009689 0.4338838 0
vn -0.7818314 0.6234899 0
vn -0.6234897 0.7818315 -6.193812e-7
vn -0.4338836 0.900969 0
vn -0.2225209 0.9749279 0
vn -0.8999813 0 -0.4359286
vn -0.8774169 -0.2002647 -0.4359285
vn -0.8108551 -0.3904873 -0.4359285
vn -0.7036337 -0.5611292 -0.4359285
vn -0.5611291 -0.7036337 -0.4359285
vn -0.3904872 -0.8108553 -0.4359283
vn -0.2002646 -0.877417 -0.4359285
vn 3.933943e-8 -0.8999813 -0.4359286
vn -0.5299989 0 -0.8479983
vn -0.5167108 -0.1179359 -0.8479983
vn -0.4775125 -0.2299579 -0.8479983
vn -0.4143698 -0.3304489 -0.8479983
vn -0.3304489 -0.4143699 -0.8479983
vn -0.2299579 -0.4775127 -0.8479983
vn -0.1179358 -0.5167108 -0.8479983
vn 2.316699e-8 -0.5299989 -0.8479983
vn -0.2638149 0 -0.9645733
vn -0.2572005 -0.05870435 -0.9645733
vn -0.237689 -0.114465 -0.9645734
vn -0.2062588 -0.1644859 -0.9645734
vn -0.1644859 -0.2062588 -0.9645733
vn -0.114465 -0.237689 -0.9645733
vn -0.05870432 -0.2572005 -0.9645733
vn 1.153171e-8 -0.2638149 -0.9645733
vn -0.1329554 0 -0.991122
vn -0.1296219 -0.02958536 -0.991122
vn -0.1197887 -0.05768717 -0.991122
vn -0.1039487 -0.08289633 -0.991122
vn -0.08289631 -0.1039487 -0.991122
vn -0.05768717 -0.1197887 -0.991122
vn -0.02958535 -0.1296219 -0.991122
vn 5.811663e-9 -0.1329554 -0.991122
vn -0.06451181 0 -0.997917
vn -0.06289434 -0.01435523 -0.9979169
vn -0.05812313 -0.02799062 -0.997917
vn -0.05043736 -0.04022245 -0.997917
vn -0.04022245 -0.05043736 -0.997917
vn -0.02799061 -0.05812313 -0.997917
vn -0.01435522 -0.06289435 -0.9979169
vn 2.8199e-9 -0.06451181 -0.997917
vn -0.0248965 0 -0.9996901
vn -0.02427229 -0.005539992 -0.9996901
vn -0.02243097 -0.01080218 -0.9996901
vn -0.01946486 -0.01552271 -0.9996901
vn -0.01552271 -0.01946486 -0.9996901
vn -0.01080218 -0.02243097 -0.9996901
vn -0.005539991 -0.02427229 -0.9996901
vn 1.08826e-9 -0.0248965 -0.9996901
vn 0 0 -1
vn 0.2002647 -0.8774169 -0.4359285
vn 0.3904873 -0.8108551 -0.4359285
vn 0.5611292 -0.7036337 -0.4359285
vn 0.7036337 -0.5611291 -0.4359285
vn 0.8108553 -0.3904872 -0.4359283
vn 0.877417 -0.2002646 -0.4359285
vn 0.8999813 3.933943e-8 -0.4359286
vn 0.1179359 -0.5167108 -0.8479983
vn 0.2299579 -0.4775125 -0.8479983
vn 0.3304489 -0.4143698 -0.8479983
vn 0.4143699 -0.3304489 -0.8479983
vn 0.4775127 -0.2299579 -0.8479983
vn 0.5167108 -0.1179358 -0.8479983
vn 0.5299989 2.316699e-8 -0.8479983
vn 0.05870435 -0.2572005 -0.9645733
vn 0.114465 -0.237689 -0.9645734
vn 0.1644859 -0.2062588 -0.9645734
vn 0.2062588 -0.1644859 -0.9645733
vn 0.237689 -0.114465 -0.9645733
vn 0.2572005 -0.05870432 -0.9645733
vn 0.2638149 1.153171e-8 -0.9645733
vn 0.02958536 -0.1296219 -0.991122
vn 0.05768717 -0.1197887 -0.991122
vn 0.08289633 -0.1039487 -0.991122
vn 0.1039487 -0.08289631 -0.991122
vn 0.1197887 -0.05768717 -0.991122
vn 0.1296219 -0.02958535 -0.991122
vn 0.1329554 5.811663e-9 -0.991122
vn 0.01435523 -0.06289434 -0.9979169
vn 0.02799062 -0.05812313 -0.997917
vn 0.04022245 -0.05043736 -0.997917
vn 0.05043736 -0.04022245 -0.997917
vn 0.05812313 -0.02799061 -0.997917
vn 0.06289435 -0.01435522 -0.9979169
vn 0.06451181 2.8199e-9 -0.997917
vn 0.005539992 -0.02427229 -0.9996901
vn 0.01080218 -0.02243097 -0.9996901
vn 0.01552271 -0.01946486 -0.9996901
vn 0.01946486 -0.01552271 -0.9996901
vn 0.02243097 -0.01080218 -0.9996901
vn 0.02427229 -0.005539991 -0.9996901
vn 0.0248965 1.08826e-9 -0.9996901
vn 0 0.8999813 -0.4359286
vn 0.2002647 0.8774169 -0.4359285
vn 0.3904873 0.8108551 -0.4359285
vn 0.5611292 0.7036337 -0.4359285
vn 0.7036337 0.5611291 -0.4359285
vn 0.8108553 0.3904872 -0.4359283
vn 0.877417 0.2002646 -0.4359285
vn 0 0.5299989 -0.8479983
vn 0.1179359 0.5167108 -0.8479983
vn 0.2299579 0.4775125 -0.8479983
vn 0.3304489 0.4143698 -0.8479983
vn 0.4143699 0.3304489 -0.8479983
vn 0.4775127 0.2299579 -0.8479983
vn 0.5167108 0.1179358 -0.8479983
vn 0 0.2638149 -0.9645733
vn 0.05870435 0.2572005 -0.9645733
vn 0.114465 0.237689 -0.9645734
vn 0.1644859 0.2062588 -0.9645734
vn 0.2062588 0.1644859 -0.9645733
vn 0.237689 0.114465 -0.9645733
vn 0.2572005 0.05870432 -0.9645733
vn 0 0.1329554 -0.991122
vn 0.02958536 0.1296219 -0.991122
vn 0.05768717 0.1197887 -0.991122
vn 0.08289633 0.1039487 -0.991122
vn 0.1039487 0.08289631 -0.991122
vn 0.1197887 0.05768717 -0.991122
vn 0.1296219 0.02958535 -0.991122
vn 0 0.06451181 -0.997917
vn 0.01435523 0.06289434 -0.9979169
vn 0.02799062 0.05812313 -0.997917
vn 0.04022245 0.05043736 -0.997917
vn 0.05043736 0.04022245 -0.997917
vn 0.05812313 0.02799061 -0.997917
vn 0.06289435 0.01435522 -0.9979169
vn 0 0.0248965 -0.9996901
vn 0.005539992 0.02427229 -0.9996901
vn 0.01080218 0.02243097 -0.9996901
vn 0.01552271 0.01946486 -0.9996901
vn 0.01946486 0.01552271 -0.9996901
vn 0.02243097 0.01080218 -0.9996901
vn 0.02427229 0.005539991 -0.9996901
vn -0.8774169 0.2002647 -0.4359285
vn -0.8108551 0.3904873 -0.4359285
vn -0.7036337 0.5611292 -0.4359285
vn -0.5611291 0.7036337 -0.4359285
vn -0.3904872 0.8108553 -0.4359283
vn -0.2002646 0.877417 -0.4359285
vn -0.5167108 0.1179359 -0.8479983
vn -0.4775125 0.2299579 -0.8479983
vn -0.4143698 0.3304489 -0.8479983
vn -0.3304489 0.4143699 -0.8479983
vn -0.2299579 0.4775127 -0.8479983
vn -0.1179358 0.5167108 -0.8479983
vn -0.2572005 0.05870435 -0.9645733
vn -0.237689 0.114465 -0.9645734
vn -0.2062588 0.1644859 -0.9645734
vn -0.1644859 0.2062588 -0.9645733
vn -0.114465 0.237689 -0.9645733
vn -0.05870432 0.2572005 -0.9645733
vn -0.1296219 0.02958536 -0.991122
vn -0.1197887 0.05768717 -0.991122
vn -0.1039487 0.08289633 -0.991122
vn -0.08289631 0.1039487 -0.991122
vn -0.05768717 0.1197887 -0.991122
vn -0.02958535 0.1296219 -0.991122
vn -0.06289434 0.01435523 -0.9979169
vn -0.05812313 0.02799062 -0.997917
vn -0.05043736 0.04022245 -0.997917
vn -0.04022245 0.05043736 -0.997917
vn -0.02799061 0.05812313 -0.997917
vn -0.01435522 0.06289435 -0.9979169
vn -0.02427229 0.005539992 -0.9996901
vn -0.02243097 0.01080218 -0.9996901
vn -0.01946486 0.01552271 -0.9996901
vn -0.01552271 0.01946486 -0.9996901
vn -0.01080218 0.02243097 -0.9996901
vn -0.005539991 0.02427229 -0.9996901
vn 0.4037741 0 -0.9148588
vn 0.3505665 0.4866029 -0.8002003
vn 0.2054822 0.8411812 -0.5001913
vn 0.03425807 0.9851255 -0.1683869
vn -0.1429913 0.978549 0.1483079
vn -0.3325472 0.8205224 0.464925
vn -0.4987774 0.4630235 0.7326871
vn -0.5592775 0 0.8289805
vn 0.7668704 0 -0.641802
vn 0.6920885 0.408698 -0.5949617
vn 0.4411887 0.7893381 -0.4269634
vn 0.07879982 0.9819376 -0.1720152
vn -0.2899405 0.9522319 0.0958579
vn -0.6023615 0.7275055 0.3284759
vn -0.7973673 0.3681723 0.4781785
vn -0.8526034 0 0.5225585
vn 0.9324968 0 -0.3611781
vn 0.871089 0.3395791 -0.3548097
vn 0.6166257 0.7268778 -0.3023597
vn 0.1367899 0.9771895 -0.1624476
vn -0.3779437 0.9255613 0.02224518
vn -0.7381209 0.6520533 0.173217
vn -0.9151587 0.3092532 0.2585478
vn -0.9591313 0 0.2829612
vn 0.970534 0 -0.2409643
vn 0.907896 0.3396369 -0.2457065
vn 0.6497411 0.7241052 -0.2313182
vn 0.1697801 0.9736037 -0.1525473
vn -0.3497588 0.9365706 -0.02245586
vn -0.7305588 0.6751229 0.1024359
vn -0.9278087 0.3253285 0.1825714
vn -0.9782331 0 0.2075091
vn 0.9603749 0 -0.2787113
vn 0.8710392 0.4046795 -0.2784336
vn 0.5777568 0.7785073 -0.2452011
vn 0.1666408 0.97372 -0.1552424
vn -0.2512918 0.9676658 -0.02180226
vn -0.6253185 0.7693582 0.1306321
vn -0.8793128 0.4031378 0.2535526
vn -0.9550695 0 0.296382
vn 0.890599 0 -0.4547896
vn 0.7628949 0.4923645 -0.4190091
vn 0.4585507 0.8329473 -0.3097258
vn 0.1424607 0.976387 -0.1623987
vn -0.1599747 0.9869069 0.0205637
vn -0.4726041 0.8453093 0.249194
vn -0.7398476 0.4817708 0.4695982
vn -0.8324253 0 0.5541373
vn 0.7071065 0 -0.7071071
vn -0.5144957 0 0.857493
vn 0.2780682 0 -0.9605613
vn 0.2311179 0.5123203 -0.8271109
vn 0.1406058 0.8551949 -0.4988706
vn 0.1312621 0.8720672 -0.4714542
vn 0.02794181 0.9861616 -0.1634155
vn -0.02333478 0.9990169 -0.03769037
vn -0.0958508 0.9838132 0.1514073
vn -0.191184 0.9063653 0.3767632
vn -0.2284113 0.8469875 0.4800422
vn -0.3437369 0.5025209 0.7932955
vn -0.3865602 0.2489138 0.8880389
vn -0.3987057 0 0.9170789
vn -0.4815581 -3.280468e-8 -0.8764141
vn -0.9661887 -4.223346e-8 -0.2578362
vn -0.4886066 0.4311727 -0.7585207
vn -0.9628318 0.09858799 -0.2514663
vn -0.5048094 0.7053646 -0.4976225
vn -0.9590524 0.1616313 -0.2325806
vn -0.5042076 0.7202256 -0.4764977
vn -0.9591158 0.1641951 -0.2305145
vn -0.5618997 0.7982394 -0.2169856
vn -0.9660774 0.1895575 -0.1753918
vn -0.5867333 0.802009 -0.1119176
vn -0.9704202 0.1889353 -0.1502932
vn -0.6522266 0.7561235 0.05364393
vn -0.9788108 0.1895856 -0.07737388
vn -0.7124167 0.6619053 0.2331176
vn -0.9854933 0.1697143 -7.68984e-7
vn -0.7500006 0.5844377 0.3097284
vn -0.9851965 0.1604677 0.0603147
vn -0.82084 0.2944395 0.4894152
vn -0.974235 0.09586567 0.2041468
vn -0.8114569 0.1488537 0.5651374
vn -0.9719737 0.04539185 0.2306659
vn -0.8134055 0 0.5816971
vn -0.965351 0 0.260955
vn 0.3505665 -0.4866029 -0.8002003
vn 0.2054822 -0.8411812 -0.5001913
vn 0.03425807 -0.9851255 -0.1683869
vn -0.1429913 -0.978549 0.1483079
vn -0.3325472 -0.8205224 0.464925
vn -0.4987774 -0.4630235 0.7326871
vn 0.6920885 -0.408698 -0.5949617
vn 0.4411887 -0.7893381 -0.4269634
vn 0.07879982 -0.9819376 -0.1720152
vn -0.2899405 -0.9522319 0.0958579
vn -0.6023615 -0.7275055 0.3284759
vn -0.7973673 -0.3681723 0.4781785
vn 0.871089 -0.3395791 -0.3548097
vn 0.6166257 -0.7268778 -0.3023597
vn 0.1367899 -0.9771895 -0.1624476
vn -0.3779437 -0.9255613 0.02224518
vn -0.7381209 -0.6520533 0.173217
vn -0.9151587 -0.3092532 0.2585478
vn 0.907896 -0.3396369 -0.2457065
vn 0.6497411 -0.7241052 -0.2313182
vn 0.1697801 -0.9736037 -0.1525473
vn -0.3497588 -0.9365706 -0.02245586
vn -0.7305588 -0.6751229 0.1024359
vn -0.9278087 -0.3253285 0.1825714
vn 0.8710392 -0.4046795 -0.2784336
vn 0.5777568 -0.7785073 -0.2452011
vn 0.1666408 -0.97372 -0.1552424
vn -0.2512918 -0.9676658 -0.02180226
vn -0.6253185 -0.7693582 0.1306321
vn -0.8793128 -0.4031378 0.2535526
vn 0.7628949 -0.4923645 -0.4190091
vn 0.4585507 -0.8329473 -0.3097258
vn 0.1424607 -0.976387 -0.1623987
vn -0.1599747 -0.9869069 0.0205637
vn -0.4726041 -0.8453093 0.249194
vn -0.7398476 -0.4817708 0.4695982
vn 0.5859917 -0.5357641 -0.6079232
vn 0.3383478 -0.859296 -0.3835769
vn 0.1077131 -0.9848056 -0.1362194
vn -0.1074771 -0.9826477 0.1511696
vn -0.3192873 -0.8108885 0.4904238
vn -0.4717422 -0.4313072 0.769047
vn 0.2311179 -0.5123203 -0.8271109
vn 0.1406058 -0.8551949 -0.4988706
vn 0.1312621 -0.8720672 -0.4714542
vn 0.02794181 -0.9861616 -0.1634155
vn -0.02333478 -0.9990169 -0.03769037
vn -0.0958508 -0.9838132 0.1514073
vn -0.191184 -0.9063653 0.3767632
vn -0.2284113 -0.8469875 0.4800422
vn -0.3437369 -0.5025209 0.7932955
vn -0.3865602 -0.2489138 0.8880389
vn -0.4886066 -0.4311727 -0.7585207
vn -0.9628318 -0.09858799 -0.2514663
vn -0.5048094 -0.7053646 -0.4976225
vn -0.9590524 -0.1616313 -0.2325806
vn -0.5042076 -0.7202256 -0.4764977
vn -0.9591158 -0.1641951 -0.2305145
vn -0.5618997 -0.7982394 -0.2169856
vn -0.9660774 -0.1895575 -0.1753918
vn -0.5867333 -0.802009 -0.1119176
vn -0.9704202 -0.1889353 -0.1502932
vn -0.6522266 -0.7561235 0.05364393
vn -0.9788108 -0.1895856 -0.07737388
vn -0.7124167 -0.6619053 0.2331176
vn -0.9854933 -0.1697143 -7.68984e-7
vn -0.7500006 -0.5844377 0.3097284
vn -0.9851965 -0.1604677 0.0603147
vn -0.82084 -0.2944395 0.4894152
vn -0.974235 -0.09586567 0.2041468
vn -0.8114569 -0.1488537 0.5651374
vn -0.9719737 -0.04539185 0.2306659
vn 0 0 1
vn 0.005063888 0 0.9999872
vn 0.004936908 0.001126817 0.9999872
vn 0.004562395 0.002197133 0.9999872
vn 0.003959102 0.003157279 0.9999872
vn 0.003157279 0.003959103 0.9999872
vn 0.002197135 0.004562399 0.9999872
vn 0.001126817 0.004936908 0.9999872
vn -2.213496e-10 0.005063888 0.9999872
vn 0.01886082 0 0.9998221
vn 0.01838789 0.004196916 0.9998221
vn 0.01699298 0.008183387 0.9998221
vn 0.01474597 0.01175952 0.9998221
vn 0.01175951 0.01474597 0.9998221
vn 0.008183394 0.016993 0.9998221
vn 0.004196913 0.01838789 0.9998221
vn -8.244326e-10 0.01886082 0.9998221
vn 0.03940555 0 0.9992233
vn 0.03841751 0.008768545 0.9992234
vn 0.03550313 0.01709741 0.9992233
vn 0.03080848 0.02456895 0.9992233
vn 0.02456894 0.03080848 0.9992233
vn 0.01709742 0.03550316 0.9992233
vn 0.008768541 0.0384175 0.9992234
vn -1.722471e-9 0.03940555 0.9992233
vn 0.06632826 0 0.9977978
vn 0.06466524 0.01475942 0.9977978
vn 0.05975968 0.02877874 0.9977978
vn 0.05185751 0.041355 0.9977978
vn 0.04135498 0.05185751 0.9977978
vn 0.02877875 0.0597597 0.9977978
vn 0.01475941 0.06466524 0.9977978
vn -2.8993e-9 0.06632826 0.9977978
vn 0.104952 0 0.9944773
vn 0.1023207 0.02335404 0.9944773
vn 0.09455856 0.045537 0.9944773
vn 0.08205482 0.06543653 0.9944773
vn 0.06543653 0.08205482 0.9944773
vn 0.04553698 0.09455854 0.9944773
vn 0.02335403 0.1023208 0.9944773
vn -4.587599e-9 0.104952 0.9944773
vn 0.1713641 0 0.9852078
vn 0.1670678 0.03813214 0.9852078
vn 0.1543938 0.07435214 0.9852077
vn 0.1339778 0.1068438 0.9852077
vn 0.1068438 0.1339779 0.9852077
vn 0.0743521 0.1543938 0.9852078
vn 0.03813213 0.1670678 0.9852077
vn -7.490561e-9 0.1713641 0.9852078
vn 0.287348 0 0.9578263
vn 0.2801437 0.06394098 0.9578262
vn 0.2588916 0.1246756 0.9578263
vn 0.2246577 0.1791585 0.9578263
vn 0.1791585 0.2246577 0.9578263
vn 0.1246756 0.2588916 0.9578263
vn 0.06394096 0.2801437 0.9578262
vn -1.256038e-8 0.287348 0.9578263
vn -0.001126817 0.004936908 0.9999872
vn -0.002197133 0.004562395 0.9999872
vn -0.003157279 0.003959102 0.9999872
vn -0.003959103 0.003157279 0.9999872
vn -0.004562399 0.002197135 0.9999872
vn -0.004936908 0.001126817 0.9999872
vn -0.005063888 -2.213496e-10 0.9999872
vn -0.004196916 0.01838789 0.9998221
vn -0.008183387 0.01699298 0.9998221
vn -0.01175952 0.01474597 0.9998221
vn -0.01474597 0.01175951 0.9998221
vn -0.016993 0.008183394 0.9998221
vn -0.01838789 0.004196913 0.9998221
vn -0.01886082 -8.244326e-10 0.9998221
vn -0.008768545 0.03841751 0.9992234
vn -0.01709741 0.03550313 0.9992233
vn -0.02456895 0.03080848 0.9992233
vn -0.03080848 0.02456894 0.9992233
vn -0.03550316 0.01709742 0.9992233
vn -0.0384175 0.008768541 0.9992234
vn -0.03940555 -1.722471e-9 0.9992233
vn -0.01475942 0.06466524 0.9977978
vn -0.02877874 0.05975968 0.9977978
vn -0.041355 0.05185751 0.9977978
vn -0.05185751 0.04135498 0.9977978
vn -0.0597597 0.02877875 0.9977978
vn -0.06466524 0.01475941 0.9977978
vn -0.06632826 -2.8993e-9 0.9977978
vn -0.02335404 0.1023207 0.9944773
vn -0.045537 0.09455856 0.9944773
vn -0.06543653 0.08205482 0.9944773
vn -0.08205482 0.06543653 0.9944773
vn -0.09455854 0.04553698 0.9944773
vn -0.1023208 0.02335403 0.9944773
vn -0.104952 -4.587599e-9 0.9944773
vn -0.03813214 0.1670678 0.9852078
vn -0.07435214 0.1543938 0.9852077
vn -0.1068438 0.1339778 0.9852077
vn -0.1339779 0.1068438 0.9852077
vn -0.1543938 0.0743521 0.9852078
vn -0.1670678 0.03813213 0.9852077
vn -0.1713641 -7.490561e-9 0.9852078
vn -0.06394098 0.2801437 0.9578262
vn -0.1246756 0.2588916 0.9578263
vn -0.1791585 0.2246577 0.9578263
vn -0.2246577 0.1791585 0.9578263
vn -0.2588916 0.1246756 0.9578263
vn -0.2801437 0.06394096 0.9578262
vn -0.287348 -1.256038e-8 0.9578263
vn 0 -0.005063888 0.9999872
vn -0.001126817 -0.004936908 0.9999872
vn -0.002197133 -0.004562395 0.9999872
vn -0.003157279 -0.003959102 0.9999872
vn -0.003959103 -0.003157279 0.9999872
vn -0.004562399 -0.002197135 0.9999872
vn -0.004936908 -0.001126817 0.9999872
vn 0 -0.01886082 0.9998221
vn -0.004196916 -0.01838789 0.9998221
vn -0.008183387 -0.01699298 0.9998221
vn -0.01175952 -0.01474597 0.9998221
vn -0.01474597 -0.01175951 0.9998221
vn -0.016993 -0.008183394 0.9998221
vn -0.01838789 -0.004196913 0.9998221
vn 0 -0.03940555 0.9992233
vn -0.008768545 -0.03841751 0.9992234
vn -0.01709741 -0.03550313 0.9992233
vn -0.02456895 -0.03080848 0.9992233
vn -0.03080848 -0.02456894 0.9992233
vn -0.03550316 -0.01709742 0.9992233
vn -0.0384175 -0.008768541 0.9992234
vn 0 -0.06632826 0.9977978
vn -0.01475942 -0.06466524 0.9977978
vn -0.02877874 -0.05975968 0.9977978
vn -0.041355 -0.05185751 0.9977978
vn -0.05185751 -0.04135498 0.9977978
vn -0.0597597 -0.02877875 0.9977978
vn -0.06466524 -0.01475941 0.9977978
vn 0 -0.104952 0.9944773
vn -0.02335404 -0.1023207 0.9944773
vn -0.045537 -0.09455856 0.9944773
vn -0.06543653 -0.08205482 0.9944773
vn -0.08205482 -0.06543653 0.9944773
vn -0.09455854 -0.04553698 0.9944773
vn -0.1023208 -0.02335403 0.9944773
vn 0 -0.1713641 0.9852078
vn -0.03813214 -0.1670678 0.9852078
vn -0.07435214 -0.1543938 0.9852077
vn -0.1068438 -0.1339778 0.9852077
vn -0.1339779 -0.1068438 0.9852077
vn -0.1543938 -0.0743521 0.9852078
vn -0.1670678 -0.03813213 0.9852077
vn 0 -0.287348 0.9578263
vn -0.06394098 -0.2801437 0.9578262
vn -0.1246756 -0.2588916 0.9578263
vn -0.1791585 -0.2246577 0.9578263
vn -0.2246577 -0.1791585 0.9578263
vn -0.2588916 -0.1246756 0.9578263
vn -0.2801437 -0.06394096 0.9578262
vn 0.004936908 -0.001126817 0.9999872
vn 0.004562395 -0.002197133 0.9999872
vn 0.003959102 -0.003157279 0.9999872
vn 0.003157279 -0.003959103 0.9999872
vn 0.002197135 -0.004562399 0.9999872
vn 0.001126817 -0.004936908 0.9999872
vn 0.01838789 -0.004196916 0.9998221
vn 0.01699298 -0.008183387 0.9998221
vn 0.01474597 -0.01175952 0.9998221
vn 0.01175951 -0.01474597 0.9998221
vn 0.008183394 -0.016993 0.9998221
vn 0.004196913 -0.01838789 0.9998221
vn 0.03841751 -0.008768545 0.9992234
vn 0.03550313 -0.01709741 0.9992233
vn 0.03080848 -0.02456895 0.9992233
vn 0.02456894 -0.03080848 0.9992233
vn 0.01709742 -0.03550316 0.9992233
vn 0.008768541 -0.0384175 0.9992234
vn 0.06466524 -0.01475942 0.9977978
vn 0.05975968 -0.02877874 0.9977978
vn 0.05185751 -0.041355 0.9977978
vn 0.04135498 -0.05185751 0.9977978
vn 0.02877875 -0.0597597 0.9977978
vn 0.01475941 -0.06466524 0.9977978
vn 0.1023207 -0.02335404 0.9944773
vn 0.09455856 -0.045537 0.9944773
vn 0.08205482 -0.06543653 0.9944773
vn 0.06543653 -0.08205482 0.9944773
vn 0.04553698 -0.09455854 0.9944773
vn 0.02335403 -0.1023208 0.9944773
vn 0.1670678 -0.03813214 0.9852078
vn 0.1543938 -0.07435214 0.9852077
vn 0.1339778 -0.1068438 0.9852077
vn 0.1068438 -0.1339779 0.9852077
vn 0.0743521 -0.1543938 0.9852078
vn 0.03813213 -0.1670678 0.9852077
vn 0.2801437 -0.06394098 0.9578262
vn 0.2588916 -0.1246756 0.9578263
vn 0.2246577 -0.1791585 0.9578263
vn 0.1791585 -0.2246577 0.9578263
vn 0.1246756 -0.2588916 0.9578263
vn 0.06394096 -0.2801437 0.9578262
vn 0.4155935 0 0.9095504
vn 0.4051738 0.09247831 0.9095504
vn 0.3744369 0.1803193 0.9095504
vn 0.3249241 0.2591183 0.9095504
vn 0.2591182 0.3249241 0.9095505
vn 0.1803192 0.3744367 0.9095505
vn 0.09247826 0.4051738 0.9095504
vn -1.816617e-8 0.4155935 0.9095504
vn 0.5307 0 0.8475598
vn 0.5173942 0.1180919 0.8475597
vn 0.4781442 0.2302621 0.8475598
vn 0.4149178 0.330886 0.8475598
vn 0.3308859 0.4149179 0.8475599
vn 0.230262 0.4781441 0.8475598
vn 0.1180918 0.5173942 0.8475597
vn -2.319763e-8 0.5307 0.8475598
vn 0.6477818 0 0.7618259
vn 0.6315404 0.144145 0.761826
vn 0.5836312 0.281062 0.7618259
vn 0.5064561 0.4038853 0.761826
vn 0.4038853 0.5064562 0.761826
vn 0.2810619 0.5836312 0.7618259
vn 0.1441449 0.6315404 0.761826
vn -2.831544e-8 0.6477818 0.7618259
vn 0.7708354 0 0.6370344
vn 0.7515088 0.171527 0.6370345
vn 0.6944986 0.3344529 0.6370345
vn 0.6026633 0.480608 0.6370345
vn 0.4806079 0.6026634 0.6370344
vn 0.334453 0.6944988 0.6370344
vn 0.1715269 0.7515088 0.6370345
vn -3.369429e-8 0.7708354 0.6370344
vn 0.8889816 0 0.4579428
vn 0.866693 0.1978171 0.4579428
vn 0.8009448 0.3857147 0.4579429
vn 0.6950337 0.5542711 0.4579428
vn 0.554271 0.695034 0.4579427
vn 0.3857147 0.8009448 0.4579427
vn 0.197817 0.866693 0.4579428
vn -3.885862e-8 0.8889816 0.4579428
vn 0.9732475 0 0.2297594
vn 0.9488462 0.216568 0.2297592
vn 0.8768656 0.4222763 0.2297593
vn 0.7609155 0.6068099 0.2297592
vn 0.6068098 0.7609156 0.2297591
vn 0.4222762 0.8768657 0.2297592
vn 0.2165679 0.9488462 0.2297592
vn -4.2542e-8 0.9732475 0.2297594
vn 1 0 0
vn 0.9749279 0.2225209 -3.937567e-7
vn 0.9009688 0.4338837 -4.271324e-7
vn 0.7818314 0.6234899 -2.98723e-7
vn 0.6234898 0.7818316 -2.382236e-7
vn 0.4338837 0.9009689 -4.271324e-7
vn 0.2225209 0.9749279 -3.725014e-7
vn -4.371139e-8 1 0
vn -0.09247831 0.4051738 0.9095504
vn -0.1803193 0.3744369 0.9095504
vn -0.2591183 0.3249241 0.9095504
vn -0.3249241 0.2591182 0.9095505
vn -0.3744367 0.1803192 0.9095505
vn -0.4051738 0.09247826 0.9095504
vn -0.4155935 -1.816617e-8 0.9095504
vn -0.1180919 0.5173942 0.8475597
vn -0.2302621 0.4781442 0.8475598
vn -0.330886 0.4149178 0.8475598
vn -0.4149179 0.3308859 0.8475599
vn -0.4781441 0.230262 0.8475598
vn -0.5173942 0.1180918 0.8475597
vn -0.5307 -2.319763e-8 0.8475598
vn -0.144145 0.6315404 0.761826
vn -0.281062 0.5836312 0.7618259
vn -0.4038853 0.5064561 0.761826
vn -0.5064562 0.4038853 0.761826
vn -0.5836312 0.2810619 0.7618259
vn -0.6315404 0.1441449 0.761826
vn -0.6477818 -2.831544e-8 0.7618259
vn -0.171527 0.7515088 0.6370345
vn -0.3344529 0.6944986 0.6370345
vn -0.480608 0.6026633 0.6370345
vn -0.6026634 0.4806079 0.6370344
vn -0.6944988 0.334453 0.6370344
vn -0.7515088 0.1715269 0.6370345
vn -0.7708354 -3.369429e-8 0.6370344
vn -0.1978171 0.866693 0.4579428
vn -0.3857147 0.8009448 0.4579429
vn -0.5542711 0.6950337 0.4579428
vn -0.695034 0.554271 0.4579427
vn -0.8009448 0.3857147 0.4579427
vn -0.866693 0.197817 0.4579428
vn -0.8889816 -3.885862e-8 0.4579428
vn -0.216568 0.9488462 0.2297592
vn -0.4222763 0.8768656 0.2297593
vn -0.6068099 0.7609155 0.2297592
vn -0.7609156 0.6068098 0.2297591
vn -0.8768657 0.4222762 0.2297592
vn -0.9488462 0.2165679 0.2297592
vn -0.2225209 0.9749279 -3.937567e-7
vn -0.4338837 0.9009688 -4.271324e-7
vn -0.6234899 0.7818314 -2.98723e-7
vn -0.7818316 0.6234898 -2.382236e-7
vn -0.9009689 0.4338837 -4.271324e-7
vn -0.9749279 0.2225209 -3.725014e-7
vn 0 -0.4155935 0.9095504
vn -0.09247831 -0.4051738 0.9095504
vn -0.1803193 -0.3744369 0.9095504
vn -0.2591183 -0.3249241 0.9095504
vn -0.3249241 -0.2591182 0.9095505
vn -0.3744367 -0.1803192 0.9095505
vn -0.4051738 -0.09247826 0.9095504
vn 0 -0.5307 0.8475598
vn -0.1180919 -0.5173942 0.8475597
vn -0.2302621 -0.4781442 0.8475598
vn -0.330886 -0.4149178 0.8475598
vn -0.4149179 -0.3308859 0.8475599
vn -0.4781441 -0.230262 0.8475598
vn -0.5173942 -0.1180918 0.8475597
vn 0 -0.6477818 0.7618259
vn -0.144145 -0.6315404 0.761826
vn -0.281062 -0.5836312 0.7618259
vn -0.4038853 -0.5064561 0.761826
vn -0.5064562 -0.4038853 0.761826
vn -0.5836312 -0.2810619 0.7618259
vn -0.6315404 -0.1441449 0.761826
vn 0 -0.7708354 0.6370344
vn -0.171527 -0.7515088 0.6370345
vn -0.3344529 -0.6944986 0.6370345
vn -0.480608 -0.6026633 0.6370345
vn -0.6026634 -0.4806079 0.6370344
vn -0.6944988 -0.334453 0.6370344
vn -0.7515088 -0.1715269 0.6370345
vn 0 -0.8889816 0.4579428
vn -0.1978171 -0.866693 0.4579428
vn -0.3857147 -0.8009448 0.4579429
vn -0.5542711 -0.6950337 0.4579428
vn -0.695034 -0.554271 0.4579427
vn -0.8009448 -0.3857147 0.4579427
vn -0.866693 -0.197817 0.4579428
vn 0 -0.9732475 0.2297594
vn -0.216568 -0.9488462 0.2297592
vn -0.4222763 -0.8768656 0.2297593
vn -0.6068099 -0.7609155 0.2297592
vn -0.7609156 -0.6068098 0.2297591
vn -0.8768657 -0.4222762 0.2297592
vn -0.9488462 -0.2165679 0.2297592
vn 0 -1 0
vn -0.2225209 -0.9749279 -3.937567e-7
vn -0.4338837 -0.9009688 -4.271324e-7
vn -0.6234899 -0.7818314 -2.98723e-7
vn -0.7818316 -0.6234898 -2.382236e-7
vn -0.9009689 -0.4338837 -4.271324e-7
vn -0.9749279 -0.2225209 -3.725014e-7
vn 0.4051738 -0.09247831 0.9095504
vn 0.3744369 -0.1803193 0.9095504
vn 0.3249241 -0.2591183 0.9095504
vn 0.2591182 -0.3249241 0.9095505
vn 0.1803192 -0.3744367 0.9095505
vn 0.09247826 -0.4051738 0.9095504
vn 0.5173942 -0.1180919 0.8475597
vn 0.4781442 -0.2302621 0.8475598
vn 0.4149178 -0.330886 0.8475598
vn 0.3308859 -0.4149179 0.8475599
vn 0.230262 -0.4781441 0.8475598
vn 0.1180918 -0.5173942 0.8475597
vn 0.6315404 -0.144145 0.761826
vn 0.5836312 -0.281062 0.7618259
vn 0.5064561 -0.4038853 0.761826
vn 0.4038853 -0.5064562 0.761826
vn 0.2810619 -0.5836312 0.7618259
vn 0.1441449 -0.6315404 0.761826
vn 0.7515088 -0.171527 0.6370345
vn 0.6944986 -0.3344529 0.6370345
vn 0.6026633 -0.480608 0.6370345
vn 0.4806079 -0.6026634 0.6370344
vn 0.334453 -0.6944988 0.6370344
vn 0.1715269 -0.7515088 0.6370345
vn 0.866693 -0.1978171 0.4579428
vn 0.8009448 -0.3857147 0.4579429
vn 0.6950337 -0.5542711 0.4579428
vn 0.554271 -0.695034 0.4579427
vn 0.3857147 -0.8009448 0.4579427
vn 0.197817 -0.866693 0.4579428
vn 0.9488462 -0.216568 0.2297592
vn 0.8768656 -0.4222763 0.2297593
vn 0.7609155 -0.6068099 0.2297592
vn 0.6068098 -0.7609156 0.2297591
vn 0.4222762 -0.8768657 0.2297592
vn 0.2165679 -0.9488462 0.2297592
vn 0.9749279 -0.2225209 -3.937567e-7
vn 0.9009688 -0.4338837 -4.271324e-7
vn 0.7818314 -0.6234899 -2.98723e-7
vn 0.6234898 -0.7818316 -2.382236e-7
vn 0.4338837 -0.9009689 -4.271324e-7
vn 0.2225209 -0.9749279 -3.725014e-7
vn 0.9887103 0 -0.1498391
vn 0.9639214 0.2200088 -0.1498389
vn 0.8907973 0.4289854 -0.1498389
vn 0.7730049 0.6164508 -0.1498389
vn 0.6164508 0.773005 -0.1498392
vn 0.4289853 0.8907973 -0.1498389
vn 0.2200087 0.9639214 -0.1498389
vn -4.32179e-8 0.9887103 -0.1498391
vn 0.9733089 0 -0.229499
vn 0.9489059 0.2165816 -0.2294991
vn 0.876921 0.4223029 -0.2294992
vn 0.7609635 0.6068482 -0.229499
vn 0.6068481 0.7609634 -0.2294996
vn 0.4223028 0.876921 -0.2294992
vn 0.2165815 0.948906 -0.2294991
vn -4.254468e-8 0.9733089 -0.229499
vn 0.965604 0 -0.260017
vn 0.9413942 0.2148671 -0.2600174
vn 0.8699791 0.4189599 -0.2600174
vn 0.7549396 0.6020443 -0.2600173
vn 0.6020441 0.7549395 -0.2600178
vn 0.4189598 0.8699791 -0.2600176
vn 0.2148671 0.9413943 -0.2600173
vn -4.220788e-8 0.965604 -0.260017
vn 0.9652574 0 -0.2613009
vn 0.9410564 0.21479 -0.2613011
vn 0.8696668 0.4188095 -0.2613011
vn 0.7546685 0.6018282 -0.2613011
vn 0.6018281 0.7546685 -0.2613012
vn 0.4188094 0.8696668 -0.2613012
vn 0.2147899 0.9410564 -0.2613011
vn -4.219273e-8 0.9652574 -0.2613009
vn 0.9671409 0 -0.254241
vn 0.9428927 0.2152091 -0.2542409
vn 0.8713638 0.4196268 -0.2542409
vn 0.7561412 0.6030025 -0.254241
vn 0.6030026 0.7561412 -0.2542407
vn 0.4196266 0.8713639 -0.254241
vn 0.215209 0.9428927 -0.254241
vn -4.227507e-8 0.9671409 -0.254241
vn 0.9648053 0 -0.262965
vn 0.9406158 0.2146894 -0.2629648
vn 0.8692596 0.4186134 -0.2629647
vn 0.7543152 0.6015463 -0.262965
vn 0.6015464 0.7543154 -0.2629642
vn 0.4186134 0.8692597 -0.2629647
vn 0.2146893 0.9406158 -0.2629649
vn -4.217297e-8 0.9648053 -0.262965
vn 0.9486832 0 -0.3162279
vn 0.9248977 0.2111019 -0.316228
vn 0.854734 0.4116182 -0.3162279
vn 0.7417104 0.5914943 -0.3162279
vn 0.5914944 0.7417105 -0.3162278
vn 0.4116181 0.8547341 -0.3162279
vn 0.2111018 0.9248977 -0.316228
vn -4.146826e-8 0.9486832 -0.3162279
vn -0.2200088 0.9639214 -0.1498389
vn -0.4289854 0.8907973 -0.1498389
vn -0.6164508 0.7730049 -0.1498389
vn -0.773005 0.6164508 -0.1498392
vn -0.8907973 0.4289853 -0.1498389
vn -0.9639214 0.2200087 -0.1498389
vn -0.2165816 0.9489059 -0.2294991
vn -0.4223029 0.876921 -0.2294992
vn -0.6068482 0.7609635 -0.229499
vn -0.7609634 0.6068481 -0.2294996
vn -0.876921 0.4223028 -0.2294992
vn -0.948906 0.2165815 -0.2294991
vn -0.2148671 0.9413942 -0.2600174
vn -0.4189599 0.8699791 -0.2600174
vn -0.6020443 0.7549396 -0.2600173
vn -0.7549395 0.6020441 -0.2600178
vn -0.8699791 0.4189598 -0.2600176
vn -0.9413943 0.2148671 -0.2600173
vn -0.965604 -4.220788e-8 -0.260017
vn -0.21479 0.9410564 -0.2613011
vn -0.4188095 0.8696668 -0.2613011
vn -0.6018282 0.7546685 -0.2613011
vn -0.7546685 0.6018281 -0.2613012
vn -0.8696668 0.4188094 -0.2613012
vn -0.9410564 0.2147899 -0.2613011
vn -0.9652574 -4.219273e-8 -0.2613009
vn -0.2152091 0.9428927 -0.2542409
vn -0.4196268 0.8713638 -0.2542409
vn -0.6030025 0.7561412 -0.254241
vn -0.7561412 0.6030026 -0.2542407
vn -0.8713639 0.4196266 -0.254241
vn -0.9428927 0.215209 -0.254241
vn -0.9671409 -4.227507e-8 -0.254241
vn -0.2146894 0.9406158 -0.2629648
vn -0.4186134 0.8692596 -0.2629647
vn -0.6015463 0.7543152 -0.262965
vn -0.7543154 0.6015464 -0.2629642
vn -0.8692597 0.4186134 -0.2629647
vn -0.9406158 0.2146893 -0.2629649
vn -0.9648053 -4.217297e-8 -0.262965
vn -0.2111019 0.9248977 -0.316228
vn -0.4116182 0.854734 -0.3162279
vn -0.5914943 0.7417104 -0.3162279
vn -0.7417105 0.5914944 -0.3162278
vn -0.8547341 0.4116181 -0.3162279
vn -0.9248977 0.2111018 -0.316228
vn -0.9486832 -4.146826e-8 -0.3162279
vn 0 -0.9887103 -0.1498391
vn -0.2200088 -0.9639214 -0.1498389
vn -0.4289854 -0.8907973 -0.1498389
vn -0.6164508 -0.7730049 -0.1498389
vn -0.773005 -0.6164508 -0.1498392
vn -0.8907973 -0.4289853 -0.1498389
vn -0.9639214 -0.2200087 -0.1498389
vn 0 -0.9733089 -0.229499
vn -0.2165816 -0.9489059 -0.2294991
vn -0.4223029 -0.876921 -0.2294992
vn -0.6068482 -0.7609635 -0.229499
vn -0.7609634 -0.6068481 -0.2294996
vn -0.876921 -0.4223028 -0.2294992
vn -0.948906 -0.2165815 -0.2294991
vn 0 -0.965604 -0.260017
vn -0.2148671 -0.9413942 -0.2600174
vn -0.4189599 -0.8699791 -0.2600174
vn -0.6020443 -0.7549396 -0.2600173
vn -0.7549395 -0.6020441 -0.2600178
vn -0.8699791 -0.4189598 -0.2600176
vn -0.9413943 -0.2148671 -0.2600173
vn 0 -0.9652574 -0.2613009
vn -0.21479 -0.9410564 -0.2613011
vn -0.4188095 -0.8696668 -0.2613011
vn -0.6018282 -0.7546685 -0.2613011
vn -0.7546685 -0.6018281 -0.2613012
vn -0.8696668 -0.4188094 -0.2613012
vn -0.9410564 -0.2147899 -0.2613011
vn 0 -0.9671409 -0.254241
vn -0.2152091 -0.9428927 -0.2542409
vn -0.4196268 -0.8713638 -0.2542409
vn -0.6030025 -0.7561412 -0.254241
vn -0.7561412 -0.6030026 -0.2542407
vn -0.8713639 -0.4196266 -0.254241
vn -0.9428927 -0.215209 -0.254241
vn 0 -0.9648053 -0.262965
vn -0.2146894 -0.9406158 -0.2629648
vn -0.4186134 -0.8692596 -0.2629647
vn -0.6015463 -0.7543152 -0.262965
vn -0.7543154 -0.6015464 -0.2629642
vn -0.8692597 -0.4186134 -0.2629647
vn -0.9406158 -0.2146893 -0.2629649
vn 0 -0.9486832 -0.3162279
vn -0.2111019 -0.9248977 -0.316228
vn -0.4116182 -0.854734 -0.3162279
vn -0.5914943 -0.7417104 -0.3162279
vn -0.7417105 -0.5914944 -0.3162278
vn -0.8547341 -0.4116181 -0.3162279
vn -0.9248977 -0.2111018 -0.316228
vn 0.9639214 -0.2200088 -0.1498389
vn 0.8907973 -0.4289854 -0.1498389
vn 0.7730049 -0.6164508 -0.1498389
vn 0.6164508 -0.773005 -0.1498392
vn 0.4289853 -0.8907973 -0.1498389
vn 0.2200087 -0.9639214 -0.1498389
vn 0.9489059 -0.2165816 -0.2294991
vn 0.876921 -0.4223029 -0.2294992
vn 0.7609635 -0.6068482 -0.229499
vn 0.6068481 -0.7609634 -0.2294996
vn 0.4223028 -0.876921 -0.2294992
vn 0.2165815 -0.948906 -0.2294991
vn 0.9413942 -0.2148671 -0.2600174
vn 0.8699791 -0.4189599 -0.2600174
vn 0.7549396 -0.6020443 -0.2600173
vn 0.6020441 -0.7549395 -0.2600178
vn 0.4189598 -0.8699791 -0.2600176
vn 0.2148671 -0.9413943 -0.2600173
vn 0.9410564 -0.21479 -0.2613011
vn 0.8696668 -0.4188095 -0.2613011
vn 0.7546685 -0.6018282 -0.2613011
vn 0.6018281 -0.7546685 -0.2613012
vn 0.4188094 -0.8696668 -0.2613012
vn 0.2147899 -0.9410564 -0.2613011
vn 0.9428927 -0.2152091 -0.2542409
vn 0.8713638 -0.4196268 -0.2542409
vn 0.7561412 -0.6030025 -0.254241
vn 0.6030026 -0.7561412 -0.2542407
vn 0.4196266 -0.8713639 -0.254241
vn 0.215209 -0.9428927 -0.254241
vn 0.9406158 -0.2146894 -0.2629648
vn 0.8692596 -0.4186134 -0.2629647
vn 0.7543152 -0.6015463 -0.262965
vn 0.6015464 -0.7543154 -0.2629642
vn 0.4186134 -0.8692597 -0.2629647
vn 0.2146893 -0.9406158 -0.2629649
vn 0.9248977 -0.2111019 -0.316228
vn 0.854734 -0.4116182 -0.3162279
vn 0.7417104 -0.5914943 -0.3162279
vn 0.5914944 -0.7417105 -0.3162278
vn 0.4116181 -0.8547341 -0.3162279
vn 0.2111018 -0.9248977 -0.316228
vn 0.8819737 0 -0.4712987
vn 0.8598605 0.1962576 -0.4712991
vn 0.7946306 0.382674 -0.471299
vn 0.6895549 0.5499017 -0.4712983
vn 0.5499015 0.6895548 -0.4712988
vn 0.3826739 0.7946307 -0.471299
vn 0.1962575 0.8598605 -0.4712992
vn -3.855229e-8 0.8819737 -0.4712987
vn 0.6457922 0 -0.7635131
vn 0.6296006 0.1437022 -0.7635134
vn 0.5818385 0.2801986 -0.7635134
vn 0.5049008 0.4026449 -0.763513
vn 0.4026448 0.5049007 -0.7635133
vn 0.2801986 0.5818385 -0.7635134
vn 0.1437022 0.6296006 -0.7635134
vn -2.822848e-8 0.6457922 -0.7635131
vn 0.3450159 0 -0.9385968
vn 0.3363659 0.07677333 -0.9385967
vn 0.3108487 0.1496969 -0.9385968
vn 0.2697443 0.2151139 -0.9385968
vn 0.215114 0.2697444 -0.9385967
vn 0.1496969 0.3108488 -0.9385967
vn 0.07677329 0.3363659 -0.9385967
vn -1.508113e-8 0.3450159 -0.9385968
vn 0.1766497 0 -0.9842738
vn 0.1722213 0.0393084 -0.9842737
vn 0.1591564 0.07664568 -0.9842736
vn 0.1381103 0.1101393 -0.9842737
vn 0.1101393 0.1381104 -0.9842737
vn 0.07664569 0.1591564 -0.9842737
vn 0.03930839 0.1722213 -0.9842737
vn -7.721606e-9 0.1766497 -0.9842738
vn 0.1973023 0 -0.9803427
vn 0.1923562 0.04390405 -0.9803426
vn 0.1777638 0.08560656 -0.9803426
vn 0.1542571 0.1230159 -0.9803427
vn 0.123016 0.1542573 -0.9803427
vn 0.08560655 0.1777639 -0.9803426
vn 0.04390403 0.1923562 -0.9803426
vn -8.624358e-9 0.1973023 -0.9803427
vn 0.6021494 0 -0.7983834
vn 0.5870526 0.1339909 -0.7983832
vn 0.5425182 0.261263 -0.7983831
vn 0.4707792 0.3754339 -0.7983836
vn 0.375434 0.4707794 -0.7983834
vn 0.261263 0.5425183 -0.7983832
vn 0.1339909 0.5870526 -0.7983832
vn -2.632079e-8 0.6021494 -0.7983834
vn 1 0 0
vn 0.9749279 0.222521 0
vn 0.9009689 0.4338838 0
vn 0.7818314 0.6234899 -9.708526e-7
vn 0.6234897 0.7818316 -7.74229e-7
vn 0.4338837 0.9009689 0
vn 0.2225209 0.974928 0
vn -4.371139e-8 1 0
vn -0.1962576 0.8598605 -0.4712991
vn -0.382674 0.7946306 -0.471299
vn -0.5499017 0.6895549 -0.4712983
vn -0.6895548 0.5499015 -0.4712988
vn -0.7946307 0.3826739 -0.471299
vn -0.8598605 0.1962575 -0.4712992
vn -0.8819737 -3.855229e-8 -0.4712987
vn -0.1437022 0.6296006 -0.7635134
vn -0.2801986 0.5818385 -0.7635134
vn -0.4026449 0.5049008 -0.763513
vn -0.5049007 0.4026448 -0.7635133
vn -0.5818385 0.2801986 -0.7635134
vn -0.6296006 0.1437022 -0.7635134
vn -0.6457922 -2.822848e-8 -0.7635131
vn -0.07677333 0.3363659 -0.9385967
vn -0.1496969 0.3108487 -0.9385968
vn -0.2151139 0.2697443 -0.9385968
vn -0.2697444 0.215114 -0.9385967
vn -0.3108488 0.1496969 -0.9385967
vn -0.3363659 0.07677329 -0.9385967
vn -0.3450159 -1.508113e-8 -0.9385968
vn -0.0393084 0.1722213 -0.9842737
vn -0.07664568 0.1591564 -0.9842736
vn -0.1101393 0.1381103 -0.9842737
vn -0.1381104 0.1101393 -0.9842737
vn -0.1591564 0.07664569 -0.9842737
vn -0.1722213 0.03930839 -0.9842737
vn -0.1766497 -7.721606e-9 -0.9842738
vn -0.04390405 0.1923562 -0.9803426
vn -0.08560656 0.1777638 -0.9803426
vn -0.1230159 0.1542571 -0.9803427
vn -0.1542573 0.123016 -0.9803427
vn -0.1777639 0.08560655 -0.9803426
vn -0.1923562 0.04390403 -0.9803426
vn -0.1973023 -8.624358e-9 -0.9803427
vn -0.1339909 0.5870526 -0.7983832
vn -0.261263 0.5425182 -0.7983831
vn -0.3754339 0.4707792 -0.7983836
vn -0.4707794 0.375434 -0.7983834
vn -0.5425183 0.261263 -0.7983832
vn -0.5870526 0.1339909 -0.7983832
vn -0.6021494 -2.632079e-8 -0.7983834
vn -0.222521 0.9749279 0
vn -0.4338838 0.9009689 0
vn -0.6234899 0.7818314 -9.708526e-7
vn -0.7818316 0.6234897 -7.74229e-7
vn -0.9009689 0.4338837 0
vn -0.974928 0.2225209 0
vn -1 -4.371139e-8 0
vn 0 -0.8819737 -0.4712987
vn -0.1962576 -0.8598605 -0.4712991
vn -0.382674 -0.7946306 -0.471299
vn -0.5499017 -0.6895549 -0.4712983
vn -0.6895548 -0.5499015 -0.4712988
vn -0.7946307 -0.3826739 -0.471299
vn -0.8598605 -0.1962575 -0.4712992
vn 0 -0.6457922 -0.7635131
vn -0.1437022 -0.6296006 -0.7635134
vn -0.2801986 -0.5818385 -0.7635134
vn -0.4026449 -0.5049008 -0.763513
vn -0.5049007 -0.4026448 -0.7635133
vn -0.5818385 -0.2801986 -0.7635134
vn -0.6296006 -0.1437022 -0.7635134
vn 0 -0.3450159 -0.9385968
vn -0.07677333 -0.3363659 -0.9385967
vn -0.1496969 -0.3108487 -0.9385968
vn -0.2151139 -0.2697443 -0.9385968
vn -0.2697444 -0.215114 -0.9385967
vn -0.3108488 -0.1496969 -0.9385967
vn -0.3363659 -0.07677329 -0.9385967
vn 0 -0.1766497 -0.9842738
vn -0.0393084 -0.1722213 -0.9842737
vn -0.07664568 -0.1591564 -0.9842736
vn -0.1101393 -0.1381103 -0.9842737
vn -0.1381104 -0.1101393 -0.9842737
vn -0.1591564 -0.07664569 -0.9842737
vn -0.1722213 -0.03930839 -0.9842737
vn 0 -0.1973023 -0.9803427
vn -0.04390405 -0.1923562 -0.9803426
vn -0.08560656 -0.1777638 -0.9803426
vn -0.1230159 -0.1542571 -0.9803427
vn -0.1542573 -0.123016 -0.9803427
vn -0.1777639 -0.08560655 -0.9803426
vn -0.1923562 -0.04390403 -0.9803426
vn 0 -0.6021494 -0.7983834
vn -0.1339909 -0.5870526 -0.7983832
vn -0.261263 -0.5425182 -0.7983831
vn -0.3754339 -0.4707792 -0.7983836
vn -0.4707794 -0.375434 -0.7983834
vn -0.5425183 -0.261263 -0.7983832
vn -0.5870526 -0.1339909 -0.7983832
vn 0 -1 0
vn -0.222521 -0.9749279 0
vn -0.4338838 -0.9009689 0
vn -0.6234899 -0.7818314 -9.708526e-7
vn -0.7818316 -0.6234897 -7.74229e-7
vn -0.9009689 -0.4338837 0
vn -0.974928 -0.2225209 0
vn 0.8598605 -0.1962576 -0.4712991
vn 0.7946306 -0.382674 -0.471299
vn 0.6895549 -0.5499017 -0.4712983
vn 0.5499015 -0.6895548 -0.4712988
vn 0.3826739 -0.7946307 -0.471299
vn 0.1962575 -0.8598605 -0.4712992
vn 0.6296006 -0.1437022 -0.7635134
vn 0.5818385 -0.2801986 -0.7635134
vn 0.5049008 -0.4026449 -0.763513
vn 0.4026448 -0.5049007 -0.7635133
vn 0.2801986 -0.5818385 -0.7635134
vn 0.1437022 -0.6296006 -0.7635134
vn 0.3363659 -0.07677333 -0.9385967
vn 0.3108487 -0.1496969 -0.9385968
vn 0.2697443 -0.2151139 -0.9385968
vn 0.215114 -0.2697444 -0.9385967
vn 0.1496969 -0.3108488 -0.9385967
vn 0.07677329 -0.3363659 -0.9385967
vn 0.1722213 -0.0393084 -0.9842737
vn 0.1591564 -0.07664568 -0.9842736
vn 0.1381103 -0.1101393 -0.9842737
vn 0.1101393 -0.1381104 -0.9842737
vn 0.07664569 -0.1591564 -0.9842737
vn 0.03930839 -0.1722213 -0.9842737
vn 0.1923562 -0.04390405 -0.9803426
vn 0.1777638 -0.08560656 -0.9803426
vn 0.1542571 -0.1230159 -0.9803427
vn 0.123016 -0.1542573 -0.9803427
vn 0.08560655 -0.1777639 -0.9803426
vn 0.04390403 -0.1923562 -0.9803426
vn 0.5870526 -0.1339909 -0.7983832
vn 0.5425182 -0.261263 -0.7983831
vn 0.4707792 -0.3754339 -0.7983836
vn 0.375434 -0.4707794 -0.7983834
vn 0.261263 -0.5425183 -0.7983832
vn 0.1339909 -0.5870526 -0.7983832
vn 0.9749279 -0.222521 0
vn 0.9009689 -0.4338838 0
vn 0.7818314 -0.6234899 -9.708526e-7
vn 0.6234897 -0.7818316 -7.74229e-7
vn 0.4338837 -0.9009689 0
vn 0.2225209 -0.974928 0
vn 0.8615909 0 0.5076033
vn 0.8399891 0.1917221 0.5076033
vn 0.7762666 0.3738302 0.5076033
vn 0.6736187 0.5371931 0.5076034
vn 0.537193 0.6736189 0.5076035
vn 0.3738302 0.7762666 0.5076035
vn 0.191722 0.8399891 0.5076033
vn -3.766133e-8 0.8615909 0.5076033
vn 0.6031451 0 0.7976316
vn 0.5880232 0.1342125 0.7976313
vn 0.5434151 0.2616949 0.7976313
vn 0.4715581 0.3760551 0.7976312
vn 0.3760549 0.471558 0.7976314
vn 0.2616948 0.543415 0.7976314
vn 0.1342124 0.5880233 0.7976313
vn -2.636431e-8 0.6031451 0.7976316
vn 0.3673078 0 0.9300994
vn 0.3580989 0.08173373 0.9300993
vn 0.3309332 0.159369 0.9300992
vn 0.2871731 0.2290129 0.9300992
vn 0.2290128 0.2871729 0.9300993
vn 0.1593689 0.3309331 0.9300994
vn 0.08173371 0.3580989 0.9300993
vn -1.605554e-8 0.3673078 0.9300994
vn 0.1892624 0 0.9819265
vn 0.1845173 0.04211487 0.9819266
vn 0.1705196 0.08211792 0.9819266
vn 0.1479714 0.1180033 0.9819264
vn 0.1180032 0.1479713 0.9819266
vn 0.08211789 0.1705196 0.9819266
vn 0.04211486 0.1845173 0.9819266
vn -8.27292e-9 0.1892624 0.9819265
vn 0.07542478 0 0.9971515
vn 0.07353372 0.01678359 0.9971515
vn 0.06795538 0.03272559 0.9971515
vn 0.0589695 0.04702661 0.9971515
vn 0.04702657 0.05896947 0.9971515
vn 0.03272558 0.06795538 0.9971515
vn 0.01678359 0.07353372 0.9971515
vn -3.296922e-9 0.07542478 0.9971515
vn 0.01708201 0 0.9998541
vn 0.01665372 0.003801103 0.9998541
vn 0.01539036 0.007411605 0.9998541
vn 0.01335525 0.01065046 0.9998541
vn 0.01065046 0.01335525 0.9998541
vn 0.0074116 0.01539035 0.9998541
vn 0.003801102 0.01665372 0.9998541
vn -7.466784e-10 0.01708201 0.9998541
vn -0.000003973647 0 1
vn -0.000003874018 -8.842193e-7 1
vn -0.000003580131 -0.0000017241 1
vn -0.000003106718 -0.000002477525 1
vn -0.000002477529 -0.000003106724 1
vn -0.000001724098 -0.000003580127 1
vn -8.84219e-7 -0.000003874018 1
vn 1.736936e-13 -0.000003973647 1
vn -0.1917221 0.8399891 0.5076033
vn -0.3738302 0.7762666 0.5076033
vn -0.5371931 0.6736187 0.5076034
vn -0.6736189 0.537193 0.5076035
vn -0.7762666 0.3738302 0.5076035
vn -0.8399891 0.191722 0.5076033
vn -0.8615909 -3.766133e-8 0.5076033
vn -0.1342125 0.5880232 0.7976313
vn -0.2616949 0.5434151 0.7976313
vn -0.3760551 0.4715581 0.7976312
vn -0.471558 0.3760549 0.7976314
vn -0.543415 0.2616948 0.7976314
vn -0.5880233 0.1342124 0.7976313
vn -0.6031451 -2.636431e-8 0.7976316
vn -0.08173373 0.3580989 0.9300993
vn -0.159369 0.3309332 0.9300992
vn -0.2290129 0.2871731 0.9300992
vn -0.2871729 0.2290128 0.9300993
vn -0.3309331 0.1593689 0.9300994
vn -0.3580989 0.08173371 0.9300993
vn -0.3673078 -1.605554e-8 0.9300994
vn -0.04211487 0.1845173 0.9819266
vn -0.08211792 0.1705196 0.9819266
vn -0.1180033 0.1479714 0.9819264
vn -0.1479713 0.1180032 0.9819266
vn -0.1705196 0.08211789 0.9819266
vn -0.1845173 0.04211486 0.9819266
vn -0.1892624 -8.27292e-9 0.9819265
vn -0.01678359 0.07353372 0.9971515
vn -0.03272559 0.06795538 0.9971515
vn -0.04702661 0.0589695 0.9971515
vn -0.05896947 0.04702657 0.9971515
vn -0.06795538 0.03272558 0.9971515
vn -0.07353372 0.01678359 0.9971515
vn -0.07542478 -3.296922e-9 0.9971515
vn -0.003801103 0.01665372 0.9998541
vn -0.007411605 0.01539036 0.9998541
vn -0.01065046 0.01335525 0.9998541
vn -0.01335525 0.01065046 0.9998541
vn -0.01539035 0.0074116 0.9998541
vn -0.01665372 0.003801102 0.9998541
vn -0.01708201 -7.466784e-10 0.9998541
vn 8.842193e-7 -0.000003874018 1
vn 0.0000017241 -0.000003580131 1
vn 0.000002477525 -0.000003106718 1
vn 0.000003106724 -0.000002477529 1
vn 0.000003580127 -0.000001724098 1
vn 0.000003874018 -8.84219e-7 1
vn 0.000003973647 1.736936e-13 1
vn 0 -0.8615909 0.5076033
vn -0.1917221 -0.8399891 0.5076033
vn -0.3738302 -0.7762666 0.5076033
vn -0.5371931 -0.6736187 0.5076034
vn -0.6736189 -0.537193 0.5076035
vn -0.7762666 -0.3738302 0.5076035
vn -0.8399891 -0.191722 0.5076033
vn 0 -0.6031451 0.7976316
vn -0.1342125 -0.5880232 0.7976313
vn -0.2616949 -0.5434151 0.7976313
vn -0.3760551 -0.4715581 0.7976312
vn -0.471558 -0.3760549 0.7976314
vn -0.543415 -0.2616948 0.7976314
vn -0.5880233 -0.1342124 0.7976313
vn 0 -0.3673078 0.9300994
vn -0.08173373 -0.3580989 0.9300993
vn -0.159369 -0.3309332 0.9300992
vn -0.2290129 -0.2871731 0.9300992
vn -0.2871729 -0.2290128 0.9300993
vn -0.3309331 -0.1593689 0.9300994
vn -0.3580989 -0.08173371 0.9300993
vn 0 -0.1892624 0.9819265
vn -0.04211487 -0.1845173 0.9819266
vn -0.08211792 -0.1705196 0.9819266
vn -0.1180033 -0.1479714 0.9819264
vn -0.1479713 -0.1180032 0.9819266
vn -0.1705196 -0.08211789 0.9819266
vn -0.1845173 -0.04211486 0.9819266
vn 0 -0.07542478 0.9971515
vn -0.01678359 -0.07353372 0.9971515
vn -0.03272559 -0.06795538 0.9971515
vn -0.04702661 -0.0589695 0.9971515
vn -0.05896947 -0.04702657 0.9971515
vn -0.06795538 -0.03272558 0.9971515
vn -0.07353372 -0.01678359 0.9971515
vn 0 -0.01708201 0.9998541
vn -0.003801103 -0.01665372 0.9998541
vn -0.007411605 -0.01539036 0.9998541
vn -0.01065046 -0.01335525 0.9998541
vn -0.01335525 -0.01065046 0.9998541
vn -0.01539035 -0.0074116 0.9998541
vn -0.01665372 -0.003801102 0.9998541
vn 0 0.000003973647 1
vn 8.842193e-7 0.000003874018 1
vn 0.0000017241 0.000003580131 1
vn 0.000002477525 0.000003106718 1
vn 0.000003106724 0.000002477529 1
vn 0.000003580127 0.000001724098 1
vn 0.000003874018 8.84219e-7 1
vn 0.8399891 -0.1917221 0.5076033
vn 0.7762666 -0.3738302 0.5076033
vn 0.6736187 -0.5371931 0.5076034
vn 0.537193 -0.6736189 0.5076035
vn 0.3738302 -0.7762666 0.5076035
vn 0.191722 -0.8399891 0.5076033
vn 0.5880232 -0.1342125 0.7976313
vn 0.5434151 -0.2616949 0.7976313
vn 0.4715581 -0.3760551 0.7976312
vn 0.3760549 -0.471558 0.7976314
vn 0.2616948 -0.543415 0.7976314
vn 0.1342124 -0.5880233 0.7976313
vn 0.3580989 -0.08173373 0.9300993
vn 0.3309332 -0.159369 0.9300992
vn 0.2871731 -0.2290129 0.9300992
vn 0.2290128 -0.2871729 0.9300993
vn 0.1593689 -0.3309331 0.9300994
vn 0.08173371 -0.3580989 0.9300993
vn 0.1845173 -0.04211487 0.9819266
vn 0.1705196 -0.08211792 0.9819266
vn 0.1479714 -0.1180033 0.9819264
vn 0.1180032 -0.1479713 0.9819266
vn 0.08211789 -0.1705196 0.9819266
vn 0.04211486 -0.1845173 0.9819266
vn 0.07353372 -0.01678359 0.9971515
vn 0.06795538 -0.03272559 0.9971515
vn 0.0589695 -0.04702661 0.9971515
vn 0.04702657 -0.05896947 0.9971515
vn 0.03272558 -0.06795538 0.9971515
vn 0.01678359 -0.07353372 0.9971515
vn 0.01665372 -0.003801103 0.9998541
vn 0.01539036 -0.007411605 0.9998541
vn 0.01335525 -0.01065046 0.9998541
vn 0.01065046 -0.01335525 0.9998541
vn 0.0074116 -0.01539035 0.9998541
vn 0.003801102 -0.01665372 0.9998541
vn -0.000003874018 8.842193e-7 1
vn -0.000003580131 0.0000017241 1
vn -0.000003106718 0.000002477525 1
vn -0.000002477529 0.000003106724 1
vn -0.000001724098 0.000003580127 1
vn -8.84219e-7 0.000003874018 1
vn 0.000002649098 0 -1
vn 0.000002582676 5.894791e-7 -1
vn 0.000002386755 0.000001149401 -1
vn 0.000002071147 0.000001651685 -1
vn 0.000001651685 0.000002071148 -1
vn 0.0000011494 0.000002386755 -1
vn 5.894789e-7 0.000002582677 -1
vn -1.157957e-13 0.000002649098 -1
vn -0.2401793 0 -0.9707286
vn -0.2341574 -0.0534449 -0.9707286
vn -0.2163941 -0.1042099 -0.9707285
vn -0.1877798 -0.1497494 -0.9707286
vn -0.1497493 -0.1877797 -0.9707286
vn -0.10421 -0.2163943 -0.9707285
vn -0.05344488 -0.2341574 -0.9707286
vn 1.049857e-8 -0.2401793 -0.9707286
vn -0.5611585 0 -0.8277084
vn -0.5470893 -0.1248695 -0.8277082
vn -0.5055863 -0.2434775 -0.8277084
vn -0.4387316 -0.3498768 -0.8277082
vn -0.3498763 -0.4387312 -0.8277085
vn -0.2434777 -0.5055867 -0.8277081
vn -0.1248695 -0.5470893 -0.8277082
vn 2.452902e-8 -0.5611585 -0.8277084
vn -0.8240423 0 -0.5665282
vn -0.8033823 -0.1833668 -0.5665276
vn -0.7424364 -0.3575386 -0.5665282
vn -0.6442624 -0.5137822 -0.5665278
vn -0.5137818 -0.6442622 -0.5665285
vn -0.3575386 -0.7424368 -0.5665277
vn -0.1833667 -0.8033823 -0.5665276
vn 3.602003e-8 -0.8240423 -0.5665282
vn -0.9298069 0 -0.3680477
vn -0.9064949 -0.2069016 -0.3680473
vn -0.837727 -0.4034281 -0.3680477
vn -0.7269523 -0.5797252 -0.3680476
vn -0.5797251 -0.7269523 -0.3680478
vn -0.403428 -0.8377271 -0.3680476
vn -0.2069015 -0.9064949 -0.3680473
vn 4.064316e-8 -0.9298069 -0.3680477
vn -0.9203314 0 -0.3911396
vn -0.8972567 -0.204793 -0.3911397
vn -0.8291898 -0.3993168 -0.3911397
vn -0.7195439 -0.5738172 -0.39114
vn -0.5738173 -0.7195442 -0.3911392
vn -0.3993167 -0.8291898 -0.39114
vn -0.2047929 -0.8972567 -0.3911397
vn 4.022897e-8 -0.9203314 -0.3911396
vn -0.6643662 0 -0.7474073
vn -0.647709 -0.1478353 -0.7474074
vn -0.5985731 -0.2882577 -0.7474073
vn -0.5194221 -0.4142254 -0.7474075
vn -0.414226 -0.519423 -0.7474065
vn -0.2882572 -0.5985723 -0.7474082
vn -0.1478353 -0.6477091 -0.7474073
vn 2.904037e-8 -0.6643662 -0.7474073
vn 0 0 -1
vn 0 0 -1
vn 0 0 -1
vn 0 0 -1
vn 0 0 -1
vn 0 0 -1
vn 0 0 -1
vn 0 0 -1
vn -5.894791e-7 0.000002582676 -1
vn -0.000001149401 0.000002386755 -1
vn -0.000001651685 0.000002071147 -1
vn -0.000002071148 0.000001651685 -1
vn -0.000002386755 0.0000011494 -1
vn -0.000002582677 5.894789e-7 -1
vn -0.000002649098 -1.157957e-13 -1
vn 0.0534449 -0.2341574 -0.9707286
vn 0.1042099 -0.2163941 -0.9707285
vn 0.1497494 -0.1877798 -0.9707286
vn 0.1877797 -0.1497493 -0.9707286
vn 0.2163943 -0.10421 -0.9707285
vn 0.2341574 -0.05344488 -0.9707286
vn 0.2401793 1.049857e-8 -0.9707286
vn 0.1248695 -0.5470893 -0.8277082
vn 0.2434775 -0.5055863 -0.8277084
vn 0.3498768 -0.4387316 -0.8277082
vn 0.4387312 -0.3498763 -0.8277085
vn 0.5055867 -0.2434777 -0.8277081
vn 0.5470893 -0.1248695 -0.8277082
vn 0.5611585 2.452902e-8 -0.8277084
vn 0.1833668 -0.8033823 -0.5665276
vn 0.3575386 -0.7424364 -0.5665282
vn 0.5137822 -0.6442624 -0.5665278
vn 0.6442622 -0.5137818 -0.5665285
vn 0.7424368 -0.3575386 -0.5665277
vn 0.8033823 -0.1833667 -0.5665276
vn 0.8240423 3.602003e-8 -0.5665282
vn 0.2069016 -0.9064949 -0.3680473
vn 0.4034281 -0.837727 -0.3680477
vn 0.5797252 -0.7269523 -0.3680476
vn 0.7269523 -0.5797251 -0.3680478
vn 0.8377271 -0.403428 -0.3680476
vn 0.9064949 -0.2069015 -0.3680473
vn 0.9298069 4.064316e-8 -0.3680477
vn 0.204793 -0.8972567 -0.3911397
vn 0.3993168 -0.8291898 -0.3911397
vn 0.5738172 -0.7195439 -0.39114
vn 0.7195442 -0.5738173 -0.3911392
vn 0.8291898 -0.3993167 -0.39114
vn 0.8972567 -0.2047929 -0.3911397
vn 0.9203314 4.022897e-8 -0.3911396
vn 0.1478353 -0.647709 -0.7474074
vn 0.2882577 -0.5985731 -0.7474073
vn 0.4142254 -0.5194221 -0.7474075
vn 0.519423 -0.414226 -0.7474065
vn 0.5985723 -0.2882572 -0.7474082
vn 0.6477091 -0.1478353 -0.7474073
vn 0.6643662 2.904037e-8 -0.7474073
vn 0 0 -1
vn 0 0 -1
vn 0 0 -1
vn 0 0 -1
vn 0 0 -1
vn 0 0 -1
vn 0 0 -1
vn 0 -0.000002649098 -1
vn -5.894791e-7 -0.000002582676 -1
vn -0.000001149401 -0.000002386755 -1
vn -0.000001651685 -0.000002071147 -1
vn -0.000002071148 -0.000001651685 -1
vn -0.000002386755 -0.0000011494 -1
vn -0.000002582677 -5.894789e-7 -1
vn 0 0.2401793 -0.9707286
vn 0.0534449 0.2341574 -0.9707286
vn 0.1042099 0.2163941 -0.9707285
vn 0.1497494 0.1877798 -0.9707286
vn 0.1877797 0.1497493 -0.9707286
vn 0.2163943 0.10421 -0.9707285
vn 0.2341574 0.05344488 -0.9707286
vn 0 0.5611585 -0.8277084
vn 0.1248695 0.5470893 -0.8277082
vn 0.2434775 0.5055863 -0.8277084
vn 0.3498768 0.4387316 -0.8277082
vn 0.4387312 0.3498763 -0.8277085
vn 0.5055867 0.2434777 -0.8277081
vn 0.5470893 0.1248695 -0.8277082
vn 0 0.8240423 -0.5665282
vn 0.1833668 0.8033823 -0.5665276
vn 0.3575386 0.7424364 -0.5665282
vn 0.5137822 0.6442624 -0.5665278
vn 0.6442622 0.5137818 -0.5665285
vn 0.7424368 0.3575386 -0.5665277
vn 0.8033823 0.1833667 -0.5665276
vn 0 0.9298069 -0.3680477
vn 0.2069016 0.9064949 -0.3680473
vn 0.4034281 0.837727 -0.3680477
vn 0.5797252 0.7269523 -0.3680476
vn 0.7269523 0.5797251 -0.3680478
vn 0.8377271 0.403428 -0.3680476
vn 0.9064949 0.2069015 -0.3680473
vn 0 0.9203314 -0.3911396
vn 0.204793 0.8972567 -0.3911397
vn 0.3993168 0.8291898 -0.3911397
vn 0.5738172 0.7195439 -0.39114
vn 0.7195442 0.5738173 -0.3911392
vn 0.8291898 0.3993167 -0.39114
vn 0.8972567 0.2047929 -0.3911397
vn 0 0.6643662 -0.7474073
vn 0.1478353 0.647709 -0.7474074
vn 0.2882577 0.5985731 -0.7474073
vn 0.4142254 0.5194221 -0.7474075
vn 0.519423 0.414226 -0.7474065
vn 0.5985723 0.2882572 -0.7474082
vn 0.6477091 0.1478353 -0.7474073
vn 0 0 -1
vn 0 0 -1
vn 0 0 -1
vn 0 0 -1
vn 0 0 -1
vn 0 0 -1
vn 0 0 -1
vn 0.000002582676 -5.894791e-7 -1
vn 0.000002386755 -0.000001149401 -1
vn 0.000002071147 -0.000001651685 -1
vn 0.000001651685 -0.000002071148 -1
vn 0.0000011494 -0.000002386755 -1
vn 5.894789e-7 -0.000002582677 -1
vn -0.2341574 0.0534449 -0.9707286
vn -0.2163941 0.1042099 -0.9707285
vn -0.1877798 0.1497494 -0.9707286
vn -0.1497493 0.1877797 -0.9707286
vn -0.10421 0.2163943 -0.9707285
vn -0.05344488 0.2341574 -0.9707286
vn -0.5470893 0.1248695 -0.8277082
vn -0.5055863 0.2434775 -0.8277084
vn -0.4387316 0.3498768 -0.8277082
vn -0.3498763 0.4387312 -0.8277085
vn -0.2434777 0.5055867 -0.8277081
vn -0.1248695 0.5470893 -0.8277082
vn -0.8033823 0.1833668 -0.5665276
vn -0.7424364 0.3575386 -0.5665282
vn -0.6442624 0.5137822 -0.5665278
vn -0.5137818 0.6442622 -0.5665285
vn -0.3575386 0.7424368 -0.5665277
vn -0.1833667 0.8033823 -0.5665276
vn -0.9064949 0.2069016 -0.3680473
vn -0.837727 0.4034281 -0.3680477
vn -0.7269523 0.5797252 -0.3680476
vn -0.5797251 0.7269523 -0.3680478
vn -0.403428 0.8377271 -0.3680476
vn -0.2069015 0.9064949 -0.3680473
vn -0.8972567 0.204793 -0.3911397
vn -0.8291898 0.3993168 -0.3911397
vn -0.7195439 0.5738172 -0.39114
vn -0.5738173 0.7195442 -0.3911392
vn -0.3993167 0.8291898 -0.39114
vn -0.2047929 0.8972567 -0.3911397
vn -0.647709 0.1478353 -0.7474074
vn -0.5985731 0.2882577 -0.7474073
vn -0.5194221 0.4142254 -0.7474075
vn -0.414226 0.519423 -0.7474065
vn -0.2882572 0.5985723 -0.7474082
vn -0.1478353 0.6477091 -0.7474073
vn 0 0 -1
vn 0 0 -1
vn 0 0 -1
vn 0 0 -1
vn 0 0 -1
vn 0 0 -1
vn 0.7037275 0 -0.71047
vn 0.6860842 0.1565943 -0.7104694
vn 0.6340365 0.3053359 -0.71047
vn 0.5501969 0.4387676 -0.7104691
vn 0.4387673 0.5501969 -0.7104692
vn 0.3053359 0.6340368 -0.7104698
vn 0.1565942 0.686084 -0.7104695
vn -3.076091e-8 0.7037275 -0.71047
vn 0.9261519 0 -0.3771507
vn 0.9029315 0.2060882 -0.3771504
vn 0.8344341 0.4018423 -0.3771505
vn 0.7240949 0.5774465 -0.3771501
vn 0.5774464 0.724095 -0.3771499
vn 0.4018423 0.8344343 -0.3771504
vn 0.2060881 0.9029313 -0.3771509
vn -4.048339e-8 0.9261519 -0.3771507
vn 0.9142826 0 -0.405077
vn 0.8913597 0.203447 -0.4050769
vn 0.8237402 0.3966923 -0.4050769
vn 0.714815 0.5700461 -0.4050767
vn 0.5700461 0.7148151 -0.4050763
vn 0.3966924 0.8237404 -0.4050765
vn 0.2034469 0.8913594 -0.4050773
vn -3.996456e-8 0.9142826 -0.405077
vn 0.7861854 0 -0.6179907
vn 0.7664741 0.1749427 -0.6179907
vn 0.7083287 0.3411132 -0.6179904
vn 0.6146645 0.4901786 -0.6179906
vn 0.4901787 0.6146648 -0.6179903
vn 0.3411132 0.7083289 -0.6179904
vn 0.1749426 0.7664741 -0.6179907
vn -3.436526e-8 0.7861854 -0.6179907
vn 0.5424478 0 -0.8400895
vn 0.5288474 0.120706 -0.8400896
vn 0.4887289 0.2353595 -0.8400893
vn 0.4241027 0.3382107 -0.8400896
vn 0.3382106 0.4241028 -0.8400895
vn 0.2353593 0.4887286 -0.8400895
vn 0.120706 0.5288476 -0.8400894
vn -2.371115e-8 0.5424478 -0.8400895
vn 0.3140073 0 -0.9494206
vn 0.3061343 0.06987317 -0.9494206
vn 0.2829109 0.1362427 -0.9494205
vn 0.2455007 0.1957803 -0.9494206
vn 0.1957802 0.2455006 -0.9494206
vn 0.1362426 0.2829107 -0.9494206
vn 0.06987317 0.3061344 -0.9494206
vn -1.372569e-8 0.3140073 -0.9494206
vn 0.1961157 0 -0.9805808
vn 0.1911986 0.04363983 -0.9805808
vn 0.1766941 0.0850914 -0.9805808
vn 0.1533293 0.1222761 -0.9805808
vn 0.122276 0.1533293 -0.9805808
vn 0.0850913 0.1766939 -0.9805808
vn 0.04363982 0.1911986 -0.9805808
vn -8.572488e-9 0.1961157 -0.9805808
vn -0.1565943 0.6860842 -0.7104694
vn -0.3053359 0.6340365 -0.71047
vn -0.4387676 0.5501969 -0.7104691
vn -0.5501969 0.4387673 -0.7104692
vn -0.6340368 0.3053359 -0.7104698
vn -0.686084 0.1565942 -0.7104695
vn -0.7037275 -3.076091e-8 -0.71047
vn -0.2060882 0.9029315 -0.3771504
vn -0.4018423 0.8344341 -0.3771505
vn -0.5774465 0.7240949 -0.3771501
vn -0.724095 0.5774464 -0.3771499
vn -0.8344343 0.4018423 -0.3771504
vn -0.9029313 0.2060881 -0.3771509
vn -0.9261519 -4.048339e-8 -0.3771507
vn -0.203447 0.8913597 -0.4050769
vn -0.3966923 0.8237402 -0.4050769
vn -0.5700461 0.714815 -0.4050767
vn -0.7148151 0.5700461 -0.4050763
vn -0.8237404 0.3966924 -0.4050765
vn -0.8913594 0.2034469 -0.4050773
vn -0.9142826 -3.996456e-8 -0.405077
vn -0.1749427 0.7664741 -0.6179907
vn -0.3411132 0.7083287 -0.6179904
vn -0.4901786 0.6146645 -0.6179906
vn -0.6146648 0.4901787 -0.6179903
vn -0.7083289 0.3411132 -0.6179904
vn -0.7664741 0.1749426 -0.6179907
vn -0.7861854 -3.436526e-8 -0.6179907
vn -0.120706 0.5288474 -0.8400896
vn -0.2353595 0.4887289 -0.8400893
vn -0.3382107 0.4241027 -0.8400896
vn -0.4241028 0.3382106 -0.8400895
vn -0.4887286 0.2353593 -0.8400895
vn -0.5288476 0.120706 -0.8400894
vn -0.5424478 -2.371115e-8 -0.8400895
vn -0.06987317 0.3061343 -0.9494206
vn -0.1362427 0.2829109 -0.9494205
vn -0.1957803 0.2455007 -0.9494206
vn -0.2455006 0.1957802 -0.9494206
vn -0.2829107 0.1362426 -0.9494206
vn -0.3061344 0.06987317 -0.9494206
vn -0.3140073 -1.372569e-8 -0.9494206
vn -0.04363983 0.1911986 -0.9805808
vn -0.0850914 0.1766941 -0.9805808
vn -0.1222761 0.1533293 -0.9805808
vn -0.1533293 0.122276 -0.9805808
vn -0.1766939 0.0850913 -0.9805808
vn -0.1911986 0.04363982 -0.9805808
vn -0.1961157 -8.572488e-9 -0.9805808
vn 0 -0.7037275 -0.71047
vn -0.1565943 -0.6860842 -0.7104694
vn -0.3053359 -0.6340365 -0.71047
vn -0.4387676 -0.5501969 -0.7104691
vn -0.5501969 -0.4387673 -0.7104692
vn -0.6340368 -0.3053359 -0.7104698
vn -0.686084 -0.1565942 -0.7104695
vn 0 -0.9261519 -0.3771507
vn -0.2060882 -0.9029315 -0.3771504
vn -0.4018423 -0.8344341 -0.3771505
vn -0.5774465 -0.7240949 -0.3771501
vn -0.724095 -0.5774464 -0.3771499
vn -0.8344343 -0.4018423 -0.3771504
vn -0.9029313 -0.2060881 -0.3771509
vn 0 -0.9142826 -0.405077
vn -0.203447 -0.8913597 -0.4050769
vn -0.3966923 -0.8237402 -0.4050769
vn -0.5700461 -0.714815 -0.4050767
vn -0.7148151 -0.5700461 -0.4050763
vn -0.8237404 -0.3966924 -0.4050765
vn -0.8913594 -0.2034469 -0.4050773
vn 0 -0.7861854 -0.6179907
vn -0.1749427 -0.7664741 -0.6179907
vn -0.3411132 -0.7083287 -0.6179904
vn -0.4901786 -0.6146645 -0.6179906
vn -0.6146648 -0.4901787 -0.6179903
vn -0.7083289 -0.3411132 -0.6179904
vn -0.7664741 -0.1749426 -0.6179907
vn 0 -0.5424478 -0.8400895
vn -0.120706 -0.5288474 -0.8400896
vn -0.2353595 -0.4887289 -0.8400893
vn -0.3382107 -0.4241027 -0.8400896
vn -0.4241028 -0.3382106 -0.8400895
vn -0.4887286 -0.2353593 -0.8400895
vn -0.5288476 -0.120706 -0.8400894
vn 0 -0.3140073 -0.9494206
vn -0.06987317 -0.3061343 -0.9494206
vn -0.1362427 -0.2829109 -0.9494205
vn -0.1957803 -0.2455007 -0.9494206
vn -0.2455006 -0.1957802 -0.9494206
vn -0.2829107 -0.1362426 -0.9494206
vn -0.3061344 -0.06987317 -0.9494206
vn 0 -0.1961157 -0.9805808
vn -0.04363983 -0.1911986 -0.9805808
vn -0.0850914 -0.1766941 -0.9805808
vn -0.1222761 -0.1533293 -0.9805808
vn -0.1533293 -0.122276 -0.9805808
vn -0.1766939 -0.0850913 -0.9805808
vn -0.1911986 -0.04363982 -0.9805808
vn 0.6860842 -0.1565943 -0.7104694
vn 0.6340365 -0.3053359 -0.71047
vn 0.5501969 -0.4387676 -0.7104691
vn 0.4387673 -0.5501969 -0.7104692
vn 0.3053359 -0.6340368 -0.7104698
vn 0.1565942 -0.686084 -0.7104695
vn 0.9029315 -0.2060882 -0.3771504
vn 0.8344341 -0.4018423 -0.3771505
vn 0.7240949 -0.5774465 -0.3771501
vn 0.5774464 -0.724095 -0.3771499
vn 0.4018423 -0.8344343 -0.3771504
vn 0.2060881 -0.9029313 -0.3771509
vn 0.8913597 -0.203447 -0.4050769
vn 0.8237402 -0.3966923 -0.4050769
vn 0.714815 -0.5700461 -0.4050767
vn 0.5700461 -0.7148151 -0.4050763
vn 0.3966924 -0.8237404 -0.4050765
vn 0.2034469 -0.8913594 -0.4050773
vn 0.7664741 -0.1749427 -0.6179907
vn 0.7083287 -0.3411132 -0.6179904
vn 0.6146645 -0.4901786 -0.6179906
vn 0.4901787 -0.6146648 -0.6179903
vn 0.3411132 -0.7083289 -0.6179904
vn 0.1749426 -0.7664741 -0.6179907
vn 0.5288474 -0.120706 -0.8400896
vn 0.4887289 -0.2353595 -0.8400893
vn 0.4241027 -0.3382107 -0.8400896
vn 0.3382106 -0.4241028 -0.8400895
vn 0.2353593 -0.4887286 -0.8400895
vn 0.120706 -0.5288476 -0.8400894
vn 0.3061343 -0.06987317 -0.9494206
vn 0.2829109 -0.1362427 -0.9494205
vn 0.2455007 -0.1957803 -0.9494206
vn 0.1957802 -0.2455006 -0.9494206
vn 0.1362426 -0.2829107 -0.9494206
vn 0.06987317 -0.3061344 -0.9494206
vn 0.1911986 -0.04363983 -0.9805808
vn 0.1766941 -0.0850914 -0.9805808
vn 0.1533293 -0.1222761 -0.9805808
vn 0.122276 -0.1533293 -0.9805808
vn 0.0850913 -0.1766939 -0.9805808
vn 0.04363982 -0.1911986 -0.9805808
vn 0.1726771 0 -0.9849785
vn 0.1683477 0.03842427 -0.9849785
vn 0.1555767 0.07492179 -0.9849785
vn 0.1350044 0.1076624 -0.9849785
vn 0.1076624 0.1350044 -0.9849785
vn 0.07492178 0.1555767 -0.9849785
vn 0.03842425 0.1683477 -0.9849785
vn -7.547955e-9 0.1726771 -0.9849785
vn 0.1795041 0 -0.9837573
vn 0.1750036 0.03994342 -0.9837573
vn 0.1617276 0.07788394 -0.9837573
vn 0.140342 0.111919 -0.9837573
vn 0.111919 0.140342 -0.9837573
vn 0.07788391 0.1617276 -0.9837572
vn 0.03994341 0.1750036 -0.9837573
vn -7.846373e-9 0.1795041 -0.9837573
vn 0.1786334 0 -0.9839157
vn 0.1741547 0.03974968 -0.9839157
vn 0.1609432 0.07750615 -0.9839157
vn 0.1396612 0.1113761 -0.9839157
vn 0.1113761 0.1396613 -0.9839157
vn 0.07750614 0.1609432 -0.9839157
vn 0.03974967 0.1741547 -0.9839157
vn -7.808314e-9 0.1786334 -0.9839157
vn 0.1563396 0 -0.9877034
vn 0.1524199 0.03478885 -0.9877034
vn 0.1408571 0.06783324 -0.9877034
vn 0.1222312 0.09747618 -0.9877034
vn 0.09747616 0.1222313 -0.9877034
vn 0.06783321 0.1408572 -0.9877034
vn 0.03478884 0.1524199 -0.9877034
vn -6.833823e-9 0.1563396 -0.9877034
vn 0.1126836 0 -0.9936309
vn 0.1098584 0.02507447 -0.9936309
vn 0.1015244 0.0488916 -0.9936309
vn 0.08809961 0.07025709 -0.9936309
vn 0.07025708 0.08809961 -0.9936309
vn 0.04889159 0.1015244 -0.9936309
vn 0.02507446 0.1098584 -0.9936309
vn -4.925558e-9 0.1126836 -0.9936309
vn 0.05610247 0 -0.9984251
vn 0.05469586 0.01248397 -0.9984251
vn 0.05054658 0.02434195 -0.9984251
vn 0.04386267 0.03497932 -0.9984251
vn 0.03497931 0.04386267 -0.9984251
vn 0.02434194 0.05054657 -0.9984251
vn 0.01248397 0.05469586 -0.9984251
vn -2.452317e-9 0.05610247 -0.9984251
vn -8.830318e-7 0 -1
vn -0.03842427 0.1683477 -0.9849785
vn -0.07492179 0.1555767 -0.9849785
vn -0.1076624 0.1350044 -0.9849785
vn -0.1350044 0.1076624 -0.9849785
vn -0.1555767 0.07492178 -0.9849785
vn -0.1683477 0.03842425 -0.9849785
vn -0.1726771 -7.547955e-9 -0.9849785
vn -0.03994342 0.1750036 -0.9837573
vn -0.07788394 0.1617276 -0.9837573
vn -0.111919 0.140342 -0.9837573
vn -0.140342 0.111919 -0.9837573
vn -0.1617276 0.07788391 -0.9837572
vn -0.1750036 0.03994341 -0.9837573
vn -0.1795041 -7.846373e-9 -0.9837573
vn -0.03974968 0.1741547 -0.9839157
vn -0.07750615 0.1609432 -0.9839157
vn -0.1113761 0.1396612 -0.9839157
vn -0.1396613 0.1113761 -0.9839157
vn -0.1609432 0.07750614 -0.9839157
vn -0.1741547 0.03974967 -0.9839157
vn -0.1786334 -7.808314e-9 -0.9839157
vn -0.03478885 0.1524199 -0.9877034
vn -0.06783324 0.1408571 -0.9877034
vn -0.09747618 0.1222312 -0.9877034
vn -0.1222313 0.09747616 -0.9877034
vn -0.1408572 0.06783321 -0.9877034
vn -0.1524199 0.03478884 -0.9877034
vn -0.1563396 -6.833823e-9 -0.9877034
vn -0.02507447 0.1098584 -0.9936309
vn -0.0488916 0.1015244 -0.9936309
vn -0.07025709 0.08809961 -0.9936309
vn -0.08809961 0.07025708 -0.9936309
vn -0.1015244 0.04889159 -0.9936309
vn -0.1098584 0.02507446 -0.9936309
vn -0.1126836 -4.925558e-9 -0.9936309
vn -0.01248397 0.05469586 -0.9984251
vn -0.02434195 0.05054658 -0.9984251
vn -0.03497932 0.04386267 -0.9984251
vn -0.04386267 0.03497931 -0.9984251
vn -0.05054657 0.02434194 -0.9984251
vn -0.05469586 0.01248397 -0.9984251
vn -0.05610247 -2.452317e-9 -0.9984251
vn 0 -0.1726771 -0.9849785
vn -0.03842427 -0.1683477 -0.9849785
vn -0.07492179 -0.1555767 -0.9849785
vn -0.1076624 -0.1350044 -0.9849785
vn -0.1350044 -0.1076624 -0.9849785
vn -0.1555767 -0.07492178 -0.9849785
vn -0.1683477 -0.03842425 -0.9849785
vn 0 -0.1795041 -0.9837573
vn -0.03994342 -0.1750036 -0.9837573
vn -0.07788394 -0.1617276 -0.9837573
vn -0.111919 -0.140342 -0.9837573
vn -0.140342 -0.111919 -0.9837573
vn -0.1617276 -0.07788391 -0.9837572
vn -0.1750036 -0.03994341 -0.9837573
vn 0 -0.1786334 -0.9839157
vn -0.03974968 -0.1741547 -0.9839157
vn -0.07750615 -0.1609432 -0.9839157
vn -0.1113761 -0.1396612 -0.9839157
vn -0.1396613 -0.1113761 -0.9839157
vn -0.1609432 -0.07750614 -0.9839157
vn -0.1741547 -0.03974967 -0.9839157
vn 0 -0.1563396 -0.9877034
vn -0.03478885 -0.1524199 -0.9877034
vn -0.06783324 -0.1408571 -0.9877034
vn -0.09747618 -0.1222312 -0.9877034
vn -0.1222313 -0.09747616 -0.9877034
vn -0.1408572 -0.06783321 -0.9877034
vn -0.1524199 -0.03478884 -0.9877034
vn 0 -0.1126836 -0.9936309
vn -0.02507447 -0.1098584 -0.9936309
vn -0.0488916 -0.1015244 -0.9936309
vn -0.07025709 -0.08809961 -0.9936309
vn -0.08809961 -0.07025708 -0.9936309
vn -0.1015244 -0.04889159 -0.9936309
vn -0.1098584 -0.02507446 -0.9936309
vn 0 -0.05610247 -0.9984251
vn -0.01248397 -0.05469586 -0.9984251
vn -0.02434195 -0.05054658 -0.9984251
vn -0.03497932 -0.04386267 -0.9984251
vn -0.04386267 -0.03497931 -0.9984251
vn -0.05054657 -0.02434194 -0.9984251
vn -0.05469586 -0.01248397 -0.9984251
vn 0.1683477 -0.03842427 -0.9849785
vn 0.1555767 -0.07492179 -0.9849785
vn 0.1350044 -0.1076624 -0.9849785
vn 0.1076624 -0.1350044 -0.9849785
vn 0.07492178 -0.1555767 -0.9849785
vn 0.03842425 -0.1683477 -0.9849785
vn 0.1750036 -0.03994342 -0.9837573
vn 0.1617276 -0.07788394 -0.9837573
vn 0.140342 -0.111919 -0.9837573
vn 0.111919 -0.140342 -0.9837573
vn 0.07788391 -0.1617276 -0.9837572
vn 0.03994341 -0.1750036 -0.9837573
vn 0.1741547 -0.03974968 -0.9839157
vn 0.1609432 -0.07750615 -0.9839157
vn 0.1396612 -0.1113761 -0.9839157
vn 0.1113761 -0.1396613 -0.9839157
vn 0.07750614 -0.1609432 -0.9839157
vn 0.03974967 -0.1741547 -0.9839157
vn 0.1524199 -0.03478885 -0.9877034
vn 0.1408571 -0.06783324 -0.9877034
vn 0.1222312 -0.09747618 -0.9877034
vn 0.09747616 -0.1222313 -0.9877034
vn 0.06783321 -0.1408572 -0.9877034
vn 0.03478884 -0.1524199 -0.9877034
vn 0.1098584 -0.02507447 -0.9936309
vn 0.1015244 -0.0488916 -0.9936309
vn 0.08809961 -0.07025709 -0.9936309
vn 0.07025708 -0.08809961 -0.9936309
vn 0.04889159 -0.1015244 -0.9936309
vn 0.02507446 -0.1098584 -0.9936309
vn 0.05469586 -0.01248397 -0.9984251
vn 0.05054658 -0.02434195 -0.9984251
vn 0.04386267 -0.03497932 -0.9984251
vn 0.03497931 -0.04386267 -0.9984251
vn 0.02434194 -0.05054657 -0.9984251
vn 0.01248397 -0.05469586 -0.9984251

vt 0.125 0.7262079
vt 0.1417411 0.7261549
vt 0.1584821 0.7260089
vt 0.1752232 0.7257833
vt 0.1919643 0.7254956
vt 0.2087054 0.7251825
vt 0.2254464 0.7249158
vt 0.2421875 0.7248021
vt 0.125 0.7054352
vt 0.1417411 0.7053275
vt 0.1584821 0.70503
vt 0.1752232 0.7045704
vt 0.1919643 0.7039844
vt 0.2087054 0.7033466
vt 0.2254464 0.7028034
vt 0.2421875 0.7025719
vt 0.125 0.6870575
vt 0.1417411 0.6869047
vt 0.1584821 0.6864828
vt 0.1752232 0.6858311
vt 0.1919643 0.6849999
vt 0.2087054 0.6840954
vt 0.2254464 0.683325
vt 0.2421875 0.6829967
vt 0.125 0.6704498
vt 0.1417411 0.6702735
vt 0.1584821 0.6697867
vt 0.1752232 0.6690347
vt 0.1919643 0.6680757
vt 0.2087054 0.667032
vt 0.2254464 0.6661431
vt 0.2421875 0.6657643
vt 0.125 0.6549875
vt 0.1417411 0.654821
vt 0.1584821 0.6543612
vt 0.1752232 0.653651
vt 0.1919643 0.6527452
vt 0.2087054 0.6517595
vt 0.2254464 0.65092
vt 0.2421875 0.6505623
vt 0.125 0.6400458
vt 0.1417411 0.6399342
vt 0.1584821 0.6396258
vt 0.1752232 0.6391495
vt 0.1919643 0.6385422
vt 0.2087054 0.6378812
vt 0.2254464 0.6373183
vt 0.2421875 0.6370783
vt 0.125 0.625
vt 0.1417411 0.625
vt 0.1584821 0.625
vt 0.1752232 0.625
vt 0.1919643 0.625
vt 0.2087054 0.625
vt 0.2254464 0.625
vt 0.2421875 0.625
vt 0.125 0.7421332
vt 0.1417411 0.7428058
vt 0.1584821 0.74257
vt 0.1721588 0.7413633
vt 0.1752232 0.7410943
vt 0.1919643 0.7386253
vt 0.2087054 0.7355912
vt 0.2143193 0.7346443
vt 0.2254464 0.7328953
vt 0.2421875 0.7308515
vt 0.125 0.7451189
vt 0.125 0.7481045
vt 0.1417411 0.7457914
vt 0.1417411 0.7487771
vt 0.1584821 0.7455556
vt 0.1584821 0.7485413
vt 0.1721588 0.744349
vt 0.1721588 0.7473346
vt 0.1752232 0.7440799
vt 0.1752232 0.7470655
vt 0.1919643 0.741611
vt 0.1919643 0.7445966
vt 0.2087054 0.7385769
vt 0.2087054 0.7415625
vt 0.2143193 0.7376299
vt 0.2143193 0.7406155
vt 0.2254464 0.735881
vt 0.2254464 0.7388666
vt 0.2421875 0.7338371
vt 0.2421875 0.7368228
vt 0.1082589 0.7261549
vt 0.09151785 0.7260089
vt 0.07477678 0.7257833
vt 0.0580357 0.7254956
vt 0.04129463 0.7251825
vt 0.02455357 0.7249158
vt 0.0078125 0.7248021
vt 0.1082589 0.7053275
vt 0.09151785 0.70503
vt 0.07477678 0.7045704
vt 0.0580357 0.7039844
vt 0.04129463 0.7033466
vt 0.02455357 0.7028034
vt 0.0078125 0.7025719
vt 0.1082589 0.6869047
vt 0.09151785 0.6864828
vt 0.07477678 0.6858311
vt 0.0580357 0.6849999
vt 0.04129463 0.6840954
vt 0.02455357 0.683325
vt 0.0078125 0.6829967
vt 0.1082589 0.6702735
vt 0.09151785 0.6697867
vt 0.07477678 0.6690347
vt 0.0580357 0.6680757
vt 0.04129463 0.667032
vt 0.02455357 0.6661431
vt 0.0078125 0.6657643
vt 0.1082589 0.654821
vt 0.09151785 0.6543612
vt 0.07477678 0.653651
vt 0.0580357 0.6527452
vt 0.04129463 0.6517595
vt 0.02455357 0.65092
vt 0.0078125 0.6505623
vt 0.1082589 0.6399342
vt 0.09151785 0.6396258
vt 0.07477678 0.6391495
vt 0.0580357 0.6385422
vt 0.04129463 0.6378812
vt 0.02455357 0.6373183
vt 0.0078125 0.6370783
vt 0.1082589 0.625
vt 0.09151785 0.625
vt 0.07477678 0.625
vt 0.0580357 0.625
vt 0.04129463 0.625
vt 0.02455357 0.625
vt 0.0078125 0.625
vt 0.1082589 0.7428058
vt 0.09151785 0.74257
vt 0.07784119 0.7413633
vt 0.07477678 0.7410943
vt 0.0580357 0.7386253
vt 0.04129463 0.7355912
vt 0.03568073 0.7346443
vt 0.02455357 0.7328953
vt 0.0078125 0.7308515
vt 0.1082589 0.7457914
vt 0.1082589 0.7487771
vt 0.09151785 0.7455556
vt 0.09151785 0.7485413
vt 0.07784119 0.744349
vt 0.07784119 0.7473346
vt 0.07477678 0.7440799
vt 0.07477678 0.7470655
vt 0.0580357 0.741611
vt 0.0580357 0.7445966
vt 0.04129463 0.7385769
vt 0.04129463 0.7415625
vt 0.03568073 0.7376299
vt 0.03568073 0.7406155
vt 0.02455357 0.735881
vt 0.02455357 0.7388666
vt 0.0078125 0.7338371
vt 0.0078125 0.7368228
vt 0.125 0.6107421
vt 0.1417411 0.6108556
vt 0.1584821 0.6111684
vt 0.1752232 0.6116488
vt 0.1919643 0.6122538
vt 0.2087054 0.6128992
vt 0.2254464 0.6134367
vt 0.2421875 0.6136621
vt 0.125 0.5959734
vt 0.1417411 0.5961207
vt 0.1584821 0.5965255
vt 0.1752232 0.5971447
vt 0.1919643 0.5979204
vt 0.2087054 0.5987443
vt 0.2254464 0.5994278
vt 0.2421875 0.5997139
vt 0.125 0.5805304
vt 0.1417411 0.5806569
vt 0.1584821 0.5810031
vt 0.1752232 0.5815282
vt 0.1919643 0.5821801
vt 0.2087054 0.5828664
vt 0.2254464 0.583432
vt 0.2421875 0.5836678
vt 0.125 0.5642499
vt 0.1417411 0.5643262
vt 0.1584821 0.5645326
vt 0.1752232 0.5648398
vt 0.1919643 0.5652127
vt 0.2087054 0.5655968
vt 0.2254464 0.5659077
vt 0.2421875 0.566036
vt 0.125 0.5469686
vt 0.1417411 0.5469903
vt 0.1584821 0.5470459
vt 0.1752232 0.5471203
vt 0.1919643 0.5471986
vt 0.2087054 0.5472667
vt 0.2254464 0.5473135
vt 0.2421875 0.5473309
vt 0.125 0.5285231
vt 0.1417411 0.5285109
vt 0.1584821 0.5284745
vt 0.1752232 0.5284102
vt 0.1919643 0.5283177
vt 0.2087054 0.5282074
vt 0.2254464 0.5281081
vt 0.2421875 0.5280648
vt 0.2421875 0.5233195
vt 0.2254464 0.5228482
vt 0.2087054 0.5215786
vt 0.1966681 0.5205485
vt 0.1919643 0.5195944
vt 0.1752232 0.5166932
vt 0.1687917 0.5161709
vt 0.1584821 0.5140134
vt 0.1417411 0.5127089
vt 0.125 0.5130739
vt 0.2421875 0.5201702
vt 0.2421875 0.5170208
vt 0.2254464 0.5196988
vt 0.2254464 0.5165494
vt 0.2087054 0.5184292
vt 0.2087054 0.5152798
vt 0.1966681 0.5173991
vt 0.1966681 0.5142497
vt 0.1919643 0.516445
vt 0.1919643 0.5132956
vt 0.1752232 0.5135438
vt 0.1752232 0.5103944
vt 0.1687917 0.5130215
vt 0.1687917 0.5098721
vt 0.1584821 0.510864
vt 0.1584821 0.5077146
vt 0.1417411 0.5095595
vt 0.1417411 0.5064101
vt 0.125 0.5099245
vt 0.125 0.5067751
vt 0.1082589 0.6108556
vt 0.09151785 0.6111684
vt 0.07477678 0.6116488
vt 0.0580357 0.6122538
vt 0.04129463 0.6128992
vt 0.02455357 0.6134367
vt 0.0078125 0.6136621
vt 0.1082589 0.5961207
vt 0.09151785 0.5965255
vt 0.07477678 0.5971447
vt 0.0580357 0.5979204
vt 0.04129463 0.5987443
vt 0.02455357 0.5994278
vt 0.0078125 0.5997139
vt 0.1082589 0.5806569
vt 0.09151785 0.5810031
vt 0.07477678 0.5815282
vt 0.0580357 0.5821801
vt 0.04129463 0.5828664
vt 0.02455357 0.583432
vt 0.0078125 0.5836678
vt 0.1082589 0.5643262
vt 0.09151785 0.5645326
vt 0.07477678 0.5648398
vt 0.0580357 0.5652127
vt 0.04129463 0.5655968
vt 0.02455357 0.5659077
vt 0.0078125 0.566036
vt 0.1082589 0.5469903
vt 0.09151785 0.5470459
vt 0.07477678 0.5471203
vt 0.0580357 0.5471986
vt 0.04129463 0.5472667
vt 0.02455357 0.5473135
vt 0.0078125 0.5473309
vt 0.1082589 0.5285109
vt 0.09151785 0.5284745
vt 0.07477678 0.5284102
vt 0.0580357 0.5283177
vt 0.04129463 0.5282074
vt 0.02455357 0.5281081
vt 0.0078125 0.5280648
vt 0.0078125 0.5233195
vt 0.02455357 0.5228482
vt 0.04129463 0.5215786
vt 0.05333188 0.5205485
vt 0.0580357 0.5195944
vt 0.07477678 0.5166932
vt 0.08120832 0.5161709
vt 0.09151785 0.5140134
vt 0.1082589 0.5127089
vt 0.0078125 0.5201702
vt 0.0078125 0.5170208
vt 0.02455357 0.5196988
vt 0.02455357 0.5165494
vt 0.04129463 0.5184292
vt 0.04129463 0.5152798
vt 0.05333188 0.5173991
vt 0.05333188 0.5142497
vt 0.0580357 0.516445
vt 0.0580357 0.5132956
vt 0.07477678 0.5135438
vt 0.07477678 0.5103944
vt 0.08120832 0.5130215
vt 0.08120832 0.5098721
vt 0.09151785 0.510864
vt 0.09151785 0.5077146
vt 0.1082589 0.5095595
vt 0.1082589 0.5064101
vt 0.75 0.75
vt 0.7678571 0.75
vt 0.7857143 0.75
vt 0.8035714 0.75
vt 0.8214286 0.75
vt 0.8392857 0.75
vt 0.8571429 0.75
vt 0.875 0.75
vt 0.75 0.744288
vt 0.7678571 0.7441857
vt 0.7857143 0.7439325
vt 0.8035714 0.74365
vt 0.8214286 0.7434393
vt 0.8392857 0.7433252
vt 0.8571429 0.7432705
vt 0.875 0.7432476
vt 0.75 0.7389308
vt 0.7678571 0.7388058
vt 0.7857143 0.7384995
vt 0.8035714 0.7381568
vt 0.8214286 0.7378953
vt 0.8392857 0.737746
vt 0.8571429 0.7376709
vt 0.875 0.7376407
vt 0.75 0.7337866
vt 0.7678571 0.733691
vt 0.7857143 0.7334623
vt 0.8035714 0.7332049
vt 0.8214286 0.7329985
vt 0.8392857 0.7328686
vt 0.8571429 0.7327977
vt 0.875 0.7327711
vt 0.75 0.7287134
vt 0.7678571 0.7286721
vt 0.7857143 0.7285824
vt 0.8035714 0.7284788
vt 0.8214286 0.72838
vt 0.8392857 0.7282991
vt 0.8571429 0.7282475
vt 0.875 0.7282304
vt 0.75 0.7235692
vt 0.7678571 0.7235802
vt 0.7857143 0.7236211
vt 0.8035714 0.723663
vt 0.8214286 0.7236701
vt 0.8392857 0.7236437
vt 0.8571429 0.7236167
vt 0.875 0.7236105
vt 0.75 0.718212
vt 0.7678571 0.7182459
vt 0.7857143 0.7183399
vt 0.8035714 0.7184418
vt 0.8214286 0.7184999
vt 0.8392857 0.7185086
vt 0.8571429 0.718502
vt 0.875 0.7185031
vt 0.75 0.7125
vt 0.7678571 0.7125
vt 0.7857143 0.7125
vt 0.8035714 0.7125
vt 0.8214286 0.7125
vt 0.8392857 0.7125
vt 0.8571429 0.7125
vt 0.875 0.7125
vt 1 0.75
vt 0.9821429 0.75
vt 0.9642857 0.75
vt 0.9464286 0.75
vt 0.9285714 0.75
vt 0.9107143 0.75
vt 0.8928571 0.75
vt 1 0.744288
vt 0.9821429 0.7441857
vt 0.9642857 0.7439325
vt 0.9464286 0.74365
vt 0.9285714 0.7434393
vt 0.9107143 0.7433252
vt 0.8928571 0.7432705
vt 1 0.7389308
vt 0.9821429 0.7388058
vt 0.9642857 0.7384995
vt 0.9464286 0.7381568
vt 0.9285714 0.7378953
vt 0.9107143 0.737746
vt 0.8928571 0.7376709
vt 1 0.7337866
vt 0.9821429 0.733691
vt 0.9642857 0.7334623
vt 0.9464286 0.7332049
vt 0.9285714 0.7329985
vt 0.9107143 0.7328686
vt 0.8928571 0.7327977
vt 1 0.7287134
vt 0.9821429 0.7286721
vt 0.9642857 0.7285824
vt 0.9464286 0.7284788
vt 0.9285714 0.72838
vt 0.9107143 0.7282991
vt 0.8928571 0.7282475
vt 1 0.7235692
vt 0.9821429 0.7235802
vt 0.9642857 0.7236211
vt 0.9464286 0.723663
vt 0.9285714 0.7236701
vt 0.9107143 0.7236437
vt 0.8928571 0.7236167
vt 1 0.718212
vt 0.9821429 0.7182459
vt 0.9642857 0.7183399
vt 0.9464286 0.7184418
vt 0.9285714 0.7184999
vt 0.9107143 0.7185086
vt 0.8928571 0.718502
vt 1 0.7125
vt 0.9821429 0.7125
vt 0.9642857 0.7125
vt 0.9464286 0.7125
vt 0.9285714 0.7125
vt 0.9107143 0.7125
vt 0.8928571 0.7125
vt 0.75 0.6899368
vt 0.7678571 0.689919
vt 0.7857143 0.689808
vt 0.8035714 0.6895978
vt 0.8214286 0.689352
vt 0.8392857 0.6891311
vt 0.8571429 0.6889741
vt 0.875 0.6889127
vt 0.75 0.6640188
vt 0.7678571 0.6638945
vt 0.7857143 0.6635531
vt 0.8035714 0.6630949
vt 0.8214286 0.6626377
vt 0.8392857 0.6622611
vt 0.8571429 0.6620085
vt 0.875 0.6619139
vt 0.75 0.6353897
vt 0.7678571 0.6351271
vt 0.7857143 0.6345298
vt 0.8035714 0.6338503
vt 0.8214286 0.6332446
vt 0.8392857 0.6327829
vt 0.8571429 0.6324905
vt 0.875 0.632386
vt 0.75 0.6046935
vt 0.7678571 0.6043174
vt 0.7857143 0.6035324
vt 0.8035714 0.6027234
vt 0.8214286 0.6020607
vt 0.8392857 0.601589
vt 0.8571429 0.6013073
vt 0.875 0.601212
vt 0.75 0.572574
vt 0.7678571 0.572166
vt 0.7857143 0.5713555
vt 0.8035714 0.5705732
vt 0.8214286 0.5699736
vt 0.8392857 0.5695721
vt 0.8571429 0.5693464
vt 0.875 0.5692745
vt 0.75 0.5396751
vt 0.7678571 0.5393735
vt 0.7857143 0.5387934
vt 0.8035714 0.5382593
vt 0.8214286 0.537871
vt 0.8392857 0.5376251
vt 0.8571429 0.5374951
vt 0.875 0.5374565
vt 0.75 0.5363336
vt 0.7553806 0.5354519
vt 0.7678571 0.5332318
vt 0.7829472 0.5321908
vt 0.7857143 0.5314299
vt 0.789964 0.5311257
vt 0.8035714 0.5292649
vt 0.8102763 0.5293977
vt 0.8214286 0.5284104
vt 0.8303255 0.5287854
vt 0.8392857 0.5278533
vt 0.8404627 0.5279405
vt 0.8529279 0.5268726
vt 0.8571429 0.5260159
vt 0.875 0.5261255
vt 0.75 0.5291376
vt 0.75 0.5219415
vt 0.7553806 0.5282558
vt 0.7553806 0.5210598
vt 0.7678571 0.5260358
vt 0.7678571 0.5188397
vt 0.7829472 0.5249947
vt 0.7829472 0.5177987
vt 0.7857143 0.5242339
vt 0.7857143 0.5170379
vt 0.789964 0.5239296
vt 0.789964 0.5167336
vt 0.8035714 0.5220689
vt 0.8035714 0.5148728
vt 0.8102763 0.5222017
vt 0.8102763 0.5150056
vt 0.8214286 0.5212144
vt 0.8214286 0.5140183
vt 0.8303255 0.5215894
vt 0.8303255 0.5143933
vt 0.8392857 0.5206572
vt 0.8392857 0.5134612
vt 0.8404627 0.5207444
vt 0.8404627 0.5135484
vt 0.8529279 0.5196766
vt 0.8529279 0.5124806
vt 0.8571429 0.5188199
vt 0.8571429 0.5116239
vt 0.875 0.5189295
vt 0.875 0.5117334
vt 1 0.6899368
vt 0.9821429 0.689919
vt 0.9642857 0.689808
vt 0.9464286 0.6895978
vt 0.9285714 0.689352
vt 0.9107143 0.6891311
vt 0.8928571 0.6889741
vt 1 0.6640188
vt 0.9821429 0.6638945
vt 0.9642857 0.6635531
vt 0.9464286 0.6630949
vt 0.9285714 0.6626377
vt 0.9107143 0.6622611
vt 0.8928571 0.6620085
vt 1 0.6353897
vt 0.9821429 0.6351271
vt 0.9642857 0.6345298
vt 0.9464286 0.6338503
vt 0.9285714 0.6332446
vt 0.9107143 0.6327829
vt 0.8928571 0.6324905
vt 1 0.6046935
vt 0.9821429 0.6043174
vt 0.9642857 0.6035324
vt 0.9464286 0.6027234
vt 0.9285714 0.6020607
vt 0.9107143 0.601589
vt 0.8928571 0.6013073
vt 1 0.572574
vt 0.9821429 0.572166
vt 0.9642857 0.5713555
vt 0.9464286 0.5705732
vt 0.9285714 0.5699736
vt 0.9107143 0.5695721
vt 0.8928571 0.5693464
vt 1 0.5396751
vt 0.9821429 0.5393735
vt 0.9642857 0.5387934
vt 0.9464286 0.5382593
vt 0.9285714 0.537871
vt 0.9107143 0.5376251
vt 0.8928571 0.5374951
vt 1 0.5363336
vt 0.9946194 0.5354519
vt 0.9821429 0.5332318
vt 0.9670528 0.5321908
vt 0.9642857 0.5314299
vt 0.960036 0.5311257
vt 0.9464286 0.5292649
vt 0.9397237 0.5293977
vt 0.9285714 0.5284104
vt 0.9196745 0.5287854
vt 0.9107143 0.5278533
vt 0.9095373 0.5279405
vt 0.8970721 0.5268726
vt 0.8928571 0.5260159
vt 1 0.5291376
vt 1 0.5219415
vt 0.9946194 0.5282558
vt 0.9946194 0.5210598
vt 0.9821429 0.5260358
vt 0.9821429 0.5188397
vt 0.9670528 0.5249947
vt 0.9670528 0.5177987
vt 0.9642857 0.5242339
vt 0.9642857 0.5170379
vt 0.960036 0.5239296
vt 0.960036 0.5167336
vt 0.9464286 0.5220689
vt 0.9464286 0.5148728
vt 0.9397237 0.5222017
vt 0.9397237 0.5150056
vt 0.9285714 0.5212144
vt 0.9285714 0.5140183
vt 0.9196745 0.5215894
vt 0.9196745 0.5143933
vt 0.9107143 0.5206572
vt 0.9107143 0.5134612
vt 0.9095373 0.5207444
vt 0.9095373 0.5135484
vt 0.8970721 0.5196766
vt 0.8970721 0.5124806
vt 0.8928571 0.5188199
vt 0.8928571 0.5116239
vt 0.375 0.625
vt 0.375 0.6044592
vt 0.3795708 0.6049742
vt 0.3839124 0.6064934
vt 0.387807 0.6089405
vt 0.3910595 0.612193
vt 0.3935067 0.6160877
vt 0.3950259 0.6204292
vt 0.3955409 0.625
vt 0.375 0.5839649
vt 0.3841312 0.5849937
vt 0.3928044 0.5880287
vt 0.400585 0.5929175
vt 0.4070825 0.5994151
vt 0.4119713 0.6071956
vt 0.4150063 0.6158688
vt 0.4160351 0.625
vt 0.375 0.5642494
vt 0.3885183 0.5657725
vt 0.4013587 0.5702655
vt 0.4128774 0.5775032
vt 0.4224968 0.5871226
vt 0.4297344 0.5986413
vt 0.4342275 0.6114817
vt 0.4357506 0.625
vt 0.375 0.5460443
vt 0.3925693 0.5480239
vt 0.4092576 0.5538634
vt 0.424228 0.56327
vt 0.43673 0.575772
vt 0.4461366 0.5907425
vt 0.4519761 0.6074307
vt 0.4539556 0.625
vt 0.375 0.5300819
vt 0.3961213 0.5324618
vt 0.4161834 0.5394818
vt 0.4341805 0.5507901
vt 0.4492099 0.5658196
vt 0.4605182 0.5838166
vt 0.4675383 0.6038787
vt 0.4699181 0.625
vt 0.375 0.517094
vt 0.3990114 0.5197994
vt 0.4218187 0.5277801
vt 0.4422783 0.5406357
vt 0.4593643 0.5577217
vt 0.4722199 0.5781814
vt 0.4802006 0.6009887
vt 0.482906 0.625
vt 0.375 0.5078125
vt 0.4010767 0.5107507
vt 0.4258458 0.5194177
vt 0.4480652 0.5333791
vt 0.4666209 0.5519348
vt 0.4805823 0.5741543
vt 0.4892494 0.5989233
vt 0.4921875 0.625
vt 0.3950259 0.6295708
vt 0.3935067 0.6339123
vt 0.3910595 0.637807
vt 0.387807 0.6410595
vt 0.3839124 0.6435067
vt 0.3795708 0.6450258
vt 0.375 0.6455408
vt 0.4150063 0.6341312
vt 0.4119713 0.6428045
vt 0.4070825 0.6505849
vt 0.4005849 0.6570826
vt 0.3928044 0.6619713
vt 0.3841311 0.6650063
vt 0.375 0.6660351
vt 0.4342275 0.6385183
vt 0.4297344 0.6513587
vt 0.4224968 0.6628774
vt 0.4128774 0.6724968
vt 0.4013587 0.6797345
vt 0.3885183 0.6842275
vt 0.375 0.6857506
vt 0.451976 0.6425693
vt 0.4461365 0.6592576
vt 0.43673 0.6742281
vt 0.424228 0.68673
vt 0.4092575 0.6961366
vt 0.3925692 0.7019761
vt 0.375 0.7039557
vt 0.4675383 0.6461213
vt 0.4605182 0.6661834
vt 0.4492099 0.6841804
vt 0.4341804 0.6992099
vt 0.4161834 0.7105182
vt 0.3961212 0.7175383
vt 0.375 0.7199181
vt 0.4802006 0.6490114
vt 0.4722199 0.6718187
vt 0.4593643 0.6922783
vt 0.4422783 0.7093643
vt 0.4218186 0.7222199
vt 0.3990113 0.7302006
vt 0.375 0.732906
vt 0.4892493 0.6510767
vt 0.4805823 0.6758457
vt 0.4666209 0.6980652
vt 0.4480652 0.7166209
vt 0.4258457 0.7305823
vt 0.4010766 0.7392493
vt 0.375 0.7421875
vt 0.3544591 0.625
vt 0.3549741 0.6295708
vt 0.3564933 0.6339123
vt 0.3589405 0.637807
vt 0.362193 0.6410595
vt 0.3660876 0.6435067
vt 0.3704292 0.6450258
vt 0.3339649 0.625
vt 0.3349937 0.6341312
vt 0.3380287 0.6428045
vt 0.3429175 0.6505849
vt 0.3494151 0.6570826
vt 0.3571956 0.6619713
vt 0.3658689 0.6650063
vt 0.3142494 0.625
vt 0.3157725 0.6385183
vt 0.3202656 0.6513587
vt 0.3275032 0.6628774
vt 0.3371226 0.6724968
vt 0.3486413 0.6797345
vt 0.3614817 0.6842275
vt 0.2960444 0.625
vt 0.298024 0.6425693
vt 0.3038635 0.6592576
vt 0.31327 0.6742281
vt 0.325772 0.68673
vt 0.3407425 0.6961366
vt 0.3574308 0.7019761
vt 0.2800819 0.625
vt 0.2824617 0.6461213
vt 0.2894818 0.6661834
vt 0.3007901 0.6841804
vt 0.3158196 0.6992099
vt 0.3338166 0.7105182
vt 0.3538788 0.7175383
vt 0.267094 0.625
vt 0.2697994 0.6490114
vt 0.2777801 0.6718187
vt 0.2906357 0.6922783
vt 0.3077217 0.7093643
vt 0.3281814 0.7222199
vt 0.3509887 0.7302006
vt 0.2578125 0.625
vt 0.2607507 0.6510767
vt 0.2694177 0.6758457
vt 0.2833791 0.6980652
vt 0.3019348 0.7166209
vt 0.3241543 0.7305823
vt 0.3489234 0.7392493
vt 0.3704292 0.6049742
vt 0.3660876 0.6064934
vt 0.362193 0.6089405
vt 0.3589405 0.612193
vt 0.3564933 0.6160877
vt 0.3549741 0.6204292
vt 0.3658688 0.5849937
vt 0.3571956 0.5880287
vt 0.349415 0.5929175
vt 0.3429175 0.5994151
vt 0.3380287 0.6071956
vt 0.3349937 0.6158688
vt 0.3614817 0.5657725
vt 0.3486413 0.5702655
vt 0.3371226 0.5775032
vt 0.3275032 0.5871226
vt 0.3202656 0.5986413
vt 0.3157725 0.6114817
vt 0.3574307 0.5480239
vt 0.3407424 0.5538634
vt 0.325772 0.56327
vt 0.31327 0.575772
vt 0.3038634 0.5907425
vt 0.2980239 0.6074307
vt 0.3538787 0.5324618
vt 0.3338166 0.5394818
vt 0.3158195 0.5507901
vt 0.3007901 0.5658196
vt 0.2894818 0.5838166
vt 0.2824617 0.6038787
vt 0.3509886 0.5197994
vt 0.3281813 0.5277801
vt 0.3077217 0.5406357
vt 0.2906357 0.5577217
vt 0.2777801 0.5781814
vt 0.2697994 0.6009887
vt 0.3489233 0.5107507
vt 0.3241542 0.5194177
vt 0.3019348 0.5333791
vt 0.2833791 0.5519348
vt 0.2694177 0.5741543
vt 0.2607506 0.5989233
vt 0.625 0.6069711
vt 0.6290118 0.6074232
vt 0.6328225 0.6087565
vt 0.6362408 0.6109045
vt 0.6390955 0.6137592
vt 0.6412435 0.6171776
vt 0.6425768 0.6209882
vt 0.6430289 0.625
vt 0.625 0.595845
vt 0.6314876 0.5965759
vt 0.6376499 0.5987322
vt 0.6431779 0.6022056
vt 0.6477943 0.6068221
vt 0.6512678 0.6123501
vt 0.6534241 0.6185124
vt 0.6541551 0.625
vt 0.625 0.580952
vt 0.6348016 0.5820564
vt 0.6441117 0.5853142
vt 0.6524634 0.5905619
vt 0.6594381 0.5975366
vt 0.6646858 0.6058883
vt 0.6679436 0.6151984
vt 0.669048 0.625
vt 0.625 0.5639446
vt 0.6385861 0.5654753
vt 0.651491 0.569991
vt 0.6630675 0.577265
vt 0.672735 0.5869325
vt 0.680009 0.5985091
vt 0.6845247 0.6114139
vt 0.6860554 0.625
vt 0.625 0.5464747
vt 0.6424735 0.5484436
vt 0.6590708 0.5542512
vt 0.6739597 0.5636065
vt 0.6863935 0.5760403
vt 0.6957488 0.5909292
vt 0.7015565 0.6075265
vt 0.7035252 0.625
vt 0.625 0.5301946
vt 0.6460962 0.5325717
vt 0.6661345 0.5395833
vt 0.6841102 0.5508782
vt 0.6991218 0.5658898
vt 0.7104167 0.5838655
vt 0.7174284 0.6039039
vt 0.7198054 0.625
vt 0.625 0.5167565
vt 0.6490865 0.5194705
vt 0.6719651 0.527476
vt 0.6924887 0.5403719
vt 0.7096282 0.5575113
vt 0.722524 0.5780349
vt 0.7305296 0.6009136
vt 0.7332435 0.625
vt 0.625 0.5078125
vt 0.6510767 0.5107507
vt 0.6758457 0.5194177
vt 0.6980652 0.5333791
vt 0.7166209 0.5519348
vt 0.7305823 0.5741543
vt 0.7392493 0.5989233
vt 0.7421875 0.625
vt 0.6425768 0.6290118
vt 0.6412435 0.6328224
vt 0.6390955 0.6362408
vt 0.6362408 0.6390955
vt 0.6328224 0.6412435
vt 0.6290118 0.6425768
vt 0.625 0.6430289
vt 0.6534241 0.6314876
vt 0.6512678 0.6376499
vt 0.6477943 0.6431779
vt 0.6431779 0.6477944
vt 0.6376499 0.6512678
vt 0.6314876 0.6534241
vt 0.625 0.654155
vt 0.6679436 0.6348016
vt 0.6646858 0.6441117
vt 0.6594381 0.6524634
vt 0.6524634 0.6594381
vt 0.6441117 0.6646858
vt 0.6348016 0.6679436
vt 0.625 0.669048
vt 0.6845247 0.6385861
vt 0.680009 0.6514909
vt 0.672735 0.6630675
vt 0.6630674 0.6727351
vt 0.6514909 0.680009
vt 0.6385861 0.6845247
vt 0.625 0.6860554
vt 0.7015564 0.6424735
vt 0.6957488 0.6590708
vt 0.6863935 0.6739597
vt 0.6739597 0.6863935
vt 0.6590708 0.6957488
vt 0.6424735 0.7015564
vt 0.625 0.7035253
vt 0.7174284 0.6460962
vt 0.7104166 0.6661345
vt 0.6991218 0.6841102
vt 0.6841102 0.6991218
vt 0.6661345 0.7104167
vt 0.6460961 0.7174284
vt 0.625 0.7198054
vt 0.7305295 0.6490864
vt 0.722524 0.6719651
vt 0.7096281 0.6924887
vt 0.6924887 0.7096282
vt 0.6719651 0.722524
vt 0.6490864 0.7305295
vt 0.625 0.7332435
vt 0.7392493 0.6510767
vt 0.7305823 0.6758457
vt 0.7166209 0.6980652
vt 0.6980652 0.7166209
vt 0.6758457 0.7305823
vt 0.6510766 0.7392493
vt 0.625 0.7421875
vt 0.6069711 0.625
vt 0.6074232 0.6290118
vt 0.6087565 0.6328224
vt 0.6109045 0.6362408
vt 0.6137592 0.6390955
vt 0.6171776 0.6412435
vt 0.6209882 0.6425768
vt 0.5958449 0.625
vt 0.5965759 0.6314876
vt 0.5987322 0.6376499
vt 0.6022057 0.6431779
vt 0.6068221 0.6477944
vt 0.6123501 0.6512678
vt 0.6185124 0.6534241
vt 0.580952 0.625
vt 0.5820564 0.6348016
vt 0.5853142 0.6441117
vt 0.5905619 0.6524634
vt 0.5975366 0.6594381
vt 0.6058883 0.6646858
vt 0.6151984 0.6679436
vt 0.5639446 0.625
vt 0.5654753 0.6385861
vt 0.569991 0.6514909
vt 0.577265 0.6630675
vt 0.5869326 0.6727351
vt 0.5985091 0.680009
vt 0.6114139 0.6845247
vt 0.5464748 0.625
vt 0.5484436 0.6424735
vt 0.5542512 0.6590708
vt 0.5636065 0.6739597
vt 0.5760403 0.6863935
vt 0.5909292 0.6957488
vt 0.6075265 0.7015564
vt 0.5301946 0.625
vt 0.5325716 0.6460962
vt 0.5395834 0.6661345
vt 0.5508782 0.6841102
vt 0.5658898 0.6991218
vt 0.5838655 0.7104167
vt 0.6039039 0.7174284
vt 0.5167565 0.625
vt 0.5194705 0.6490864
vt 0.527476 0.6719651
vt 0.5403719 0.6924887
vt 0.5575113 0.7096282
vt 0.5780349 0.722524
vt 0.6009136 0.7305295
vt 0.5078125 0.625
vt 0.5107507 0.6510767
vt 0.5194177 0.6758457
vt 0.5333791 0.6980652
vt 0.5519348 0.7166209
vt 0.5741543 0.7305823
vt 0.5989234 0.7392493
vt 0.6209882 0.6074232
vt 0.6171775 0.6087565
vt 0.6137592 0.6109045
vt 0.6109045 0.6137592
vt 0.6087565 0.6171776
vt 0.6074232 0.6209882
vt 0.6185124 0.5965759
vt 0.6123501 0.5987322
vt 0.6068221 0.6022056
vt 0.6022057 0.6068221
vt 0.5987322 0.6123501
vt 0.5965759 0.6185124
vt 0.6151984 0.5820564
vt 0.6058883 0.5853142
vt 0.5975366 0.5905619
vt 0.5905619 0.5975366
vt 0.5853142 0.6058883
vt 0.5820564 0.6151984
vt 0.6114139 0.5654753
vt 0.598509 0.569991
vt 0.5869325 0.577265
vt 0.577265 0.5869325
vt 0.569991 0.5985091
vt 0.5654753 0.6114139
vt 0.6075265 0.5484436
vt 0.5909292 0.5542512
vt 0.5760403 0.5636065
vt 0.5636065 0.5760403
vt 0.5542512 0.5909292
vt 0.5484435 0.6075265
vt 0.6039038 0.5325717
vt 0.5838655 0.5395833
vt 0.5658898 0.5508782
vt 0.5508782 0.5658898
vt 0.5395833 0.5838655
vt 0.5325716 0.6039039
vt 0.6009135 0.5194705
vt 0.5780349 0.527476
vt 0.5575113 0.5403719
vt 0.5403718 0.5575113
vt 0.527476 0.5780349
vt 0.5194704 0.6009136
vt 0.5989233 0.5107507
vt 0.5741543 0.5194177
vt 0.5519348 0.5333791
vt 0.5333791 0.5519348
vt 0.5194177 0.5741543
vt 0.5107507 0.5989233
vt 0 0.25
vt 0.03571429 0.25
vt 0.07142857 0.25
vt 0.1071429 0.25
vt 0.1428571 0.25
vt 0.1785714 0.25
vt 0.2142857 0.25
vt 0.25 0.25
vt 0 0.2452368
vt 0.03571429 0.2452368
vt 0.07142857 0.2452368
vt 0.1071429 0.2452368
vt 0.1428571 0.2452368
vt 0.1785714 0.2452368
vt 0.2142857 0.2452368
vt 0.25 0.2452368
vt 0 0.2409511
vt 0.03571429 0.2409511
vt 0.07142857 0.2409511
vt 0.1071429 0.2409511
vt 0.1428571 0.2409511
vt 0.1785714 0.2409511
vt 0.2142857 0.2409511
vt 0.25 0.2409511
vt 0 0.2369519
vt 0.03571429 0.2369519
vt 0.07142857 0.2369519
vt 0.1071429 0.2369519
vt 0.1428571 0.2369519
vt 0.1785714 0.2369519
vt 0.2142857 0.2369519
vt 0.25 0.2369519
vt 0 0.2330481
vt 0.03571429 0.2330481
vt 0.07142857 0.2330481
vt 0.1071429 0.2330481
vt 0.1428571 0.2330481
vt 0.1785714 0.2330481
vt 0.2142857 0.2330481
vt 0.25 0.2330481
vt 0 0.2290489
vt 0.03571429 0.2290489
vt 0.07142857 0.2290489
vt 0.1071429 0.2290489
vt 0.1428571 0.2290489
vt 0.1785714 0.2290489
vt 0.2142857 0.2290489
vt 0.25 0.2290489
vt 0 0.2247632
vt 0.03571429 0.2247632
vt 0.07142857 0.2247632
vt 0.1071429 0.2247632
vt 0.1428571 0.2247632
vt 0.1785714 0.2247632
vt 0.2142857 0.2247632
vt 0.25 0.2247632
vt 0 0.22
vt 0.03571429 0.22
vt 0.07142857 0.22
vt 0.1071429 0.22
vt 0.1428571 0.22
vt 0.1785714 0.22
vt 0.2142857 0.22
vt 0.25 0.22
vt 0.2857143 0.25
vt 0.3214286 0.25
vt 0.3571429 0.25
vt 0.3928571 0.25
vt 0.4285714 0.25
vt 0.4642857 0.25
vt 0.5 0.25
vt 0.2857143 0.2452368
vt 0.3214286 0.2452368
vt 0.3571429 0.2452368
vt 0.3928571 0.2452368
vt 0.4285714 0.2452368
vt 0.4642857 0.2452368
vt 0.5 0.2452368
vt 0.2857143 0.2409511
vt 0.3214286 0.2409511
vt 0.3571429 0.2409511
vt 0.3928571 0.2409511
vt 0.4285714 0.2409511
vt 0.4642857 0.2409511
vt 0.5 0.2409511
vt 0.2857143 0.2369519
vt 0.3214286 0.2369519
vt 0.3571429 0.2369519
vt 0.3928571 0.2369519
vt 0.4285714 0.2369519
vt 0.4642857 0.2369519
vt 0.5 0.2369519
vt 0.2857143 0.2330481
vt 0.3214286 0.2330481
vt 0.3571429 0.2330481
vt 0.3928571 0.2330481
vt 0.4285714 0.2330481
vt 0.4642857 0.2330481
vt 0.5 0.2330481
vt 0.2857143 0.2290489
vt 0.3214286 0.2290489
vt 0.3571429 0.2290489
vt 0.3928571 0.2290489
vt 0.4285714 0.2290489
vt 0.4642857 0.2290489
vt 0.5 0.2290489
vt 0.2857143 0.2247632
vt 0.3214286 0.2247632
vt 0.3571429 0.2247632
vt 0.3928571 0.2247632
vt 0.4285714 0.2247632
vt 0.4642857 0.2247632
vt 0.5 0.2247632
vt 0.2857143 0.22
vt 0.3214286 0.22
vt 0.3571429 0.22
vt 0.3928571 0.22
vt 0.4285714 0.22
vt 0.4642857 0.22
vt 0.5 0.22
vt 0.75 0.25
vt 0.7142857 0.25
vt 0.6785715 0.25
vt 0.6428571 0.25
vt 0.6071429 0.25
vt 0.5714285 0.25
vt 0.5357143 0.25
vt 0.75 0.2452368
vt 0.7142857 0.2452368
vt 0.6785715 0.2452368
vt 0.6428571 0.2452368
vt 0.6071429 0.2452368
vt 0.5714285 0.2452368
vt 0.5357143 0.2452368
vt 0.75 0.2409511
vt 0.7142857 0.2409511
vt 0.6785715 0.2409511
vt 0.6428571 0.2409511
vt 0.6071429 0.2409511
vt 0.5714285 0.2409511
vt 0.5357143 0.2409511
vt 0.75 0.2369519
vt 0.7142857 0.2369519
vt 0.6785715 0.2369519
vt 0.6428571 0.2369519
vt 0.6071429 0.2369519
vt 0.5714285 0.2369519
vt 0.5357143 0.2369519
vt 0.75 0.2330481
vt 0.7142857 0.2330481
vt 0.6785715 0.2330481
vt 0.6428571 0.2330481
vt 0.6071429 0.2330481
vt 0.5714285 0.2330481
vt 0.5357143 0.2330481
vt 0.75 0.2290489
vt 0.7142857 0.2290489
vt 0.6785715 0.2290489
vt 0.6428571 0.2290489
vt 0.6071429 0.2290489
vt 0.5714285 0.2290489
vt 0.5357143 0.2290489
vt 0.75 0.2247632
vt 0.7142857 0.2247632
vt 0.6785715 0.2247632
vt 0.6428571 0.2247632
vt 0.6071429 0.2247632
vt 0.5714285 0.2247632
vt 0.5357143 0.2247632
vt 0.75 0.22
vt 0.7142857 0.22
vt 0.6785715 0.22
vt 0.6428571 0.22
vt 0.6071429 0.22
vt 0.5714285 0.22
vt 0.5357143 0.22
vt 1 0.25
vt 0.9642857 0.25
vt 0.9285714 0.25
vt 0.8928571 0.25
vt 0.8571429 0.25
vt 0.8214285 0.25
vt 0.7857143 0.25
vt 1 0.2452368
vt 0.9642857 0.2452368
vt 0.9285714 0.2452368
vt 0.8928571 0.2452368
vt 0.8571429 0.2452368
vt 0.8214285 0.2452368
vt 0.7857143 0.2452368
vt 1 0.2409511
vt 0.9642857 0.2409511
vt 0.9285714 0.2409511
vt 0.8928571 0.2409511
vt 0.8571429 0.2409511
vt 0.8214285 0.2409511
vt 0.7857143 0.2409511
vt 1 0.2369519
vt 0.9642857 0.2369519
vt 0.9285714 0.2369519
vt 0.8928571 0.2369519
vt 0.8571429 0.2369519
vt 0.8214285 0.2369519
vt 0.7857143 0.2369519
vt 1 0.2330481
vt 0.9642857 0.2330481
vt 0.9285714 0.2330481
vt 0.8928571 0.2330481
vt 0.8571429 0.2330481
vt 0.8214285 0.2330481
vt 0.7857143 0.2330481
vt 1 0.2290489
vt 0.9642857 0.2290489
vt 0.9285714 0.2290489
vt 0.8928571 0.2290489
vt 0.8571429 0.2290489
vt 0.8214285 0.2290489
vt 0.7857143 0.2290489
vt 1 0.2247632
vt 0.9642857 0.2247632
vt 0.9285714 0.2247632
vt 0.8928571 0.2247632
vt 0.8571429 0.2247632
vt 0.8214285 0.2247632
vt 0.7857143 0.2247632
vt 1 0.22
vt 0.9642857 0.22
vt 0.9285714 0.22
vt 0.8928571 0.22
vt 0.8571429 0.22
vt 0.8214285 0.22
vt 0.7857143 0.22
vt 0.03571429 0.1994168
vt 0.07142857 0.1994168
vt 0.1071429 0.1994168
vt 0.1428571 0.1994168
vt 0.1785714 0.1994168
vt 0.2142857 0.1994168
vt 0.25 0.1994168
vt 0.03571429 0.1789958
vt 0.07142857 0.1789958
vt 0.1071429 0.1789958
vt 0.1428571 0.1789958
vt 0.1785714 0.1789958
vt 0.2142857 0.1789958
vt 0.25 0.1789958
vt 0 0.1588992
vt 0.03571429 0.1588992
vt 0.07142857 0.1588992
vt 0.1071429 0.1588992
vt 0.1428571 0.1588992
vt 0.1785714 0.1588992
vt 0.2142857 0.1588992
vt 0.25 0.1588992
vt 0 0.1392891
vt 0.03571429 0.1392891
vt 0.07142857 0.1392891
vt 0.1071429 0.1392891
vt 0.1428571 0.1392891
vt 0.1785714 0.1392891
vt 0.2142857 0.1392891
vt 0.25 0.1392891
vt 0 0.1203278
vt 0.03571429 0.1203278
vt 0.07142857 0.1203278
vt 0.1071429 0.1203278
vt 0.1428571 0.1203278
vt 0.1785714 0.1203278
vt 0.2142857 0.1203278
vt 0.25 0.1203278
vt 0 0.1021773
vt 0.03571429 0.1021773
vt 0.07142857 0.1021773
vt 0.1071429 0.1021773
vt 0.1428571 0.1021773
vt 0.1785714 0.1021773
vt 0.2142857 0.1021773
vt 0.25 0.1021773
vt 0.03571429 0.08499998
vt 0.07142857 0.08499998
vt 0.1071429 0.08499998
vt 0.1428571 0.08499998
vt 0.1785714 0.08499998
vt 0.2142857 0.08499998
vt 0.25 0.08499998
vt 0 0.2124206
vt 0.01384727 0.2108139
vt 0.02412991 0.2059242
vt 0.02882725 0.1994168
vt 0.02977418 0.1979823
vt 0.02906473 0.1886062
vt 0.02274705 0.1806315
vt 0.01931448 0.1789958
vt 0.01275321 0.1757331
vt 0 0.1741334
vt 0 0.09796602
vt 0.01070054 0.09584039
vt 0.01906541 0.09080496
vt 0.02272115 0.08499998
vt 0.2857143 0.1994168
vt 0.3214286 0.1994168
vt 0.3571429 0.1994168
vt 0.3928571 0.1994168
vt 0.4285714 0.1994168
vt 0.4642857 0.1994168
vt 0.5 0.1994168
vt 0.2857143 0.1789958
vt 0.3214286 0.1789958
vt 0.3571429 0.1789958
vt 0.3928571 0.1789958
vt 0.4285714 0.1789958
vt 0.4642857 0.1789958
vt 0.5 0.1789958
vt 0.2857143 0.1588992
vt 0.3214286 0.1588992
vt 0.3571429 0.1588992
vt 0.3928571 0.1588992
vt 0.4285714 0.1588992
vt 0.4642857 0.1588992
vt 0.5 0.1588992
vt 0.2857143 0.1392891
vt 0.3214286 0.1392891
vt 0.3571429 0.1392891
vt 0.3928571 0.1392891
vt 0.4285714 0.1392891
vt 0.4642857 0.1392891
vt 0.2857143 0.1203278
vt 0.3214286 0.1203278
vt 0.3571429 0.1203278
vt 0.3928571 0.1203278
vt 0.4285714 0.1203278
vt 0.2857143 0.1021773
vt 0.3214286 0.1021773
vt 0.3571429 0.1021773
vt 0.3928571 0.1021773
vt 0.4285714 0.1021773
vt 0.2857143 0.08499998
vt 0.3214286 0.08499998
vt 0.3571429 0.08499998
vt 0.3928571 0.08499998
vt 0.4285714 0.08499998
vt 0.5 0.1407159
vt 0.4930444 0.1392891
vt 0.4771284 0.1360192
vt 0.4642857 0.1260227
vt 0.4619044 0.1241326
vt 0.4602396 0.1203278
vt 0.4548694 0.1083191
vt 0.455231 0.1021773
vt 0.4554816 0.09210996
vt 0.4595875 0.08499998
vt 0.75 0.1994168
vt 0.7142857 0.1994168
vt 0.6785715 0.1994168
vt 0.6428571 0.1994168
vt 0.6071429 0.1994168
vt 0.5714285 0.1994168
vt 0.5357143 0.1994168
vt 0.75 0.1789958
vt 0.7142857 0.1789958
vt 0.6785715 0.1789958
vt 0.6428571 0.1789958
vt 0.6071429 0.1789958
vt 0.5714285 0.1789958
vt 0.5357143 0.1789958
vt 0.75 0.1588992
vt 0.7142857 0.1588992
vt 0.6785715 0.1588992
vt 0.6428571 0.1588992
vt 0.6071429 0.1588992
vt 0.5714285 0.1588992
vt 0.5357143 0.1588992
vt 0.75 0.1392891
vt 0.7142857 0.1392891
vt 0.6785715 0.1392891
vt 0.6428571 0.1392891
vt 0.6071429 0.1392891
vt 0.5714285 0.1392891
vt 0.5357143 0.1392891
vt 0.75 0.1203278
vt 0.7142857 0.1203278
vt 0.6785715 0.1203278
vt 0.6428571 0.1203278
vt 0.6071429 0.1203278
vt 0.5714285 0.1203278
vt 0.75 0.1021773
vt 0.7142857 0.1021773
vt 0.6785715 0.1021773
vt 0.6428571 0.1021773
vt 0.6071429 0.1021773
vt 0.5714285 0.1021773
vt 0.75 0.08499998
vt 0.7142857 0.08499998
vt 0.6785715 0.08499998
vt 0.6428571 0.08499998
vt 0.6071429 0.08499998
vt 0.5714285 0.08499998
vt 0.5069556 0.1392891
vt 0.5228716 0.1360192
vt 0.5357143 0.1260227
vt 0.5380956 0.1241326
vt 0.5397604 0.1203278
vt 0.5451306 0.1083191
vt 0.544769 0.1021773
vt 0.5445184 0.09210996
vt 0.5404125 0.08499998
vt 0.9642857 0.1994168
vt 0.9285714 0.1994168
vt 0.8928571 0.1994168
vt 0.8571429 0.1994168
vt 0.8214285 0.1994168
vt 0.7857143 0.1994168
vt 0.9642857 0.1789958
vt 0.9285714 0.1789958
vt 0.8928571 0.1789958
vt 0.8571429 0.1789958
vt 0.8214285 0.1789958
vt 0.7857143 0.1789958
vt 1 0.1588992
vt 0.9642857 0.1588992
vt 0.9285714 0.1588992
vt 0.8928571 0.1588992
vt 0.8571429 0.1588992
vt 0.8214285 0.1588992
vt 0.7857143 0.1588992
vt 1 0.1392891
vt 0.9642857 0.1392891
vt 0.9285714 0.1392891
vt 0.8928571 0.1392891
vt 0.8571429 0.1392891
vt 0.8214285 0.1392891
vt 0.7857143 0.1392891
vt 1 0.1203278
vt 0.9642857 0.1203278
vt 0.9285714 0.1203278
vt 0.8928571 0.1203278
vt 0.8571429 0.1203278
vt 0.8214285 0.1203278
vt 0.7857143 0.1203278
vt 1 0.1021773
vt 0.9642857 0.1021773
vt 0.9285714 0.1021773
vt 0.8928571 0.1021773
vt 0.8571429 0.1021773
vt 0.8214285 0.1021773
vt 0.7857143 0.1021773
vt 0.9642857 0.08499998
vt 0.9285714 0.08499998
vt 0.8928571 0.08499998
vt 0.8571429 0.08499998
vt 0.8214285 0.08499998
vt 0.7857143 0.08499998
vt 1 0.2124206
vt 0.9861527 0.2108139
vt 0.9758701 0.2059242
vt 0.9711727 0.1994168
vt 0.9702258 0.1979823
vt 0.9709353 0.1886062
vt 0.977253 0.1806315
vt 0.9806855 0.1789958
vt 0.9872468 0.1757331
vt 1 0.1741334
vt 1 0.09796602
vt 0.9892995 0.09584039
vt 0.9809346 0.09080496
vt 0.9772788 0.08499998
vt 0.03571429 0.06812388
vt 0.07142857 0.06812388
vt 0.1071429 0.06812388
vt 0.1428571 0.06812388
vt 0.1785714 0.06812388
vt 0.2142857 0.06812388
vt 0.25 0.06812388
vt 0 0.05192512
vt 0.03571429 0.05192512
vt 0.07142857 0.05192512
vt 0.1071429 0.05192512
vt 0.1428571 0.05192512
vt 0.1785714 0.05192512
vt 0.2142857 0.05192512
vt 0.25 0.05192512
vt 0 0.03694403
vt 0.03571429 0.03694403
vt 0.07142857 0.03694403
vt 0.1071429 0.03694403
vt 0.1428571 0.03694403
vt 0.1785714 0.03694403
vt 0.2142857 0.03694403
vt 0.25 0.03694403
vt 0 0.02372068
vt 0.03571429 0.02372068
vt 0.07142857 0.02372068
vt 0.1071429 0.02372068
vt 0.1428571 0.02372068
vt 0.1785714 0.02372068
vt 0.2142857 0.02372068
vt 0.25 0.02372068
vt 0 0.01279545
vt 0.03571429 0.01279545
vt 0.07142857 0.01279545
vt 0.1071429 0.01279545
vt 0.1428571 0.01279545
vt 0.1785714 0.01279545
vt 0.2142857 0.01279545
vt 0.25 0.01279545
vt 0 0.004708469
vt 0.03571429 0.004708469
vt 0.07142857 0.004708469
vt 0.1071429 0.004708469
vt 0.1428571 0.004708469
vt 0.1785714 0.004708469
vt 0.2142857 0.004708469
vt 0.25 0.004708469
vt 0 0
vt 0.03571429 0
vt 0.07142857 0
vt 0.1071429 0
vt 0.1428571 0
vt 0.1785714 0
vt 0.2142857 0
vt 0.25 0
vt 0.02421346 0.08235515
vt 0.02441612 0.07145274
vt 0.02255981 0.06812388
vt 0.01974894 0.06128507
vt 0.01133866 0.0549349
vt 0 0.05347578
vt 0.2857143 0.06812388
vt 0.3214286 0.06812388
vt 0.3571429 0.06812388
vt 0.3928571 0.06812388
vt 0.4285714 0.06812388
vt 0.4642857 0.06812388
vt 0.2857143 0.05192512
vt 0.3214286 0.05192512
vt 0.3571429 0.05192512
vt 0.3928571 0.05192512
vt 0.4285714 0.05192512
vt 0.4642857 0.05192512
vt 0.5 0.05192512
vt 0.2857143 0.03694403
vt 0.3214286 0.03694403
vt 0.3571429 0.03694403
vt 0.3928571 0.03694403
vt 0.4285714 0.03694403
vt 0.4642857 0.03694403
vt 0.5 0.03694403
vt 0.2857143 0.02372068
vt 0.3214286 0.02372068
vt 0.3571429 0.02372068
vt 0.3928571 0.02372068
vt 0.4285714 0.02372068
vt 0.4642857 0.02372068
vt 0.5 0.02372068
vt 0.2857143 0.01279545
vt 0.3214286 0.01279545
vt 0.3571429 0.01279545
vt 0.3928571 0.01279545
vt 0.4285714 0.01279545
vt 0.4642857 0.01279545
vt 0.5 0.01279545
vt 0.2857143 0.004708469
vt 0.3214286 0.004708469
vt 0.3571429 0.004708469
vt 0.3928571 0.004708469
vt 0.4285714 0.004708469
vt 0.4642857 0.004708469
vt 0.5 0.004708469
vt 0.2857143 0
vt 0.3214286 0
vt 0.3571429 0
vt 0.3928571 0
vt 0.4285714 0
vt 0.4642857 0
vt 0.5 0
vt 0.4632736 0.07707194
vt 0.4642857 0.07635257
vt 0.4746062 0.06812388
vt 0.4780406 0.06480828
vt 0.5 0.06014021
vt 0.75 0.06812388
vt 0.7142857 0.06812388
vt 0.6785715 0.06812388
vt 0.6428571 0.06812388
vt 0.6071429 0.06812388
vt 0.5714285 0.06812388
vt 0.5357143 0.06812388
vt 0.75 0.05192512
vt 0.7142857 0.05192512
vt 0.6785715 0.05192512
vt 0.6428571 0.05192512
vt 0.6071429 0.05192512
vt 0.5714285 0.05192512
vt 0.5357143 0.05192512
vt 0.75 0.03694403
vt 0.7142857 0.03694403
vt 0.6785715 0.03694403
vt 0.6428571 0.03694403
vt 0.6071429 0.03694403
vt 0.5714285 0.03694403
vt 0.5357143 0.03694403
vt 0.75 0.02372068
vt 0.7142857 0.02372068
vt 0.6785715 0.02372068
vt 0.6428571 0.02372068
vt 0.6071429 0.02372068
vt 0.5714285 0.02372068
vt 0.5357143 0.02372068
vt 0.75 0.01279545
vt 0.7142857 0.01279545
vt 0.6785715 0.01279545
vt 0.6428571 0.01279545
vt 0.6071429 0.01279545
vt 0.5714285 0.01279545
vt 0.5357143 0.01279545
vt 0.75 0.004708469
vt 0.7142857 0.004708469
vt 0.6785715 0.004708469
vt 0.6428571 0.004708469
vt 0.6071429 0.004708469
vt 0.5714285 0.004708469
vt 0.5357143 0.004708469
vt 0.75 0
vt 0.7142857 0
vt 0.6785715 0
vt 0.6428571 0
vt 0.6071429 0
vt 0.5714285 0
vt 0.5357143 0
vt 0.5367264 0.07707194
vt 0.5357143 0.07635257
vt 0.5253938 0.06812388
vt 0.5219594 0.06480828
vt 0.9642857 0.06812388
vt 0.9285714 0.06812388
vt 0.8928571 0.06812388
vt 0.8571429 0.06812388
vt 0.8214285 0.06812388
vt 0.7857143 0.06812388
vt 1 0.05192512
vt 0.9642857 0.05192512
vt 0.9285714 0.05192512
vt 0.8928571 0.05192512
vt 0.8571429 0.05192512
vt 0.8214285 0.05192512
vt 0.7857143 0.05192512
vt 1 0.03694403
vt 0.9642857 0.03694403
vt 0.9285714 0.03694403
vt 0.8928571 0.03694403
vt 0.8571429 0.03694403
vt 0.8214285 0.03694403
vt 0.7857143 0.03694403
vt 1 0.02372068
vt 0.9642857 0.02372068
vt 0.9285714 0.02372068
vt 0.8928571 0.02372068
vt 0.8571429 0.02372068
vt 0.8214285 0.02372068
vt 0.7857143 0.02372068
vt 1 0.01279545
vt 0.9642857 0.01279545
vt 0.9285714 0.01279545
vt 0.8928571 0.01279545
vt 0.8571429 0.01279545
vt 0.8214285 0.01279545
vt 0.7857143 0.01279545
vt 1 0.004708469
vt 0.9642857 0.004708469
vt 0.9285714 0.004708469
vt 0.8928571 0.004708469
vt 0.8571429 0.004708469
vt 0.8214285 0.004708469
vt 0.7857143 0.004708469
vt 1 0
vt 0.9642857 0
vt 0.9285714 0
vt 0.8928571 0
vt 0.8571429 0
vt 0.8214285 0
vt 0.7857143 0
vt 0.9757866 0.08235515
vt 0.9755839 0.07145274
vt 0.9774402 0.06812388
vt 0.9802511 0.06128507
vt 0.9886613 0.0549349
vt 1 0.05347578
vt 0.125 0.9921875
vt 0.1510767 0.9892493
vt 0.1758458 0.9805823
vt 0.1980652 0.9666209
vt 0.2166209 0.9480652
vt 0.2305823 0.9258457
vt 0.2392494 0.9010767
vt 0.2421875 0.875
vt 0.125 0.988771
vt 0.1503164 0.9859185
vt 0.1743634 0.9775041
vt 0.195935 0.9639497
vt 0.2139497 0.945935
vt 0.2275041 0.9243634
vt 0.2359185 0.9003164
vt 0.238771 0.875
vt 0.125 0.9835529
vt 0.1491553 0.9808313
vt 0.1720994 0.9728028
vt 0.1926817 0.9598701
vt 0.2098701 0.9426817
vt 0.2228028 0.9220994
vt 0.2308313 0.8991553
vt 0.233553 0.875
vt 0.125 0.9749495
vt 0.1472409 0.9724435
vt 0.1683665 0.9650514
vt 0.1873175 0.9531437
vt 0.2031437 0.9373175
vt 0.2150514 0.9183664
vt 0.2224435 0.8972408
vt 0.2249495 0.875
vt 0.125 0.9613765
vt 0.1442206 0.9592108
vt 0.1624774 0.9528225
vt 0.1788549 0.9425318
vt 0.1925319 0.9288548
vt 0.2028225 0.9124773
vt 0.2092108 0.8942205
vt 0.2113765 0.875
vt 0.125 0.9412499
vt 0.139742 0.9395889
vt 0.1537448 0.9346891
vt 0.1663062 0.9267963
vt 0.1767963 0.9163061
vt 0.1846891 0.9037448
vt 0.1895889 0.889742
vt 0.1912499 0.875
vt 0.125 0.9129858
vt 0.1334526 0.9120334
vt 0.1414814 0.909224
vt 0.1486837 0.9046985
vt 0.1546985 0.8986837
vt 0.159224 0.8914814
vt 0.1620334 0.8834527
vt 0.1629858 0.875
vt 0.125 0.875
vt 0.2392494 0.8489233
vt 0.2305823 0.8241543
vt 0.2166209 0.8019348
vt 0.1980652 0.7833791
vt 0.1758457 0.7694177
vt 0.1510766 0.7607507
vt 0.125 0.7578125
vt 0.2359185 0.8496836
vt 0.2275041 0.8256366
vt 0.2139497 0.804065
vt 0.195935 0.7860503
vt 0.1743633 0.7724959
vt 0.1503164 0.7640815
vt 0.125 0.761229
vt 0.2308313 0.8508447
vt 0.2228028 0.8279006
vt 0.2098701 0.8073183
vt 0.1926816 0.7901299
vt 0.1720993 0.7771971
vt 0.1491553 0.7691687
vt 0.125 0.7664471
vt 0.2224435 0.8527591
vt 0.2150514 0.8316335
vt 0.2031436 0.8126825
vt 0.1873175 0.7968563
vt 0.1683664 0.7849486
vt 0.1472408 0.7775564
vt 0.125 0.7750505
vt 0.2092108 0.8557794
vt 0.2028225 0.8375226
vt 0.1925318 0.8211452
vt 0.1788548 0.8074682
vt 0.1624773 0.7971774
vt 0.1442205 0.7907891
vt 0.125 0.7886236
vt 0.1895889 0.860258
vt 0.1846891 0.8462552
vt 0.1767963 0.8336939
vt 0.1663061 0.8232037
vt 0.1537447 0.8153108
vt 0.139742 0.8104111
vt 0.125 0.8087501
vt 0.1620334 0.8665473
vt 0.159224 0.8585186
vt 0.1546985 0.8513163
vt 0.1486837 0.8453015
vt 0.1414814 0.840776
vt 0.1334526 0.8379666
vt 0.125 0.8370142
vt 0.0078125 0.875
vt 0.01075064 0.8489233
vt 0.01941773 0.8241543
vt 0.03337914 0.8019348
vt 0.05193481 0.7833791
vt 0.07415429 0.7694177
vt 0.09892337 0.7607507
vt 0.01122904 0.875
vt 0.01408152 0.8496836
vt 0.02249593 0.8256366
vt 0.0360503 0.804065
vt 0.05406499 0.7860503
vt 0.07563667 0.7724959
vt 0.09968363 0.7640815
vt 0.01644704 0.875
vt 0.01916869 0.8508447
vt 0.02719718 0.8279006
vt 0.0401299 0.8073183
vt 0.05731836 0.7901299
vt 0.07790066 0.7771971
vt 0.1008447 0.7691687
vt 0.02505052 0.875
vt 0.02755648 0.8527591
vt 0.03494865 0.8316335
vt 0.04685637 0.8126825
vt 0.06268254 0.7968563
vt 0.08163358 0.7849486
vt 0.1027592 0.7775564
vt 0.03862354 0.875
vt 0.04078917 0.8557794
vt 0.04717749 0.8375226
vt 0.05746818 0.8211452
vt 0.07114516 0.8074682
vt 0.08752269 0.7971774
vt 0.1057795 0.7907891
vt 0.05875009 0.875
vt 0.06041111 0.860258
vt 0.0653109 0.8462552
vt 0.07320374 0.8336939
vt 0.08369386 0.8232037
vt 0.09625526 0.8153108
vt 0.110258 0.8104111
vt 0.08701423 0.875
vt 0.08796661 0.8665473
vt 0.09077601 0.8585186
vt 0.09530154 0.8513163
vt 0.1013163 0.8453015
vt 0.1085186 0.840776
vt 0.1165474 0.8379666
vt 0.09892331 0.9892493
vt 0.07415423 0.9805823
vt 0.05193478 0.9666209
vt 0.03337912 0.9480652
vt 0.0194177 0.9258457
vt 0.01075062 0.9010767
vt 0.09968357 0.9859185
vt 0.07563663 0.9775041
vt 0.05406496 0.9639497
vt 0.03605029 0.945935
vt 0.0224959 0.9243634
vt 0.01408151 0.9003164
vt 0.1008447 0.9808313
vt 0.07790062 0.9728028
vt 0.05731833 0.9598701
vt 0.04012987 0.9426817
vt 0.02719715 0.9220994
vt 0.01916867 0.8991553
vt 0.1027591 0.9724435
vt 0.08163354 0.9650514
vt 0.06268251 0.9531437
vt 0.04685634 0.9373175
vt 0.03494863 0.9183664
vt 0.02755646 0.8972408
vt 0.1057794 0.9592108
vt 0.08752264 0.9528225
vt 0.07114515 0.9425318
vt 0.05746815 0.9288548
vt 0.04717748 0.9124773
vt 0.04078916 0.8942205
vt 0.110258 0.9395889
vt 0.09625523 0.9346891
vt 0.08369385 0.9267963
vt 0.07320373 0.9163061
vt 0.06531088 0.9037448
vt 0.06041111 0.889742
vt 0.1165474 0.9120334
vt 0.1085186 0.909224
vt 0.1013163 0.9046985
vt 0.09530152 0.8986837
vt 0.090776 0.8914814
vt 0.08796661 0.8834527
vt 0.75 0.960639
vt 0.7678571 0.9607969
vt 0.7857143 0.9611419
vt 0.8035714 0.9615208
vt 0.8214286 0.9618512
vt 0.8392857 0.9620991
vt 0.8571429 0.962252
vt 0.875 0.9623042
vt 0.75 0.9214937
vt 0.7678571 0.9216753
vt 0.7857143 0.9220792
vt 0.8035714 0.9225372
vt 0.8214286 0.9229514
vt 0.8392857 0.923273
vt 0.8571429 0.9234772
vt 0.875 0.9235486
vt 0.75 0.8831641
vt 0.7678571 0.883284
vt 0.7857143 0.8835636
vt 0.8035714 0.8839049
vt 0.8214286 0.8842381
vt 0.8392857 0.8845141
vt 0.8571429 0.8846985
vt 0.875 0.8847653
vt 0.75 0.8462501
vt 0.7678571 0.8462719
vt 0.7857143 0.8463464
vt 0.8035714 0.8464794
vt 0.8214286 0.8466487
vt 0.8392857 0.8468149
vt 0.8571429 0.8469386
vt 0.875 0.8469865
vt 0.75 0.8113514
vt 0.7678571 0.811288
vt 0.7857143 0.811179
vt 0.8035714 0.8111163
vt 0.8214286 0.8111209
vt 0.8392857 0.8111678
vt 0.8571429 0.8112203
vt 0.875 0.8112445
vt 0.75 0.7790681
vt 0.7678571 0.7789811
vt 0.7857143 0.7788131
vt 0.8035714 0.7786714
vt 0.8214286 0.7785921
vt 0.8392857 0.7785654
vt 0.8571429 0.7785665
vt 0.875 0.7785716
vt 0.875 0.75
vt 0.75 0.9751346
vt 0.7678571 0.9767945
vt 0.7857143 0.9766821
vt 0.7873214 0.9765891
vt 0.8035714 0.9764402
vt 0.810737 0.9761908
vt 0.8214286 0.976826
vt 0.8333639 0.9771776
vt 0.8392857 0.9781717
vt 0.8571429 0.9798346
vt 0.866459 0.9795033
vt 0.875 0.979363
vt 0.75 0.9803146
vt 0.75 0.9854945
vt 0.7678571 0.9819744
vt 0.7678571 0.9871544
vt 0.7857143 0.9818621
vt 0.7857143 0.987042
vt 0.7873214 0.981769
vt 0.7873214 0.986949
vt 0.8035714 0.9816201
vt 0.8035714 0.9868001
vt 0.810737 0.9813707
vt 0.810737 0.9865507
vt 0.8214286 0.9820059
vt 0.8214286 0.9871858
vt 0.8333639 0.9823575
vt 0.8333639 0.9875374
vt 0.8392857 0.9833516
vt 0.8392857 0.9885316
vt 0.8571429 0.9850146
vt 0.8571429 0.9901945
vt 0.866459 0.9846832
vt 0.866459 0.9898632
vt 0.875 0.9845429
vt 0.875 0.9897228
vt 1 0.960639
vt 0.9821429 0.9607969
vt 0.9642857 0.9611419
vt 0.9464286 0.9615208
vt 0.9285714 0.9618512
vt 0.9107143 0.9620991
vt 0.8928571 0.962252
vt 1 0.9214937
vt 0.9821429 0.9216753
vt 0.9642857 0.9220792
vt 0.9464286 0.9225372
vt 0.9285714 0.9229514
vt 0.9107143 0.923273
vt 0.8928571 0.9234772
vt 1 0.8831641
vt 0.9821429 0.883284
vt 0.9642857 0.8835636
vt 0.9464286 0.8839049
vt 0.9285714 0.8842381
vt 0.9107143 0.8845141
vt 0.8928571 0.8846985
vt 1 0.8462501
vt 0.9821429 0.8462719
vt 0.9642857 0.8463464
vt 0.9464286 0.8464794
vt 0.9285714 0.8466487
vt 0.9107143 0.8468149
vt 0.8928571 0.8469386
vt 1 0.8113514
vt 0.9821429 0.811288
vt 0.9642857 0.811179
vt 0.9464286 0.8111163
vt 0.9285714 0.8111209
vt 0.9107143 0.8111678
vt 0.8928571 0.8112203
vt 1 0.7790681
vt 0.9821429 0.7789811
vt 0.9642857 0.7788131
vt 0.9464286 0.7786714
vt 0.9285714 0.7785921
vt 0.9107143 0.7785654
vt 0.8928571 0.7785665
vt 1 0.75
vt 0.9821429 0.75
vt 0.9642857 0.75
vt 0.9464286 0.75
vt 0.9285714 0.75
vt 0.9107143 0.75
vt 0.8928571 0.75
vt 1 0.9751346
vt 0.9821429 0.9767945
vt 0.9642857 0.9766821
vt 0.9626786 0.9765891
vt 0.9464286 0.9764402
vt 0.939263 0.9761908
vt 0.9285714 0.976826
vt 0.9166361 0.9771776
vt 0.9107143 0.9781717
vt 0.8928571 0.9798346
vt 0.883541 0.9795033
vt 1 0.9803146
vt 1 0.9854945
vt 0.9821429 0.9819744
vt 0.9821429 0.9871544
vt 0.9642857 0.9818621
vt 0.9642857 0.987042
vt 0.9626786 0.981769
vt 0.9626786 0.986949
vt 0.9464286 0.9816201
vt 0.9464286 0.9868001
vt 0.939263 0.9813707
vt 0.939263 0.9865507
vt 0.9285714 0.9820059
vt 0.9285714 0.9871858
vt 0.9166361 0.9823575
vt 0.9166361 0.9875374
vt 0.9107143 0.9833516
vt 0.9107143 0.9885316
vt 0.8928571 0.9850146
vt 0.8928571 0.9901945
vt 0.883541 0.9846832
vt 0.883541 0.9898632
vt 0.375 0.875
vt 0.375 0.8451509
vt 0.381642 0.8458993
vt 0.387951 0.8481069
vt 0.3936106 0.8516631
vt 0.3983369 0.8563894
vt 0.4018931 0.862049
vt 0.4041007 0.868358
vt 0.4048491 0.875
vt 0.375 0.8213919
vt 0.3869289 0.822736
vt 0.3982597 0.8267008
vt 0.4084241 0.8330875
vt 0.4169125 0.8415759
vt 0.4232992 0.8517404
vt 0.427264 0.8630711
vt 0.4286081 0.875
vt 0.375 0.8026905
vt 0.3910904 0.8045035
vt 0.4063739 0.8098514
vt 0.4200842 0.8184662
vt 0.4315338 0.8299158
vt 0.4401486 0.8436261
vt 0.4454965 0.8589097
vt 0.4473095 0.875
vt 0.375 0.7880143
vt 0.3943561 0.7901952
vt 0.4127417 0.7966286
vt 0.4292347 0.8069919
vt 0.4430081 0.8207653
vt 0.4533714 0.8372583
vt 0.4598048 0.8556439
vt 0.4619857 0.875
vt 0.375 0.7763308
vt 0.396956 0.7788047
vt 0.4178109 0.7861022
vt 0.4365192 0.7978574
vt 0.4521426 0.8134808
vt 0.4638978 0.8321891
vt 0.4711953 0.8530441
vt 0.4736691 0.875
vt 0.375 0.7666078
vt 0.3991196 0.7693254
vt 0.4220296 0.777342
vt 0.4425815 0.7902555
vt 0.4597445 0.8074185
vt 0.4726581 0.8279704
vt 0.4806747 0.8508805
vt 0.4833923 0.875
vt 0.375 0.7578125
vt 0.4010767 0.7607507
vt 0.4258458 0.7694177
vt 0.4480652 0.7833791
vt 0.4666209 0.8019348
vt 0.4805823 0.8241543
vt 0.4892494 0.8489233
vt 0.4921875 0.875
vt 0.4041007 0.881642
vt 0.4018931 0.887951
vt 0.3983369 0.8936106
vt 0.3936106 0.8983369
vt 0.387951 0.9018931
vt 0.381642 0.9041007
vt 0.375 0.9048491
vt 0.427264 0.8869289
vt 0.4232992 0.8982597
vt 0.4169125 0.9084241
vt 0.4084241 0.9169125
vt 0.3982597 0.9232992
vt 0.3869289 0.927264
vt 0.375 0.9286081
vt 0.4454965 0.8910904
vt 0.4401486 0.9063739
vt 0.4315338 0.9200842
vt 0.4200842 0.9315338
vt 0.4063739 0.9401486
vt 0.3910903 0.9454965
vt 0.375 0.9473095
vt 0.4598048 0.8943561
vt 0.4533714 0.9127417
vt 0.4430081 0.9292347
vt 0.4292347 0.9430082
vt 0.4127417 0.9533714
vt 0.3943561 0.9598048
vt 0.375 0.9619857
vt 0.4711953 0.896956
vt 0.4638978 0.917811
vt 0.4521426 0.9365192
vt 0.4365192 0.9521427
vt 0.4178109 0.9638978
vt 0.3969559 0.9711953
vt 0.375 0.9736691
vt 0.4806746 0.8991196
vt 0.472658 0.9220297
vt 0.4597445 0.9425815
vt 0.4425814 0.9597445
vt 0.4220296 0.9726581
vt 0.3991195 0.9806746
vt 0.375 0.9833922
vt 0.4892493 0.9010767
vt 0.4805823 0.9258458
vt 0.4666209 0.9480652
vt 0.4480652 0.9666209
vt 0.4258457 0.9805823
vt 0.4010766 0.9892493
vt 0.375 0.9921875
vt 0.3451509 0.875
vt 0.3458993 0.881642
vt 0.3481069 0.887951
vt 0.3516631 0.8936106
vt 0.3563894 0.8983369
vt 0.362049 0.9018931
vt 0.368358 0.9041007
vt 0.3213919 0.875
vt 0.322736 0.8869289
vt 0.3267008 0.8982597
vt 0.3330875 0.9084241
vt 0.3415759 0.9169125
vt 0.3517403 0.9232992
vt 0.3630711 0.927264
vt 0.3026905 0.875
vt 0.3045035 0.8910904
vt 0.3098514 0.9063739
vt 0.3184662 0.9200842
vt 0.3299158 0.9315338
vt 0.3436261 0.9401486
vt 0.3589097 0.9454965
vt 0.2880143 0.875
vt 0.2901952 0.8943561
vt 0.2966286 0.9127417
vt 0.3069919 0.9292347
vt 0.3207653 0.9430082
vt 0.3372583 0.9533714
vt 0.3556439 0.9598048
vt 0.2763309 0.875
vt 0.2788047 0.896956
vt 0.2861022 0.917811
vt 0.2978574 0.9365192
vt 0.3134808 0.9521427
vt 0.3321891 0.9638978
vt 0.3530441 0.9711953
vt 0.2666077 0.875
vt 0.2693254 0.8991196
vt 0.277342 0.9220297
vt 0.2902555 0.9425815
vt 0.3074186 0.9597445
vt 0.3279704 0.9726581
vt 0.3508805 0.9806746
vt 0.2578125 0.875
vt 0.2607507 0.9010767
vt 0.2694177 0.9258458
vt 0.2833791 0.9480652
vt 0.3019348 0.9666209
vt 0.3241543 0.9805823
vt 0.3489234 0.9892493
vt 0.368358 0.8458993
vt 0.362049 0.8481069
vt 0.3563894 0.8516631
vt 0.3516631 0.8563894
vt 0.3481069 0.862049
vt 0.3458993 0.868358
vt 0.3630711 0.822736
vt 0.3517403 0.8267008
vt 0.3415759 0.8330875
vt 0.3330875 0.8415759
vt 0.3267008 0.8517404
vt 0.322736 0.8630711
vt 0.3589096 0.8045035
vt 0.3436261 0.8098514
vt 0.3299158 0.8184662
vt 0.3184662 0.8299158
vt 0.3098514 0.8436261
vt 0.3045035 0.8589097
vt 0.3556439 0.7901952
vt 0.3372583 0.7966286
vt 0.3207653 0.8069919
vt 0.3069919 0.8207653
vt 0.2966286 0.8372583
vt 0.2901952 0.8556439
vt 0.353044 0.7788047
vt 0.3321891 0.7861022
vt 0.3134808 0.7978574
vt 0.2978574 0.8134808
vt 0.2861022 0.8321891
vt 0.2788047 0.8530441
vt 0.3508804 0.7693254
vt 0.3279704 0.777342
vt 0.3074185 0.7902555
vt 0.2902555 0.8074185
vt 0.2773419 0.8279704
vt 0.2693253 0.8508805
vt 0.3489233 0.7607507
vt 0.3241542 0.7694177
vt 0.3019348 0.7833791
vt 0.2833791 0.8019348
vt 0.2694177 0.8241543
vt 0.2607506 0.8489233
vt 0 0.5
vt 0.03571429 0.5
vt 0.07142857 0.5
vt 0.1071429 0.5
vt 0.1428571 0.5
vt 0.1785714 0.5
vt 0.2142857 0.5
vt 0.25 0.5
vt 0 0.492505
vt 0.03571429 0.492505
vt 0.07142857 0.492505
vt 0.1071429 0.492505
vt 0.1428571 0.492505
vt 0.1785714 0.492505
vt 0.2142857 0.492505
vt 0.25 0.492505
vt 0 0.4823865
vt 0.03571429 0.4823865
vt 0.07142857 0.4823865
vt 0.1071429 0.4823865
vt 0.1428571 0.4823865
vt 0.1785714 0.4823865
vt 0.2142857 0.4823865
vt 0.25 0.4823865
vt 0 0.4701828
vt 0.03571429 0.4701828
vt 0.07142857 0.4701828
vt 0.1071429 0.4701828
vt 0.1428571 0.4701828
vt 0.1785714 0.4701828
vt 0.2142857 0.4701828
vt 0.25 0.4701828
vt 0 0.4564316
vt 0.03571429 0.4564316
vt 0.07142857 0.4564316
vt 0.1071429 0.4564316
vt 0.1428571 0.4564316
vt 0.1785714 0.4564316
vt 0.2142857 0.4564316
vt 0.25 0.4564316
vt 0 0.4416713
vt 0.03571429 0.4416713
vt 0.07142857 0.4416713
vt 0.1071429 0.4416713
vt 0.1428571 0.4416713
vt 0.1785714 0.4416713
vt 0.2142857 0.4416713
vt 0.25 0.4416713
vt 0 0.4264397
vt 0.03571429 0.4264397
vt 0.07142857 0.4264397
vt 0.1071429 0.4264397
vt 0.1428571 0.4264397
vt 0.1785714 0.4264397
vt 0.2142857 0.4264397
vt 0.25 0.4264397
vt 0 0.411275
vt 0.03571429 0.411275
vt 0.07142857 0.411275
vt 0.1071429 0.411275
vt 0.1428571 0.411275
vt 0.1785714 0.411275
vt 0.2142857 0.411275
vt 0.25 0.411275
vt 0.2857143 0.5
vt 0.3214286 0.5
vt 0.3571429 0.5
vt 0.3928571 0.5
vt 0.4285714 0.5
vt 0.4642857 0.5
vt 0.5 0.5
vt 0.2857143 0.492505
vt 0.3214286 0.492505
vt 0.3571429 0.492505
vt 0.3928571 0.492505
vt 0.4285714 0.492505
vt 0.4642857 0.492505
vt 0.5 0.492505
vt 0.2857143 0.4823865
vt 0.3214286 0.4823865
vt 0.3571429 0.4823865
vt 0.3928571 0.4823865
vt 0.4285714 0.4823865
vt 0.4642857 0.4823865
vt 0.5 0.4823865
vt 0.2857143 0.4701828
vt 0.3214286 0.4701828
vt 0.3571429 0.4701828
vt 0.3928571 0.4701828
vt 0.4285714 0.4701828
vt 0.4642857 0.4701828
vt 0.5 0.4701828
vt 0.2857143 0.4564316
vt 0.3214286 0.4564316
vt 0.3571429 0.4564316
vt 0.3928571 0.4564316
vt 0.4285714 0.4564316
vt 0.4642857 0.4564316
vt 0.5 0.4564316
vt 0.2857143 0.4416713
vt 0.3214286 0.4416713
vt 0.3571429 0.4416713
vt 0.3928571 0.4416713
vt 0.4285714 0.4416713
vt 0.4642857 0.4416713
vt 0.5 0.4416713
vt 0.2857143 0.4264397
vt 0.3214286 0.4264397
vt 0.3571429 0.4264397
vt 0.3928571 0.4264397
vt 0.4285714 0.4264397
vt 0.4642857 0.4264397
vt 0.2857143 0.411275
vt 0.3214286 0.411275
vt 0.3571429 0.411275
vt 0.3928571 0.411275
vt 0.4285714 0.411275
vt 0.4642857 0.411275
vt 0.4728861 0.411275
vt 0.4743574 0.4152121
vt 0.4844249 0.4246381
vt 0.4925438 0.4264397
vt 0.5 0.4284624
vt 0.75 0.5
vt 0.7142857 0.5
vt 0.6785715 0.5
vt 0.6428571 0.5
vt 0.6071429 0.5
vt 0.5714285 0.5
vt 0.5357143 0.5
vt 0.75 0.492505
vt 0.7142857 0.492505
vt 0.6785715 0.492505
vt 0.6428571 0.492505
vt 0.6071429 0.492505
vt 0.5714285 0.492505
vt 0.5357143 0.492505
vt 0.75 0.4823865
vt 0.7142857 0.4823865
vt 0.6785715 0.4823865
vt 0.6428571 0.4823865
vt 0.6071429 0.4823865
vt 0.5714285 0.4823865
vt 0.5357143 0.4823865
vt 0.75 0.4701828
vt 0.7142857 0.4701828
vt 0.6785715 0.4701828
vt 0.6428571 0.4701828
vt 0.6071429 0.4701828
vt 0.5714285 0.4701828
vt 0.5357143 0.4701828
vt 0.75 0.4564316
vt 0.7142857 0.4564316
vt 0.6785715 0.4564316
vt 0.6428571 0.4564316
vt 0.6071429 0.4564316
vt 0.5714285 0.4564316
vt 0.5357143 0.4564316
vt 0.75 0.4416713
vt 0.7142857 0.4416713
vt 0.6785715 0.4416713
vt 0.6428571 0.4416713
vt 0.6071429 0.4416713
vt 0.5714285 0.4416713
vt 0.5357143 0.4416713
vt 0.75 0.4264397
vt 0.7142857 0.4264397
vt 0.6785715 0.4264397
vt 0.6428571 0.4264397
vt 0.6071429 0.4264397
vt 0.5714285 0.4264397
vt 0.5357143 0.4264397
vt 0.75 0.411275
vt 0.7142857 0.411275
vt 0.6785715 0.411275
vt 0.6428571 0.411275
vt 0.6071429 0.411275
vt 0.5714285 0.411275
vt 0.5357143 0.411275
vt 0.5271139 0.411275
vt 0.5256426 0.4152121
vt 0.5155752 0.4246381
vt 0.5074562 0.4264397
vt 1 0.5
vt 0.9642857 0.5
vt 0.9285714 0.5
vt 0.8928571 0.5
vt 0.8571429 0.5
vt 0.8214285 0.5
vt 0.7857143 0.5
vt 1 0.492505
vt 0.9642857 0.492505
vt 0.9285714 0.492505
vt 0.8928571 0.492505
vt 0.8571429 0.492505
vt 0.8214285 0.492505
vt 0.7857143 0.492505
vt 1 0.4823865
vt 0.9642857 0.4823865
vt 0.9285714 0.4823865
vt 0.8928571 0.4823865
vt 0.8571429 0.4823865
vt 0.8214285 0.4823865
vt 0.7857143 0.4823865
vt 1 0.4701828
vt 0.9642857 0.4701828
vt 0.9285714 0.4701828
vt 0.8928571 0.4701828
vt 0.8571429 0.4701828
vt 0.8214285 0.4701828
vt 0.7857143 0.4701828
vt 1 0.4564316
vt 0.9642857 0.4564316
vt 0.9285714 0.4564316
vt 0.8928571 0.4564316
vt 0.8571429 0.4564316
vt 0.8214285 0.4564316
vt 0.7857143 0.4564316
vt 1 0.4416713
vt 0.9642857 0.4416713
vt 0.9285714 0.4416713
vt 0.8928571 0.4416713
vt 0.8571429 0.4416713
vt 0.8214285 0.4416713
vt 0.7857143 0.4416713
vt 1 0.4264397
vt 0.9642857 0.4264397
vt 0.9285714 0.4264397
vt 0.8928571 0.4264397
vt 0.8571429 0.4264397
vt 0.8214285 0.4264397
vt 0.7857143 0.4264397
vt 1 0.411275
vt 0.9642857 0.411275
vt 0.9285714 0.411275
vt 0.8928571 0.411275
vt 0.8571429 0.411275
vt 0.8214285 0.411275
vt 0.7857143 0.411275
vt 0 0.3985119
vt 0.03571429 0.3985119
vt 0.07142857 0.3985119
vt 0.1071429 0.3985119
vt 0.1428571 0.3985119
vt 0.1785714 0.3985119
vt 0.2142857 0.3985119
vt 0.25 0.3985119
vt 0 0.3847972
vt 0.03571429 0.3847972
vt 0.07142857 0.3847972
vt 0.1071429 0.3847972
vt 0.1428571 0.3847972
vt 0.1785714 0.3847972
vt 0.2142857 0.3847972
vt 0.25 0.3847972
vt 0 0.3702894
vt 0.03571429 0.3702894
vt 0.07142857 0.3702894
vt 0.1071429 0.3702894
vt 0.1428571 0.3702894
vt 0.1785714 0.3702894
vt 0.2142857 0.3702894
vt 0.25 0.3702894
vt 0 0.3551472
vt 0.03571429 0.3551472
vt 0.07142857 0.3551472
vt 0.1071429 0.3551472
vt 0.1428571 0.3551472
vt 0.1785714 0.3551472
vt 0.2142857 0.3551472
vt 0.25 0.3551472
vt 0 0.3395292
vt 0.03571429 0.3395292
vt 0.07142857 0.3395292
vt 0.1071429 0.3395292
vt 0.1428571 0.3395292
vt 0.1785714 0.3395292
vt 0.2142857 0.3395292
vt 0.25 0.3395292
vt 0 0.3235939
vt 0.03571429 0.3235939
vt 0.07142857 0.3235939
vt 0.1071429 0.3235939
vt 0.1428571 0.3235939
vt 0.1785714 0.3235939
vt 0.2142857 0.3235939
vt 0.25 0.3235939
vt 0 0.3075
vt 0.03571429 0.3075
vt 0.07142857 0.3075
vt 0.1071429 0.3075
vt 0.1428571 0.3075
vt 0.1785714 0.3075
vt 0.2142857 0.3075
vt 0.25 0.3075
vt 0.2857143 0.3985119
vt 0.3214286 0.3985119
vt 0.3571429 0.3985119
vt 0.3928571 0.3985119
vt 0.4285714 0.3985119
vt 0.4642857 0.3985119
vt 0.2857143 0.3847972
vt 0.3214286 0.3847972
vt 0.3571429 0.3847972
vt 0.3928571 0.3847972
vt 0.4285714 0.3847972
vt 0.4642857 0.3847972
vt 0.2857143 0.3702894
vt 0.3214286 0.3702894
vt 0.3571429 0.3702894
vt 0.3928571 0.3702894
vt 0.4285714 0.3702894
vt 0.4642857 0.3702894
vt 0.5 0.3702894
vt 0.2857143 0.3551472
vt 0.3214286 0.3551472
vt 0.3571429 0.3551472
vt 0.3928571 0.3551472
vt 0.4285714 0.3551472
vt 0.4642857 0.3551472
vt 0.5 0.3551472
vt 0.2857143 0.3395292
vt 0.3214286 0.3395292
vt 0.3571429 0.3395292
vt 0.3928571 0.3395292
vt 0.4285714 0.3395292
vt 0.4642857 0.3395292
vt 0.5 0.3395292
vt 0.2857143 0.3235939
vt 0.3214286 0.3235939
vt 0.3571429 0.3235939
vt 0.3928571 0.3235939
vt 0.4285714 0.3235939
vt 0.4642857 0.3235939
vt 0.5 0.3235939
vt 0.2857143 0.3075
vt 0.3214286 0.3075
vt 0.3571429 0.3075
vt 0.3928571 0.3075
vt 0.4285714 0.3075
vt 0.4642857 0.3075
vt 0.5 0.3075
vt 0.5 0.3713302
vt 0.483794 0.3750655
vt 0.4734623 0.3838388
vt 0.4730435 0.3847972
vt 0.4692049 0.3942281
vt 0.4694227 0.3985119
vt 0.4695762 0.404723
vt 0.75 0.3985119
vt 0.7142857 0.3985119
vt 0.6785715 0.3985119
vt 0.6428571 0.3985119
vt 0.6071429 0.3985119
vt 0.5714285 0.3985119
vt 0.5357143 0.3985119
vt 0.75 0.3847972
vt 0.7142857 0.3847972
vt 0.6785715 0.3847972
vt 0.6428571 0.3847972
vt 0.6071429 0.3847972
vt 0.5714285 0.3847972
vt 0.5357143 0.3847972
vt 0.75 0.3702894
vt 0.7142857 0.3702894
vt 0.6785715 0.3702894
vt 0.6428571 0.3702894
vt 0.6071429 0.3702894
vt 0.5714285 0.3702894
vt 0.5357143 0.3702894
vt 0.75 0.3551472
vt 0.7142857 0.3551472
vt 0.6785715 0.3551472
vt 0.6428571 0.3551472
vt 0.6071429 0.3551472
vt 0.5714285 0.3551472
vt 0.5357143 0.3551472
vt 0.75 0.3395292
vt 0.7142857 0.3395292
vt 0.6785715 0.3395292
vt 0.6428571 0.3395292
vt 0.6071429 0.3395292
vt 0.5714285 0.3395292
vt 0.5357143 0.3395292
vt 0.75 0.3235939
vt 0.7142857 0.3235939
vt 0.6785715 0.3235939
vt 0.6428571 0.3235939
vt 0.6071429 0.3235939
vt 0.5714285 0.3235939
vt 0.5357143 0.3235939
vt 0.75 0.3075
vt 0.7142857 0.3075
vt 0.6785715 0.3075
vt 0.6428571 0.3075
vt 0.6071429 0.3075
vt 0.5714285 0.3075
vt 0.5357143 0.3075
vt 0.516206 0.3750655
vt 0.5265377 0.3838388
vt 0.5269566 0.3847972
vt 0.5307951 0.3942281
vt 0.5305773 0.3985119
vt 0.5304238 0.404723
vt 1 0.3985119
vt 0.9642857 0.3985119
vt 0.9285714 0.3985119
vt 0.8928571 0.3985119
vt 0.8571429 0.3985119
vt 0.8214285 0.3985119
vt 0.7857143 0.3985119
vt 1 0.3847972
vt 0.9642857 0.3847972
vt 0.9285714 0.3847972
vt 0.8928571 0.3847972
vt 0.8571429 0.3847972
vt 0.8214285 0.3847972
vt 0.7857143 0.3847972
vt 1 0.3702894
vt 0.9642857 0.3702894
vt 0.9285714 0.3702894
vt 0.8928571 0.3702894
vt 0.8571429 0.3702894
vt 0.8214285 0.3702894
vt 0.7857143 0.3702894
vt 1 0.3551472
vt 0.9642857 0.3551472
vt 0.9285714 0.3551472
vt 0.8928571 0.3551472
vt 0.8571429 0.3551472
vt 0.8214285 0.3551472
vt 0.7857143 0.3551472
vt 1 0.3395292
vt 0.9642857 0.3395292
vt 0.9285714 0.3395292
vt 0.8928571 0.3395292
vt 0.8571429 0.3395292
vt 0.8214285 0.3395292
vt 0.7857143 0.3395292
vt 1 0.3235939
vt 0.9642857 0.3235939
vt 0.9285714 0.3235939
vt 0.8928571 0.3235939
vt 0.8571429 0.3235939
vt 0.8214285 0.3235939
vt 0.7857143 0.3235939
vt 1 0.3075
vt 0.9642857 0.3075
vt 0.9285714 0.3075
vt 0.8928571 0.3075
vt 0.8571429 0.3075
vt 0.8214285 0.3075
vt 0.7857143 0.3075
vt 0 0.3004469
vt 0.03571429 0.3004469
vt 0.07142857 0.3004469
vt 0.1071429 0.3004469
vt 0.1428571 0.3004469
vt 0.1785714 0.3004469
vt 0.2142857 0.3004469
vt 0.25 0.3004469
vt 0 0.2937026
vt 0.03571429 0.2937026
vt 0.07142857 0.2937026
vt 0.1071429 0.2937026
vt 0.1428571 0.2937026
vt 0.1785714 0.2937026
vt 0.2142857 0.2937026
vt 0.25 0.2937026
vt 0 0.2874231
vt 0.03571429 0.2874231
vt 0.07142857 0.2874231
vt 0.1071429 0.2874231
vt 0.1428571 0.2874231
vt 0.1785714 0.2874231
vt 0.2142857 0.2874231
vt 0.25 0.2874231
vt 0 0.2817645
vt 0.03571429 0.2817645
vt 0.07142857 0.2817645
vt 0.1071429 0.2817645
vt 0.1428571 0.2817645
vt 0.1785714 0.2817645
vt 0.2142857 0.2817645
vt 0.25 0.2817645
vt 0 0.2768829
vt 0.03571429 0.2768829
vt 0.07142857 0.2768829
vt 0.1071429 0.2768829
vt 0.1428571 0.2768829
vt 0.1785714 0.2768829
vt 0.2142857 0.2768829
vt 0.25 0.2768829
vt 0 0.2729343
vt 0.03571429 0.2729343
vt 0.07142857 0.2729343
vt 0.1071429 0.2729343
vt 0.1428571 0.2729343
vt 0.1785714 0.2729343
vt 0.2142857 0.2729343
vt 0.25 0.2729343
vt 0 0.270075
vt 0.03571429 0.270075
vt 0.07142857 0.270075
vt 0.1071429 0.270075
vt 0.1428571 0.270075
vt 0.1785714 0.270075
vt 0.2142857 0.270075
vt 0.25 0.270075
vt 0.2857143 0.3004469
vt 0.3214286 0.3004469
vt 0.3571429 0.3004469
vt 0.3928571 0.3004469
vt 0.4285714 0.3004469
vt 0.4642857 0.3004469
vt 0.5 0.3004469
vt 0.2857143 0.2937026
vt 0.3214286 0.2937026
vt 0.3571429 0.2937026
vt 0.3928571 0.2937026
vt 0.4285714 0.2937026
vt 0.4642857 0.2937026
vt 0.5 0.2937026
vt 0.2857143 0.2874231
vt 0.3214286 0.2874231
vt 0.3571429 0.2874231
vt 0.3928571 0.2874231
vt 0.4285714 0.2874231
vt 0.4642857 0.2874231
vt 0.5 0.2874231
vt 0.2857143 0.2817645
vt 0.3214286 0.2817645
vt 0.3571429 0.2817645
vt 0.3928571 0.2817645
vt 0.4285714 0.2817645
vt 0.4642857 0.2817645
vt 0.5 0.2817645
vt 0.2857143 0.2768829
vt 0.3214286 0.2768829
vt 0.3571429 0.2768829
vt 0.3928571 0.2768829
vt 0.4285714 0.2768829
vt 0.4642857 0.2768829
vt 0.5 0.2768829
vt 0.2857143 0.2729343
vt 0.3214286 0.2729343
vt 0.3571429 0.2729343
vt 0.3928571 0.2729343
vt 0.4285714 0.2729343
vt 0.4642857 0.2729343
vt 0.5 0.2729343
vt 0.2857143 0.270075
vt 0.3214286 0.270075
vt 0.3571429 0.270075
vt 0.3928571 0.270075
vt 0.4285714 0.270075
vt 0.4642857 0.270075
vt 0.5 0.270075
vt 0.75 0.3004469
vt 0.7142857 0.3004469
vt 0.6785715 0.3004469
vt 0.6428571 0.3004469
vt 0.6071429 0.3004469
vt 0.5714285 0.3004469
vt 0.5357143 0.3004469
vt 0.75 0.2937026
vt 0.7142857 0.2937026
vt 0.6785715 0.2937026
vt 0.6428571 0.2937026
vt 0.6071429 0.2937026
vt 0.5714285 0.2937026
vt 0.5357143 0.2937026
vt 0.75 0.2874231
vt 0.7142857 0.2874231
vt 0.6785715 0.2874231
vt 0.6428571 0.2874231
vt 0.6071429 0.2874231
vt 0.5714285 0.2874231
vt 0.5357143 0.2874231
vt 0.75 0.2817645
vt 0.7142857 0.2817645
vt 0.6785715 0.2817645
vt 0.6428571 0.2817645
vt 0.6071429 0.2817645
vt 0.5714285 0.2817645
vt 0.5357143 0.2817645
vt 0.75 0.2768829
vt 0.7142857 0.2768829
vt 0.6785715 0.2768829
vt 0.6428571 0.2768829
vt 0.6071429 0.2768829
vt 0.5714285 0.2768829
vt 0.5357143 0.2768829
vt 0.75 0.2729343
vt 0.7142857 0.2729343
vt 0.6785715 0.2729343
vt 0.6428571 0.2729343
vt 0.6071429 0.2729343
vt 0.5714285 0.2729343
vt 0.5357143 0.2729343
vt 0.75 0.270075
vt 0.7142857 0.270075
vt 0.6785715 0.270075
vt 0.6428571 0.270075
vt 0.6071429 0.270075
vt 0.5714285 0.270075
vt 0.5357143 0.270075
vt 1 0.3004469
vt 0.9642857 0.3004469
vt 0.9285714 0.3004469
vt 0.8928571 0.3004469
vt 0.8571429 0.3004469
vt 0.8214285 0.3004469
vt 0.7857143 0.3004469
vt 1 0.2937026
vt 0.9642857 0.2937026
vt 0.9285714 0.2937026
vt 0.8928571 0.2937026
vt 0.8571429 0.2937026
vt 0.8214285 0.2937026
vt 0.7857143 0.2937026
vt 1 0.2874231
vt 0.9642857 0.2874231
vt 0.9285714 0.2874231
vt 0.8928571 0.2874231
vt 0.8571429 0.2874231
vt 0.8214285 0.2874231
vt 0.7857143 0.2874231
vt 1 0.2817645
vt 0.9642857 0.2817645
vt 0.9285714 0.2817645
vt 0.8928571 0.2817645
vt 0.8571429 0.2817645
vt 0.8214285 0.2817645
vt 0.7857143 0.2817645
vt 1 0.2768829
vt 0.9642857 0.2768829
vt 0.9285714 0.2768829
vt 0.8928571 0.2768829
vt 0.8571429 0.2768829
vt 0.8214285 0.2768829
vt 0.7857143 0.2768829
vt 1 0.2729343
vt 0.9642857 0.2729343
vt 0.9285714 0.2729343
vt 0.8928571 0.2729343
vt 0.8571429 0.2729343
vt 0.8214285 0.2729343
vt 0.7857143 0.2729343
vt 1 0.270075
vt 0.9642857 0.270075
vt 0.9285714 0.270075
vt 0.8928571 0.270075
vt 0.8571429 0.270075
vt 0.8214285 0.270075
vt 0.7857143 0.270075
vt 0 0.2675332
vt 0.03571429 0.2675332
vt 0.07142857 0.2675332
vt 0.1071429 0.2675332
vt 0.1428571 0.2675332
vt 0.1785714 0.2675332
vt 0.2142857 0.2675332
vt 0.25 0.2675332
vt 0 0.2648409
vt 0.03571429 0.2648409
vt 0.07142857 0.2648409
vt 0.1071429 0.2648409
vt 0.1428571 0.2648409
vt 0.1785714 0.2648409
vt 0.2142857 0.2648409
vt 0.25 0.2648409
vt 0 0.2620232
vt 0.03571429 0.2620232
vt 0.07142857 0.2620232
vt 0.1071429 0.2620232
vt 0.1428571 0.2620232
vt 0.1785714 0.2620232
vt 0.2142857 0.2620232
vt 0.25 0.2620232
vt 0 0.2591052
vt 0.03571429 0.2591052
vt 0.07142857 0.2591052
vt 0.1071429 0.2591052
vt 0.1428571 0.2591052
vt 0.1785714 0.2591052
vt 0.2142857 0.2591052
vt 0.25 0.2591052
vt 0 0.2561119
vt 0.03571429 0.2561119
vt 0.07142857 0.2561119
vt 0.1071429 0.2561119
vt 0.1428571 0.2561119
vt 0.1785714 0.2561119
vt 0.2142857 0.2561119
vt 0.25 0.2561119
vt 0 0.2530685
vt 0.03571429 0.2530685
vt 0.07142857 0.2530685
vt 0.1071429 0.2530685
vt 0.1428571 0.2530685
vt 0.1785714 0.2530685
vt 0.2142857 0.2530685
vt 0.25 0.2530685
vt 0.2857143 0.2675332
vt 0.3214286 0.2675332
vt 0.3571429 0.2675332
vt 0.3928571 0.2675332
vt 0.4285714 0.2675332
vt 0.4642857 0.2675332
vt 0.5 0.2675332
vt 0.2857143 0.2648409
vt 0.3214286 0.2648409
vt 0.3571429 0.2648409
vt 0.3928571 0.2648409
vt 0.4285714 0.2648409
vt 0.4642857 0.2648409
vt 0.5 0.2648409
vt 0.2857143 0.2620232
vt 0.3214286 0.2620232
vt 0.3571429 0.2620232
vt 0.3928571 0.2620232
vt 0.4285714 0.2620232
vt 0.4642857 0.2620232
vt 0.5 0.2620232
vt 0.2857143 0.2591052
vt 0.3214286 0.2591052
vt 0.3571429 0.2591052
vt 0.3928571 0.2591052
vt 0.4285714 0.2591052
vt 0.4642857 0.2591052
vt 0.5 0.2591052
vt 0.2857143 0.2561119
vt 0.3214286 0.2561119
vt 0.3571429 0.2561119
vt 0.3928571 0.2561119
vt 0.4285714 0.2561119
vt 0.4642857 0.2561119
vt 0.5 0.2561119
vt 0.2857143 0.2530685
vt 0.3214286 0.2530685
vt 0.3571429 0.2530685
vt 0.3928571 0.2530685
vt 0.4285714 0.2530685
vt 0.4642857 0.2530685
vt 0.5 0.2530685
vt 0.75 0.2675332
vt 0.7142857 0.2675332
vt 0.6785715 0.2675332
vt 0.6428571 0.2675332
vt 0.6071429 0.2675332
vt 0.5714285 0.2675332
vt 0.5357143 0.2675332
vt 0.75 0.2648409
vt 0.7142857 0.2648409
vt 0.6785715 0.2648409
vt 0.6428571 0.2648409
vt 0.6071429 0.2648409
vt 0.5714285 0.2648409
vt 0.5357143 0.2648409
vt 0.75 0.2620232
vt 0.7142857 0.2620232
vt 0.6785715 0.2620232
vt 0.6428571 0.2620232
vt 0.6071429 0.2620232
vt 0.5714285 0.2620232
vt 0.5357143 0.2620232
vt 0.75 0.2591052
vt 0.7142857 0.2591052
vt 0.6785715 0.2591052
vt 0.6428571 0.2591052
vt 0.6071429 0.2591052
vt 0.5714285 0.2591052
vt 0.5357143 0.2591052
vt 0.75 0.2561119
vt 0.7142857 0.2561119
vt 0.6785715 0.2561119
vt 0.6428571 0.2561119
vt 0.6071429 0.2561119
vt 0.5714285 0.2561119
vt 0.5357143 0.2561119
vt 0.75 0.2530685
vt 0.7142857 0.2530685
vt 0.6785715 0.2530685
vt 0.6428571 0.2530685
vt 0.6071429 0.2530685
vt 0.5714285 0.2530685
vt 0.5357143 0.2530685
vt 1 0.2675332
vt 0.9642857 0.2675332
vt 0.9285714 0.2675332
vt 0.8928571 0.2675332
vt 0.8571429 0.2675332
vt 0.8214285 0.2675332
vt 0.7857143 0.2675332
vt 1 0.2648409
vt 0.9642857 0.2648409
vt 0.9285714 0.2648409
vt 0.8928571 0.2648409
vt 0.8571429 0.2648409
vt 0.8214285 0.2648409
vt 0.7857143 0.2648409
vt 1 0.2620232
vt 0.9642857 0.2620232
vt 0.9285714 0.2620232
vt 0.8928571 0.2620232
vt 0.8571429 0.2620232
vt 0.8214285 0.2620232
vt 0.7857143 0.2620232
vt 1 0.2591052
vt 0.9642857 0.2591052
vt 0.9285714 0.2591052
vt 0.8928571 0.2591052
vt 0.8571429 0.2591052
vt 0.8214285 0.2591052
vt 0.7857143 0.2591052
vt 1 0.2561119
vt 0.9642857 0.2561119
vt 0.9285714 0.2561119
vt 0.8928571 0.2561119
vt 0.8571429 0.2561119
vt 0.8214285 0.2561119
vt 0.7857143 0.2561119
vt 1 0.2530685
vt 0.9642857 0.2530685
vt 0.9285714 0.2530685
vt 0.8928571 0.2530685
vt 0.8571429 0.2530685
vt 0.8214285 0.2530685
vt 0.7857143 0.2530685
vt 0.625 0.9921875
vt 0.6510767 0.9892493
vt 0.6758457 0.9805823
vt 0.6980652 0.9666209
vt 0.7166209 0.9480652
vt 0.7305823 0.9258457
vt 0.7392493 0.9010767
vt 0.7421875 0.875
vt 0.625 0.9879456
vt 0.6501328 0.9851138
vt 0.6740053 0.9767604
vt 0.6954204 0.9633044
vt 0.7133044 0.9454204
vt 0.7267604 0.9240052
vt 0.7351138 0.9001327
vt 0.7379456 0.875
vt 0.625 0.9840526
vt 0.6492665 0.9813184
vt 0.6723161 0.973253
vt 0.6929932 0.9602607
vt 0.7102607 0.9429932
vt 0.723253 0.9223161
vt 0.7313184 0.8992665
vt 0.7340526 0.875
vt 0.625 0.9805368
vt 0.6484842 0.9778908
vt 0.6707907 0.9700854
vt 0.6908011 0.957512
vt 0.707512 0.9408011
vt 0.7200854 0.9207907
vt 0.7278908 0.8984841
vt 0.7305368 0.875
vt 0.625 0.9774266
vt 0.6477921 0.9748586
vt 0.6694413 0.9672832
vt 0.688862 0.9550804
vt 0.7050804 0.938862
vt 0.7172832 0.9194412
vt 0.7248586 0.897792
vt 0.7274266 0.875
vt 0.625 0.9747503
vt 0.6471965 0.9722494
vt 0.6682801 0.9648719
vt 0.6871933 0.9529879
vt 0.7029879 0.9371933
vt 0.7148719 0.91828
vt 0.7222494 0.8971965
vt 0.7247503 0.875
vt 0.625 0.9725361
vt 0.6467038 0.9700907
vt 0.6673194 0.962877
vt 0.6858128 0.9512568
vt 0.7012569 0.9358128
vt 0.712877 0.9173194
vt 0.7200907 0.8967038
vt 0.7225361 0.875
vt 0.625 0.9708125
vt 0.6463203 0.9684103
vt 0.6665715 0.9613241
vt 0.6847382 0.9499092
vt 0.6999092 0.9347381
vt 0.7113241 0.9165715
vt 0.7184103 0.8963203
vt 0.7208125 0.875
vt 0.7392493 0.8489233
vt 0.7305823 0.8241543
vt 0.7166209 0.8019348
vt 0.6980652 0.7833791
vt 0.6758457 0.7694177
vt 0.6510766 0.7607507
vt 0.625 0.7578125
vt 0.7351138 0.8498672
vt 0.7267604 0.8259947
vt 0.7133044 0.8045796
vt 0.6954204 0.7866956
vt 0.6740052 0.7732395
vt 0.6501327 0.7648862
vt 0.625 0.7620544
vt 0.7313184 0.8507335
vt 0.723253 0.8276838
vt 0.7102607 0.8070068
vt 0.6929932 0.7897393
vt 0.6723161 0.776747
vt 0.6492664 0.7686816
vt 0.625 0.7659475
vt 0.7278908 0.8515158
vt 0.7200854 0.8292093
vt 0.707512 0.8091989
vt 0.6908011 0.792488
vt 0.6707907 0.7799146
vt 0.6484841 0.7721092
vt 0.625 0.7694632
vt 0.7248586 0.8522079
vt 0.7172832 0.8305587
vt 0.7050804 0.811138
vt 0.688862 0.7949196
vt 0.6694412 0.7827168
vt 0.647792 0.7751414
vt 0.625 0.7725734
vt 0.7222494 0.8528035
vt 0.7148719 0.8317199
vt 0.7029879 0.8128067
vt 0.6871933 0.797012
vt 0.66828 0.7851281
vt 0.6471965 0.7777506
vt 0.625 0.7752497
vt 0.7200907 0.8532962
vt 0.712877 0.8326806
vt 0.7012568 0.8141872
vt 0.6858128 0.7987431
vt 0.6673193 0.787123
vt 0.6467038 0.7799093
vt 0.625 0.7774638
vt 0.7184103 0.8536797
vt 0.7113241 0.8334285
vt 0.6999092 0.8152618
vt 0.6847381 0.8000908
vt 0.6665714 0.7886759
vt 0.6463202 0.7815897
vt 0.625 0.7791875
vt 0.5078125 0.875
vt 0.5107507 0.8489233
vt 0.5194177 0.8241543
vt 0.5333791 0.8019348
vt 0.5519348 0.7833791
vt 0.5741543 0.7694177
vt 0.5989234 0.7607507
vt 0.5120544 0.875
vt 0.5148862 0.8498672
vt 0.5232396 0.8259947
vt 0.5366956 0.8045796
vt 0.5545796 0.7866956
vt 0.5759948 0.7732395
vt 0.5998673 0.7648862
vt 0.5159474 0.875
vt 0.5186816 0.8507335
vt 0.526747 0.8276838
vt 0.5397393 0.8070068
vt 0.5570068 0.7897393
vt 0.5776839 0.776747
vt 0.6007336 0.7686816
vt 0.5194632 0.875
vt 0.5221092 0.8515158
vt 0.5299146 0.8292093
vt 0.542488 0.8091989
vt 0.5591989 0.792488
vt 0.5792093 0.7799146
vt 0.6015159 0.7721092
vt 0.5225734 0.875
vt 0.5251414 0.8522079
vt 0.5327168 0.8305587
vt 0.5449196 0.811138
vt 0.561138 0.7949196
vt 0.5805588 0.7827168
vt 0.602208 0.7751414
vt 0.5252497 0.875
vt 0.5277506 0.8528035
vt 0.5351281 0.8317199
vt 0.5470121 0.8128067
vt 0.5628067 0.797012
vt 0.58172 0.7851281
vt 0.6028035 0.7777506
vt 0.5274639 0.875
vt 0.5299093 0.8532962
vt 0.537123 0.8326806
vt 0.5487432 0.8141872
vt 0.5641872 0.7987431
vt 0.5826807 0.787123
vt 0.6032962 0.7799093
vt 0.5291875 0.875
vt 0.5315897 0.8536797
vt 0.5386759 0.8334285
vt 0.5500908 0.8152618
vt 0.5652619 0.8000908
vt 0.5834286 0.7886759
vt 0.6036798 0.7815897
vt 0.5989233 0.9892493
vt 0.5741543 0.9805823
vt 0.5519348 0.9666209
vt 0.5333791 0.9480652
vt 0.5194177 0.9258457
vt 0.5107507 0.9010767
vt 0.5998672 0.9851138
vt 0.5759947 0.9767604
vt 0.5545796 0.9633044
vt 0.5366956 0.9454204
vt 0.5232396 0.9240052
vt 0.5148862 0.9001327
vt 0.6007335 0.9813184
vt 0.5776839 0.973253
vt 0.5570068 0.9602607
vt 0.5397393 0.9429932
vt 0.526747 0.9223161
vt 0.5186816 0.8992665
vt 0.6015158 0.9778908
vt 0.5792093 0.9700854
vt 0.5591989 0.957512
vt 0.542488 0.9408011
vt 0.5299146 0.9207907
vt 0.5221092 0.8984841
vt 0.6022079 0.9748586
vt 0.5805587 0.9672832
vt 0.561138 0.9550804
vt 0.5449196 0.938862
vt 0.5327168 0.9194412
vt 0.5251414 0.897792
vt 0.6028035 0.9722494
vt 0.5817199 0.9648719
vt 0.5628067 0.9529879
vt 0.5470121 0.9371933
vt 0.5351281 0.91828
vt 0.5277506 0.8971965
vt 0.6032962 0.9700907
vt 0.5826806 0.962877
vt 0.5641872 0.9512568
vt 0.5487431 0.9358128
vt 0.537123 0.9173194
vt 0.5299093 0.8967038
vt 0.6036797 0.9684103
vt 0.5834285 0.9613241
vt 0.5652618 0.9499092
vt 0.5500908 0.9347381
vt 0.5386759 0.9165715
vt 0.5315897 0.8963203
vt 0.625 0.9690681
vt 0.6459321 0.9667096
vt 0.6658146 0.9597524
vt 0.6836505 0.9485453
vt 0.6985453 0.9336505
vt 0.7097524 0.9158146
vt 0.7167096 0.8959321
vt 0.7190681 0.875
vt 0.625 0.9667652
vt 0.6454197 0.9644644
vt 0.6648154 0.9576776
vt 0.6822147 0.9467449
vt 0.6967449 0.9322147
vt 0.7076776 0.9148154
vt 0.7144645 0.8954197
vt 0.7167652 0.875
vt 0.625 0.9638674
vt 0.6447749 0.9616393
vt 0.6635581 0.9550667
vt 0.6804079 0.9444793
vt 0.6944793 0.9304079
vt 0.7050667 0.9135581
vt 0.7116393 0.8947748
vt 0.7138674 0.875
vt 0.625 0.9603379
vt 0.6439895 0.9581983
vt 0.6620268 0.9518868
vt 0.6782073 0.9417198
vt 0.6917199 0.9282073
vt 0.7018868 0.9120267
vt 0.7081983 0.8939894
vt 0.7103379 0.875
vt 0.625 0.9561402
vt 0.6430554 0.9541059
vt 0.6602054 0.9481048
vt 0.6755901 0.9384379
vt 0.688438 0.9255901
vt 0.6981048 0.9102054
vt 0.7041059 0.8930554
vt 0.7061402 0.875
vt 0.625 0.9512377
vt 0.6419645 0.9493263
vt 0.6580783 0.9436878
vt 0.6725335 0.934605
vt 0.6846051 0.9225334
vt 0.6936878 0.9080783
vt 0.6993263 0.8919644
vt 0.7012377 0.875
vt 0.625 0.9455938
vt 0.6407086 0.9438238
vt 0.6556295 0.9386027
vt 0.6690145 0.9301924
vt 0.6801924 0.9190145
vt 0.6886028 0.9056295
vt 0.6938238 0.8907086
vt 0.6955938 0.875
vt 0.7167096 0.8540679
vt 0.7097524 0.8341854
vt 0.6985453 0.8163495
vt 0.6836504 0.8014547
vt 0.6658146 0.7902476
vt 0.6459321 0.7832904
vt 0.625 0.7809319
vt 0.7144644 0.8545803
vt 0.7076776 0.8351846
vt 0.6967449 0.8177853
vt 0.6822147 0.8032551
vt 0.6648154 0.7923224
vt 0.6454197 0.7855356
vt 0.625 0.7832348
vt 0.7116393 0.8552251
vt 0.7050667 0.8364419
vt 0.6944793 0.8195921
vt 0.6804079 0.8055207
vt 0.6635581 0.7949333
vt 0.6447748 0.7883607
vt 0.625 0.7861326
vt 0.7081983 0.8560106
vt 0.7018868 0.8379732
vt 0.6917198 0.8217927
vt 0.6782073 0.8082801
vt 0.6620267 0.7981132
vt 0.6439894 0.7918017
vt 0.625 0.7896621
vt 0.7041059 0.8569446
vt 0.6981048 0.8397946
vt 0.6884379 0.8244099
vt 0.6755901 0.811562
vt 0.6602054 0.8018951
vt 0.6430554 0.7958941
vt 0.625 0.7938598
vt 0.6993263 0.8580355
vt 0.6936878 0.8419217
vt 0.684605 0.8274665
vt 0.6725334 0.8153949
vt 0.6580783 0.8063122
vt 0.6419644 0.8006737
vt 0.625 0.7987623
vt 0.6938238 0.8592914
vt 0.6886027 0.8443705
vt 0.6801924 0.8309855
vt 0.6690145 0.8198076
vt 0.6556295 0.8113972
vt 0.6407086 0.8061762
vt 0.625 0.8044063
vt 0.5309319 0.875
vt 0.5332904 0.8540679
vt 0.5402476 0.8341854
vt 0.5514547 0.8163495
vt 0.5663496 0.8014547
vt 0.5841854 0.7902476
vt 0.6040679 0.7832904
vt 0.5332348 0.875
vt 0.5355356 0.8545803
vt 0.5423224 0.8351846
vt 0.5532551 0.8177853
vt 0.5677853 0.8032551
vt 0.5851846 0.7923224
vt 0.6045803 0.7855356
vt 0.5361326 0.875
vt 0.5383607 0.8552251
vt 0.5449333 0.8364419
vt 0.5555207 0.8195921
vt 0.5695921 0.8055207
vt 0.5864419 0.7949333
vt 0.6052252 0.7883607
vt 0.5396621 0.875
vt 0.5418017 0.8560106
vt 0.5481132 0.8379732
vt 0.5582802 0.8217927
vt 0.5717927 0.8082801
vt 0.5879733 0.7981132
vt 0.6060106 0.7918017
vt 0.5438598 0.875
vt 0.5458941 0.8569446
vt 0.5518952 0.8397946
vt 0.5615621 0.8244099
vt 0.5744099 0.811562
vt 0.5897946 0.8018951
vt 0.6069446 0.7958941
vt 0.5487623 0.875
vt 0.5506737 0.8580355
vt 0.5563122 0.8419217
vt 0.565395 0.8274665
vt 0.5774666 0.8153949
vt 0.5919217 0.8063122
vt 0.6080356 0.8006737
vt 0.5544062 0.875
vt 0.5561762 0.8592914
vt 0.5613973 0.8443705
vt 0.5698076 0.8309855
vt 0.5809855 0.8198076
vt 0.5943705 0.8113972
vt 0.6092914 0.8061762
vt 0.6040679 0.9667096
vt 0.5841854 0.9597524
vt 0.5663495 0.9485453
vt 0.5514547 0.9336505
vt 0.5402476 0.9158146
vt 0.5332904 0.8959321
vt 0.6045803 0.9644644
vt 0.5851846 0.9576776
vt 0.5677853 0.9467449
vt 0.5532551 0.9322147
vt 0.5423224 0.9148154
vt 0.5355355 0.8954197
vt 0.6052251 0.9616393
vt 0.5864419 0.9550667
vt 0.5695921 0.9444793
vt 0.5555207 0.9304079
vt 0.5449333 0.9135581
vt 0.5383607 0.8947748
vt 0.6060105 0.9581983
vt 0.5879732 0.9518868
vt 0.5717927 0.9417198
vt 0.5582801 0.9282073
vt 0.5481132 0.9120267
vt 0.5418017 0.8939894
vt 0.6069446 0.9541059
vt 0.5897946 0.9481048
vt 0.5744099 0.9384379
vt 0.561562 0.9255901
vt 0.5518952 0.9102054
vt 0.5458941 0.8930554
vt 0.6080355 0.9493263
vt 0.5919217 0.9436878
vt 0.5774665 0.934605
vt 0.5653949 0.9225334
vt 0.5563122 0.9080783
vt 0.5506737 0.8919644
vt 0.6092914 0.9438238
vt 0.5943705 0.9386027
vt 0.5809855 0.9301924
vt 0.5698076 0.9190145
vt 0.5613972 0.9056295
vt 0.5561762 0.8907086
vt 0.625 0.9387111
vt 0.6391771 0.9371138
vt 0.6526432 0.9324018
vt 0.6647232 0.9248114
vt 0.6748114 0.9147232
vt 0.6824017 0.9026432
vt 0.6871138 0.889177
vt 0.6887111 0.875
vt 0.625 0.9308315
vt 0.6374237 0.9294317
vt 0.6492244 0.9253024
vt 0.6598104 0.9186508
vt 0.6686508 0.9098104
vt 0.6753024 0.8992244
vt 0.6794317 0.8874236
vt 0.6808315 0.875
vt 0.625 0.9219127
vt 0.635439 0.9207364
vt 0.6453546 0.9172668
vt 0.6542495 0.9116778
vt 0.6616778 0.9042495
vt 0.6672668 0.8953546
vt 0.6707364 0.885439
vt 0.6719127 0.875
vt 0.625 0.9119123
vt 0.6332138 0.9109868
vt 0.6410156 0.9082569
vt 0.6480145 0.9038592
vt 0.6538592 0.8980144
vt 0.6582568 0.8910156
vt 0.6609868 0.8832138
vt 0.6619123 0.875
vt 0.625 0.9007882
vt 0.6307384 0.9001417
vt 0.6361891 0.8982344
vt 0.6410787 0.8951621
vt 0.6451621 0.8910787
vt 0.6482344 0.8861891
vt 0.6501417 0.8807384
vt 0.6507882 0.875
vt 0.625 0.8884982
vt 0.6280037 0.8881598
vt 0.6308567 0.8871615
vt 0.633416 0.8855534
vt 0.6355534 0.883416
vt 0.6371615 0.8808566
vt 0.6381598 0.8780037
vt 0.6384982 0.875
vt 0.625 0.875
vt 0.6871138 0.8608229
vt 0.6824017 0.8473568
vt 0.6748114 0.8352767
vt 0.6647232 0.8251886
vt 0.6526432 0.8175982
vt 0.639177 0.8128862
vt 0.625 0.8112889
vt 0.6794317 0.8625763
vt 0.6753024 0.8507756
vt 0.6686508 0.8401896
vt 0.6598104 0.8313491
vt 0.6492243 0.8246976
vt 0.6374236 0.8205683
vt 0.625 0.8191685
vt 0.6707364 0.864561
vt 0.6672668 0.8546454
vt 0.6616778 0.8457505
vt 0.6542495 0.8383222
vt 0.6453546 0.8327332
vt 0.635439 0.8292636
vt 0.625 0.8280873
vt 0.6609868 0.8667862
vt 0.6582568 0.8589844
vt 0.6538592 0.8519856
vt 0.6480144 0.8461408
vt 0.6410156 0.8417431
vt 0.6332138 0.8390132
vt 0.625 0.8380877
vt 0.6501417 0.8692616
vt 0.6482344 0.8638109
vt 0.645162 0.8589213
vt 0.6410787 0.8548379
vt 0.6361891 0.8517656
vt 0.6307384 0.8498583
vt 0.625 0.8492118
vt 0.6381598 0.8719963
vt 0.6371615 0.8691433
vt 0.6355534 0.866584
vt 0.633416 0.8644466
vt 0.6308567 0.8628385
vt 0.6280037 0.8618402
vt 0.625 0.8615018
vt 0.5612889 0.875
vt 0.5628862 0.8608229
vt 0.5675983 0.8473568
vt 0.5751886 0.8352767
vt 0.5852768 0.8251886
vt 0.5973568 0.8175982
vt 0.610823 0.8128862
vt 0.5691685 0.875
vt 0.5705683 0.8625763
vt 0.5746976 0.8507756
vt 0.5813492 0.8401896
vt 0.5901896 0.8313491
vt 0.6007757 0.8246976
vt 0.6125764 0.8205683
vt 0.5780873 0.875
vt 0.5792636 0.864561
vt 0.5827332 0.8546454
vt 0.5883222 0.8457505
vt 0.5957505 0.8383222
vt 0.6046454 0.8327332
vt 0.614561 0.8292636
vt 0.5880877 0.875
vt 0.5890132 0.8667862
vt 0.5917432 0.8589844
vt 0.5961408 0.8519856
vt 0.6019856 0.8461408
vt 0.6089844 0.8417431
vt 0.6167862 0.8390132
vt 0.5992118 0.875
vt 0.5998583 0.8692616
vt 0.6017656 0.8638109
vt 0.604838 0.8589213
vt 0.6089213 0.8548379
vt 0.6138109 0.8517656
vt 0.6192616 0.8498583
vt 0.6115018 0.875
vt 0.6118402 0.8719963
vt 0.6128385 0.8691433
vt 0.6144466 0.866584
vt 0.616584 0.8644466
vt 0.6191433 0.8628385
vt 0.6219963 0.8618402
vt 0.6108229 0.9371138
vt 0.5973568 0.9324018
vt 0.5852768 0.9248114
vt 0.5751886 0.9147232
vt 0.5675983 0.9026432
vt 0.5628862 0.889177
vt 0.6125763 0.9294317
vt 0.6007756 0.9253024
vt 0.5901896 0.9186508
vt 0.5813492 0.9098104
vt 0.5746976 0.8992244
vt 0.5705683 0.8874236
vt 0.614561 0.9207364
vt 0.6046454 0.9172668
vt 0.5957505 0.9116778
vt 0.5883222 0.9042495
vt 0.5827332 0.8953546
vt 0.5792636 0.885439
vt 0.6167862 0.9109868
vt 0.6089844 0.9082569
vt 0.6019855 0.9038592
vt 0.5961408 0.8980144
vt 0.5917432 0.8910156
vt 0.5890132 0.8832138
vt 0.6192616 0.9001417
vt 0.6138109 0.8982344
vt 0.6089213 0.8951621
vt 0.6048379 0.8910787
vt 0.6017656 0.8861891
vt 0.5998583 0.8807384
vt 0.6219963 0.8881598
vt 0.6191433 0.8871615
vt 0.616584 0.8855534
vt 0.6144466 0.883416
vt 0.6128385 0.8808566
vt 0.6118402 0.8780037
s 0
f 2/2/2 1/1/1 9/9/9
f 9/9/9 10/10/10 2/2/2
f 3/3/3 2/2/2 10/10/10
f 10/10/10 11/11/11 3/3/3
f 4/4/4 3/3/3 11/11/11
f 11/11/11 12/12/12 4/4/4
f 5/5/5 4/4/4 12/12/12
f 12/12/12 13/13/13 5/5/5
f 6/6/6 5/5/5 13/13/13
f 13/13/13 14/14/14 6/6/6
f 7/7/7 6/6/6 14/14/14
f 14/14/14 15/15/15 7/7/7
f 8/8/8 7/7/7 15/15/15
f 15/15/15 16/16/16 8/8/8
f 10/10/10 9/9/9 17/17/17
f 17/17/17 18/18/18 10/10/10
f 11/11/11 10/10/10 18/18/18
f 18/18/18 19/19/19 11/11/11
f 12/12/12 11/11/11 19/19/19
f 19/19/19 20/20/20 12/12/12
f 13/13/13 12/12/12 20/20/20
f 20/20/20 21/21/21 13/13/13
f 14/14/14 13/13/13 21/21/21
f 21/21/21 22/22/22 14/14/14
f 15/15/15 14/14/14 22/22/22
f 22/22/22 23/23/23 15/15/15
f 16/16/16 15/15/15 23/23/23
f 23/23/23 24/24/24 16/16/16
f 18/18/18 17/17/17 25/25/25
f 25/25/25 26/26/26 18/18/18
f 19/19/19 18/18/18 26/26/26
f 26/26/26 27/27/27 19/19/19
f 20/20/20 19/19/19 27/27/27
f 27/27/27 28/28/28 20/20/20
f 21/21/21 20/20/20 28/28/28
f 28/28/28 29/29/29 21/21/21
f 22/22/22 21/21/21 29/29/29
f 29/29/29 30/30/30 22/22/22
f 23/23/23 22/22/22 30/30/30
f 30/30/30 31/31/31 23/23/23
f 24/24/24 23/23/23 31/31/31
f 31/31/31 32/32/32 24/24/24
f 26/26/26 25/25/25 33/33/33
f 33/33/33 34/34/34 26/26/26
f 27/27/27 26/26/26 34/34/34
f 34/34/34 35/35/35 27/27/27
f 28/28/28 27/27/27 35/35/35
f 35/35/35 36/36/36 28/28/28
f 29/29/29 28/28/28 36/36/36
f 36/36/36 37/37/37 29/29/29
f 30/30/30 29/29/29 37/37/37
f 37/37/37 38/38/38 30/30/30
f 31/31/31 30/30/30 38/38/38
f 38/38/38 39/39/39 31/31/31
f 32/32/32 31/31/31 39/39/39
f 39/39/39 40/40/40 32/32/32
f 34/34/34 33/33/33 41/41/41
f 41/41/41 42/42/42 34/34/34
f 35/35/35 34/34/34 42/42/42
f 42/42/42 43/43/43 35/35/35
f 36/36/36 35/35/35 43/43/43
f 43/43/43 44/44/44 36/36/36
f 37/37/37 36/36/36 44/44/44
f 44/44/44 45/45/45 37/37/37
f 38/38/38 37/37/37 45/45/45
f 45/45/45 46/46/46 38/38/38
f 39/39/39 38/38/38 46/46/46
f 46/46/46 47/47/47 39/39/39
f 40/40/40 39/39/39 47/47/47
f 47/47/47 48/48/48 40/40/40
f 42/42/42 41/41/41 49/49/49
f 49/49/49 50/50/50 42/42/42
f 43/43/43 42/42/42 50/50/50
f 50/50/50 51/51/51 43/43/43
f 44/44/44 43/43/43 51/51/51
f 51/51/51 52/52/52 44/44/44
f 45/45/45 44/44/44 52/52/52
f 52/52/52 53/53/53 45/45/45
f 46/46/46 45/45/45 53/53/53
f 53/53/53 54/54/54 46/46/46
f 47/47/47 46/46/46 54/54/54
f 54/54/54 55/55/55 47/47/47
f 48/48/48 47/47/47 55/55/55
f 55/55/55 56/56/56 48/48/48
f 57/57/57 2/2/2 58/58/58
f 57/57/57 1/1/1 2/2/2
f 59/59/59 58/58/58 2/2/2
f 59/59/59 2/2/2 3/3/3
f 60/60/60 59/59/59 3/3/3
f 60/60/60 3/3/3 4/4/4
f 61/61/61 60/60/60 4/4/4
f 62/62/62 61/61/61 4/4/4
f 62/62/62 4/4/4 5/5/5
f 63/63/63 62/62/62 5/5/5
f 63/63/63 5/5/5 6/6/6
f 64/64/64 63/63/63 6/6/6
f 64/64/64 6/6/6 7/7/7
f 65/65/65 64/64/64 7/7/7
f 66/66/66 65/65/65 7/7/7
f 66/66/66 7/7/7 8/8/8
f 57/57/57 58/58/58 69/69/69
f 69/69/69 67/67/67 57/57/57
f 67/67/67 69/69/69 70/70/70
f 70/70/70 68/68/68 67/67/67
f 58/58/58 59/59/59 71/71/71
f 71/71/71 69/69/69 58/58/58
f 69/69/69 71/71/71 72/72/72
f 72/72/72 70/70/70 69/69/69
f 59/59/59 60/60/60 73/73/73
f 73/73/73 71/71/71 59/59/59
f 71/71/71 73/73/73 74/74/74
f 74/74/74 72/72/72 71/71/71
f 60/60/60 61/61/61 75/75/75
f 75/75/75 73/73/73 60/60/60
f 73/73/73 75/75/75 76/76/76
f 76/76/76 74/74/74 73/73/73
f 61/61/61 62/62/62 77/77/77
f 77/77/77 75/75/75 61/61/61
f 75/75/75 77/77/77 78/78/78
f 78/78/78 76/76/76 75/75/75
f 62/62/62 63/63/63 79/79/79
f 79/79/79 77/77/77 62/62/62
f 77/77/77 79/79/79 80/80/80
f 80/80/80 78/78/78 77/77/77
f 63/63/63 64/64/64 81/81/81
f 81/81/81 79/79/79 63/63/63
f 79/79/79 81/81/81 82/82/82
f 82/82/82 80/80/80 79/79/79
f 64/64/64 65/65/65 83/83/83
f 83/83/83 81/81/81 64/64/64
f 81/81/81 83/83/83 84/84/84
f 84/84/84 82/82/82 81/81/81
f 65/65/65 66/66/66 85/85/85
f 85/85/85 83/83/83 65/65/65
f 83/83/83 85/85/85 86/86/86
f 86/86/86 84/84/84 83/83/83
f 9/9/9 1/1/1 87/87/87
f 87/87/87 93/94/93 9/9/9
f 93/94/93 87/87/87 88/88/88
f 88/88/88 94/95/94 93/94/93
f 94/95/94 88/88/88 89/89/89
f 89/89/89 95/96/95 94/95/94
f 95/96/95 89/89/89 90/90/90
f 90/90/90 96/97/96 95/96/95
f 96/97/96 90/90/90 91/91/91
f 91/91/91 97/98/97 96/97/96
f 97/98/97 91/91/91 92/92/92
f 92/92/92 98/99/98 97/98/97
f 98/99/98 92/92/92 8/93/8
f 8/93/8 16/100/16 98/99/98
f 17/17/17 9/9/9 93/94/93
f 93/94/93 99/101/99 17/17/17
f 99/101/99 93/94/93 94/95/94
f 94/95/94 100/102/100 99/101/99
f 100/102/100 94/95/94 95/96/95
f 95/96/95 101/103/101 100/102/100
f 101/103/101 95/96/95 96/97/96
f 96/97/96 102/104/102 101/103/101
f 102/104/102 96/97/96 97/98/97
f 97/98/97 103/105/103 102/104/102
f 103/105/103 97/98/97 98/99/98
f 98/99/98 104/106/104 103/105/103
f 104/106/104 98/99/98 16/100/16
f 16/100/16 24/107/24 104/106/104
f 25/25/25 17/17/17 99/101/99
f 99/101/99 105/108/105 25/25/25
f 105/108/105 99/101/99 100/102/100
f 100/102/100 106/109/106 105/108/105
f 106/109/106 100/102/100 101/103/101
f 101/103/101 107/110/107 106/109/106
f 107/110/107 101/103/101 102/104/102
f 102/104/102 108/111/108 107/110/107
f 108/111/108 102/104/102 103/105/103
f 103/105/103 109/112/109 108/111/108
f 109/112/109 103/105/103 104/106/104
f 104/106/104 110/113/110 109/112/109
f 110/113/110 104/106/104 24/107/24
f 24/107/24 32/114/32 110/113/110
f 33/33/33 25/25/25 105/108/105
f 105/108/105 111/115/111 33/33/33
f 111/115/111 105/108/105 106/109/106
f 106/109/106 112/116/112 111/115/111
f 112/116/112 106/109/106 107/110/107
f 107/110/107 113/117/113 112/116/112
f 113/117/113 107/110/107 108/111/108
f 108/111/108 114/118/114 113/117/113
f 114/118/114 108/111/108 109/112/109
f 109/112/109 115/119/115 114/118/114
f 115/119/115 109/112/109 110/113/110
f 110/113/110 116/120/116 115/119/115
f 116/120/116 110/113/110 32/114/32
f 32/114/32 40/121/40 116/120/116
f 41/41/41 33/33/33 111/115/111
f 111/115/111 117/122/117 41/41/41
f 117/122/117 111/115/111 112/116/112
f 112/116/112 118/123/118 117/122/117
f 118/123/118 112/116/112 113/117/113
f 113/117/113 119/124/119 118/123/118
f 119/124/119 113/117/113 114/118/114
f 114/118/114 120/125/120 119/124/119
f 120/125/120 114/118/114 115/119/115
f 115/119/115 121/126/121 120/125/120
f 121/126/121 115/119/115 116/120/116
f 116/120/116 122/127/122 121/126/121
f 122/127/122 116/120/116 40/121/40
f 40/121/40 48/128/48 122/127/122
f 49/49/49 41/41/41 117/122/117
f 117/122/117 123/129/123 49/49/49
f 123/129/123 117/122/117 118/123/118
f 118/123/118 124/130/124 123/129/123
f 124/130/124 118/123/118 119/124/119
f 119/124/119 125/131/125 124/130/124
f 125/131/125 119/124/119 120/125/120
f 120/125/120 126/132/126 125/131/125
f 126/132/126 120/125/120 121/126/121
f 121/126/121 127/133/127 126/132/126
f 127/133/127 121/126/121 122/127/122
f 122/127/122 128/134/128 127/133/127
f 128/134/128 122/127/122 48/128/48
f 48/128/48 56/135/56 128/134/128
f 87/87/87 57/57/57 129/136/129
f 1/1/1 57/57/57 87/87/87
f 129/136/129 130/137/130 87/87/87
f 87/87/87 130/137/130 88/88/88
f 130/137/130 131/138/131 88/88/88
f 88/88/88 131/138/131 89/89/89
f 131/138/131 132/139/132 89/89/89
f 132/139/132 133/140/133 89/89/89
f 89/89/89 133/140/133 90/90/90
f 133/140/133 134/141/134 90/90/90
f 90/90/90 134/141/134 91/91/91
f 134/141/134 135/142/135 91/91/91
f 91/91/91 135/142/135 92/92/92
f 135/142/135 136/143/136 92/92/92
f 136/143/136 66/144/66 92/92/92
f 92/92/92 66/144/66 8/93/8
f 137/145/137 129/136/129 57/57/57
f 57/57/57 67/67/67 137/145/137
f 138/146/138 137/145/137 67/67/67
f 67/67/67 68/68/68 138/146/138
f 139/147/139 130/137/130 129/136/129
f 129/136/129 137/145/137 139/147/139
f 140/148/140 139/147/139 137/145/137
f 137/145/137 138/146/138 140/148/140
f 141/149/141 131/138/131 130/137/130
f 130/137/130 139/147/139 141/149/141
f 142/150/142 141/149/141 139/147/139
f 139/147/139 140/148/140 142/150/142
f 143/151/143 132/139/132 131/138/131
f 131/138/131 141/149/141 143/151/143
f 144/152/144 143/151/143 141/149/141
f 141/149/141 142/150/142 144/152/144
f 145/153/145 133/140/133 132/139/132
f 132/139/132 143/151/143 145/153/145
f 146/154/146 145/153/145 143/151/143
f 143/151/143 144/152/144 146/154/146
f 147/155/147 134/141/134 133/140/133
f 133/140/133 145/153/145 147/155/147
f 148/156/148 147/155/147 145/153/145
f 145/153/145 146/154/146 148/156/148
f 149/157/149 135/142/135 134/141/134
f 134/141/134 147/155/147 149/157/149
f 150/158/150 149/157/149 147/155/147
f 147/155/147 148/156/148 150/158/150
f 151/159/151 136/143/136 135/142/135
f 135/142/135 149/157/149 151/159/151
f 152/160/152 151/159/151 149/157/149
f 149/157/149 150/158/150 152/160/152
f 85/161/85 66/144/66 136/143/136
f 136/143/136 151/159/151 85/161/85
f 86/162/86 85/161/85 151/159/151
f 151/159/151 152/160/152 86/162/86
f 50/50/50 49/49/49 153/163/153
f 153/163/153 154/164/154 50/50/50
f 51/51/51 50/50/50 154/164/154
f 154/164/154 155/165/155 51/51/51
f 52/52/52 51/51/51 155/165/155
f 155/165/155 156/166/156 52/52/52
f 53/53/53 52/52/52 156/166/156
f 156/166/156 157/167/157 53/53/53
f 54/54/54 53/53/53 157/167/157
f 157/167/157 158/168/158 54/54/54
f 55/55/55 54/54/54 158/168/158
f 158/168/158 159/169/159 55/55/55
f 56/56/56 55/55/55 159/169/159
f 159/169/159 160/170/160 56/56/56
f 154/164/154 153/163/153 161/171/161
f 161/171/161 162/172/162 154/164/154
f 155/165/155 154/164/154 162/172/162
f 162/172/162 163/173/163 155/165/155
f 156/166/156 155/165/155 163/173/163
f 163/173/163 164/174/164 156/166/156
f 157/167/157 156/166/156 164/174/164
f 164/174/164 165/175/165 157/167/157
f 158/168/158 157/167/157 165/175/165
f 165/175/165 166/176/166 158/168/158
f 159/169/159 158/168/158 166/176/166
f 166/176/166 167/177/167 159/169/159
f 160/170/160 159/169/159 167/177/167
f 167/177/167 168/178/168 160/170/160
f 162/172/162 161/171/161 169/179/169
f 169/179/169 170/180/170 162/172/162
f 163/173/163 162/172/162 170/180/170
f 170/180/170 171/181/171 163/173/163
f 164/174/164 163/173/163 171/181/171
f 171/181/171 172/182/172 164/174/164
f 165/175/165 164/174/164 172/182/172
f 172/182/172 173/183/173 165/175/165
f 166/176/166 165/175/165 173/183/173
f 173/183/173 174/184/174 166/176/166
f 167/177/167 166/176/166 174/184/174
f 174/184/174 175/185/175 167/177/167
f 168/178/168 167/177/167 175/185/175
f 175/185/175 176/186/176 168/178/168
f 170/180/170 169/179/169 177/187/177
f 177/187/177 178/188/178 170/180/170
f 171/181/171 170/180/170 178/188/178
f 178/188/178 179/189/179 171/181/171
f 172/182/172 171/181/171 179/189/179
f 179/189/179 180/190/180 172/182/172
f 173/183/173 172/182/172 180/190/180
f 180/190/180 181/191/181 173/183/173
f 174/184/174 173/183/173 181/191/181
f 181/191/181 182/192/182 174/184/174
f 175/185/175 174/184/174 182/192/182
f 182/192/182 183/193/183 175/185/175
f 176/186/176 175/185/175 183/193/183
f 183/193/183 184/194/184 176/186/176
f 178/188/178 177/187/177 185/195/185
f 185/195/185 186/196/186 178/188/178
f 179/189/179 178/188/178 186/196/186
f 186/196/186 187/197/187 179/189/179
f 180/190/180 179/189/179 187/197/187
f 187/197/187 188/198/188 180/190/180
f 181/191/181 180/190/180 188/198/188
f 188/198/188 189/199/189 181/191/181
f 182/192/182 181/191/181 189/199/189
f 189/199/189 190/200/190 182/192/182
f 183/193/183 182/192/182 190/200/190
f 190/200/190 191/201/191 183/193/183
f 184/194/184 183/193/183 191/201/191
f 191/201/191 192/202/192 184/194/184
f 186/196/186 185/195/185 193/203/193
f 193/203/193 194/204/194 186/196/186
f 187/197/187 186/196/186 194/204/194
f 194/204/194 195/205/195 187/197/187
f 188/198/188 187/197/187 195/205/195
f 195/205/195 196/206/196 188/198/188
f 189/199/189 188/198/188 196/206/196
f 196/206/196 197/207/197 189/199/189
f 190/200/190 189/199/189 197/207/197
f 197/207/197 198/208/198 190/200/190
f 191/201/191 190/200/190 198/208/198
f 198/208/198 199/209/199 191/201/191
f 192/202/192 191/201/191 199/209/199
f 199/209/199 200/210/200 192/202/192
f 201/211/201 199/209/199 202/212/202
f 201/211/201 200/210/200 199/209/199
f 202/212/202 198/208/198 203/213/203
f 202/212/202 199/209/199 198/208/198
f 203/213/203 197/207/197 204/214/204
f 203/213/203 198/208/198 197/207/197
f 204/214/204 197/207/197 205/215/205
f 205/215/205 196/206/196 206/216/206
f 205/215/205 197/207/197 196/206/196
f 206/216/206 195/205/195 207/217/207
f 206/216/206 196/206/196 195/205/195
f 207/217/207 195/205/195 208/218/208
f 208/218/208 194/204/194 209/219/209
f 208/218/208 195/205/195 194/204/194
f 210/220/210 209/219/209 194/204/194
f 210/220/210 194/204/194 193/203/193
f 201/211/201 202/212/202 213/223/213
f 213/223/213 211/221/211 201/211/201
f 211/221/211 213/223/213 214/224/214
f 214/224/214 212/222/212 211/221/211
f 202/212/202 203/213/203 215/225/215
f 215/225/215 213/223/213 202/212/202
f 213/223/213 215/225/215 216/226/216
f 216/226/216 214/224/214 213/223/213
f 203/213/203 204/214/204 217/227/217
f 217/227/217 215/225/215 203/213/203
f 215/225/215 217/227/217 218/228/218
f 218/228/218 216/226/216 215/225/215
f 204/214/204 205/215/205 219/229/219
f 219/229/219 217/227/217 204/214/204
f 217/227/217 219/229/219 220/230/220
f 220/230/220 218/228/218 217/227/217
f 205/215/205 206/216/206 221/231/221
f 221/231/221 219/229/219 205/215/205
f 219/229/219 221/231/221 222/232/222
f 222/232/222 220/230/220 219/229/219
f 206/216/206 207/217/207 223/233/223
f 223/233/223 221/231/221 206/216/206
f 221/231/221 223/233/223 224/234/224
f 224/234/224 222/232/222 221/231/221
f 207/217/207 208/218/208 225/235/225
f 225/235/225 223/233/223 207/217/207
f 223/233/223 225/235/225 226/236/226
f 226/236/226 224/234/224 223/233/223
f 208/218/208 209/219/209 227/237/227
f 227/237/227 225/235/225 208/218/208
f 225/235/225 227/237/227 228/238/228
f 228/238/228 226/236/226 225/235/225
f 209/219/209 210/220/210 229/239/229
f 229/239/229 227/237/227 209/219/209
f 227/237/227 229/239/229 230/240/230
f 230/240/230 228/238/228 227/237/227
f 153/163/153 49/49/49 123/129/123
f 123/129/123 231/241/231 153/163/153
f 231/241/231 123/129/123 124/130/124
f 124/130/124 232/242/232 231/241/231
f 232/242/232 124/130/124 125/131/125
f 125/131/125 233/243/233 232/242/232
f 233/243/233 125/131/125 126/132/126
f 126/132/126 234/244/234 233/243/233
f 234/244/234 126/132/126 127/133/127
f 127/133/127 235/245/235 234/244/234
f 235/245/235 127/133/127 128/134/128
f 128/134/128 236/246/236 235/245/235
f 236/246/236 128/134/128 56/135/56
f 56/135/56 160/247/160 236/246/236
f 161/171/161 153/163/153 231/241/231
f 231/241/231 237/248/237 161/171/161
f 237/248/237 231/241/231 232/242/232
f 232/242/232 238/249/238 237/248/237
f 238/249/238 232/242/232 233/243/233
f 233/243/233 239/250/239 238/249/238
f 239/250/239 233/243/233 234/244/234
f 234/244/234 240/251/240 239/250/239
f 240/251/240 234/244/234 235/245/235
f 235/245/235 241/252/241 240/251/240
f 241/252/241 235/245/235 236/246/236
f 236/246/236 242/253/242 241/252/241
f 242/253/242 236/246/236 160/247/160
f 160/247/160 168/254/168 242/253/242
f 169/179/169 161/171/161 237/248/237
f 237/248/237 243/255/243 169/179/169
f 243/255/243 237/248/237 238/249/238
f 238/249/238 244/256/244 243/255/243
f 244/256/244 238/249/238 239/250/239
f 239/250/239 245/257/245 244/256/244
f 245/257/245 239/250/239 240/251/240
f 240/251/240 246/258/246 245/257/245
f 246/258/246 240/251/240 241/252/241
f 241/252/241 247/259/247 246/258/246
f 247/259/247 241/252/241 242/253/242
f 242/253/242 248/260/248 247/259/247
f 248/260/248 242/253/242 168/254/168
f 168/254/168 176/261/176 248/260/248
f 177/187/177 169/179/169 243/255/243
f 243/255/243 249/262/249 177/187/177
f 249/262/249 243/255/243 244/256/244
f 244/256/244 250/263/250 249/262/249
f 250/263/250 244/256/244 245/257/245
f 245/257/245 251/264/251 250/263/250
f 251/264/251 245/257/245 246/258/246
f 246/258/246 252/265/252 251/264/251
f 252/265/252 246/258/246 247/259/247
f 247/259/247 253/266/253 252/265/252
f 253/266/253 247/259/247 248/260/248
f 248/260/248 254/267/254 253/266/253
f 254/267/254 248/260/248 176/261/176
f 176/261/176 184/268/184 254/267/254
f 185/195/185 177/187/177 249/262/249
f 249/262/249 255/269/255 185/195/185
f 255/269/255 249/262/249 250/263/250
f 250/263/250 256/270/256 255/269/255
f 256/270/256 250/263/250 251/264/251
f 251/264/251 257/271/257 256/270/256
f 257/271/257 251/264/251 252/265/252
f 252/265/252 258/272/258 257/271/257
f 258/272/258 252/265/252 253/266/253
f 253/266/253 259/273/259 258/272/258
f 259/273/259 253/266/253 254/267/254
f 254/267/254 260/274/260 259/273/259
f 260/274/260 254/267/254 184/268/184
f 184/268/184 192/275/192 260/274/260
f 193/203/193 185/195/185 255/269/255
f 255/269/255 261/276/261 193/203/193
f 261/276/261 255/269/255 256/270/256
f 256/270/256 262/277/262 261/276/261
f 262/277/262 256/270/256 257/271/257
f 257/271/257 263/278/263 262/277/262
f 263/278/263 257/271/257 258/272/258
f 258/272/258 264/279/264 263/278/263
f 264/279/264 258/272/258 259/273/259
f 259/273/259 265/280/265 264/279/264
f 265/280/265 259/273/259 260/274/260
f 260/274/260 266/281/266 265/280/265
f 266/281/266 260/274/260 192/275/192
f 192/275/192 200/282/200 266/281/266
f 266/281/266 201/283/201 267/284/267
f 200/282/200 201/283/201 266/281/266
f 265/280/265 267/284/267 268/285/268
f 266/281/266 267/284/267 265/280/265
f 264/279/264 268/285/268 269/286/269
f 265/280/265 268/285/268 264/279/264
f 264/279/264 269/286/269 270/287/270
f 263/278/263 270/287/270 271/288/271
f 264/279/264 270/287/270 263/278/263
f 262/277/262 271/288/271 272/289/272
f 263/278/263 271/288/271 262/277/262
f 262/277/262 272/289/272 273/290/273
f 261/276/261 273/290/273 274/291/274
f 262/277/262 273/290/273 261/276/261
f 274/291/274 210/220/210 261/276/261
f 261/276/261 210/220/210 193/203/193
f 275/294/275 267/284/267 201/283/201
f 201/283/201 211/292/211 275/294/275
f 276/295/276 275/294/275 211/292/211
f 211/292/211 212/293/212 276/295/276
f 277/296/277 268/285/268 267/284/267
f 267/284/267 275/294/275 277/296/277
f 278/297/278 277/296/277 275/294/275
f 275/294/275 276/295/276 278/297/278
f 279/298/279 269/286/269 268/285/268
f 268/285/268 277/296/277 279/298/279
f 280/299/280 279/298/279 277/296/277
f 277/296/277 278/297/278 280/299/280
f 281/300/281 270/287/270 269/286/269
f 269/286/269 279/298/279 281/300/281
f 282/301/282 281/300/281 279/298/279
f 279/298/279 280/299/280 282/301/282
f 283/302/283 271/288/271 270/287/270
f 270/287/270 281/300/281 283/302/283
f 284/303/284 283/302/283 281/300/281
f 281/300/281 282/301/282 284/303/284
f 285/304/285 272/289/272 271/288/271
f 271/288/271 283/302/283 285/304/285
f 286/305/286 285/304/285 283/302/283
f 283/302/283 284/303/284 286/305/286
f 287/306/287 273/290/273 272/289/272
f 272/289/272 285/304/285 287/306/287
f 288/307/288 287/306/287 285/304/285
f 285/304/285 286/305/286 288/307/288
f 289/308/289 274/291/274 273/290/273
f 273/290/273 287/306/287 289/308/289
f 290/309/290 289/308/289 287/306/287
f 287/306/287 288/307/288 290/309/290
f 229/239/229 210/220/210 274/291/274
f 274/291/274 289/308/289 229/239/229
f 230/240/230 229/239/229 289/308/289
f 289/308/289 290/309/290 230/240/230
f 292/311/292 291/310/291 299/318/299
f 299/318/299 300/319/300 292/311/292
f 293/312/293 292/311/292 300/319/300
f 300/319/300 301/320/301 293/312/293
f 294/313/294 293/312/293 301/320/301
f 301/320/301 302/321/302 294/313/294
f 295/314/295 294/313/294 302/321/302
f 302/321/302 303/322/303 295/314/295
f 296/315/296 295/314/295 303/322/303
f 303/322/303 304/323/304 296/315/296
f 297/316/297 296/315/296 304/323/304
f 304/323/304 305/324/305 297/316/297
f 298/317/298 297/316/297 305/324/305
f 305/324/305 306/325/306 298/317/298
f 300/319/300 299/318/299 307/326/307
f 307/326/307 308/327/308 300/319/300
f 301/320/301 300/319/300 308/327/308
f 308/327/308 309/328/309 301/320/301
f 302/321/302 301/320/301 309/328/309
f 309/328/309 310/329/310 302/321/302
f 303/322/303 302/321/302 310/329/310
f 310/329/310 311/330/311 303/322/303
f 304/323/304 303/322/303 311/330/311
f 311/330/311 312/331/312 304/323/304
f 305/324/305 304/323/304 312/331/312
f 312/331/312 313/332/313 305/324/305
f 306/325/306 305/324/305 313/332/313
f 313/332/313 314/333/314 306/325/306
f 308/327/308 307/326/307 315/334/315
f 315/334/315 316/335/316 308/327/308
f 309/328/309 308/327/308 316/335/316
f 316/335/316 317/336/317 309/328/309
f 310/329/310 309/328/309 317/336/317
f 317/336/317 318/337/318 310/329/310
f 311/330/311 310/329/310 318/337/318
f 318/337/318 319/338/319 311/330/311
f 312/331/312 311/330/311 319/338/319
f 319/338/319 320/339/320 312/331/312
f 313/332/313 312/331/312 320/339/320
f 320/339/320 321/340/321 313/332/313
f 314/333/314 313/332/313 321/340/321
f 321/340/321 322/341/322 314/333/314
f 316/335/316 315/334/315 323/342/323
f 323/342/323 324/343/324 316/335/316
f 317/336/317 316/335/316 324/343/324
f 324/343/324 325/344/325 317/336/317
f 318/337/318 317/336/317 325/344/325
f 325/344/325 326/345/326 318/337/318
f 319/338/319 318/337/318 326/345/326
f 326/345/326 327/346/327 319/338/319
f 320/339/320 319/338/319 327/346/327
f 327/346/327 328/347/328 320/339/320
f 321/340/321 320/339/320 328/347/328
f 328/347/328 329/348/329 321/340/321
f 322/341/322 321/340/321 329/348/329
f 329/348/329 330/349/330 322/341/322
f 324/343/324 323/342/323 331/350/331
f 331/350/331 332/351/332 324/343/324
f 325/344/325 324/343/324 332/351/332
f 332/351/332 333/352/333 325/344/325
f 326/345/326 325/344/325 333/352/333
f 333/352/333 334/353/334 326/345/326
f 327/346/327 326/345/326 334/353/334
f 334/353/334 335/354/335 327/346/327
f 328/347/328 327/346/327 335/354/335
f 335/354/335 336/355/336 328/347/328
f 329/348/329 328/347/328 336/355/336
f 336/355/336 337/356/337 329/348/329
f 330/349/330 329/348/329 337/356/337
f 337/356/337 338/357/338 330/349/330
f 332/351/332 331/350/331 339/358/339
f 339/358/339 340/359/340 332/351/332
f 333/352/333 332/351/332 340/359/340
f 340/359/340 341/360/341 333/352/333
f 334/353/334 333/352/333 341/360/341
f 341/360/341 342/361/342 334/353/334
f 335/354/335 334/353/334 342/361/342
f 342/361/342 343/362/343 335/354/335
f 336/355/336 335/354/335 343/362/343
f 343/362/343 344/363/344 336/355/336
f 337/356/337 336/355/336 344/363/344
f 344/363/344 345/364/345 337/356/337
f 338/357/338 337/356/337 345/364/345
f 345/364/345 346/365/346 338/357/338
f 340/359/340 339/358/339 347/366/347
f 347/366/347 348/367/348 340/359/340
f 341/360/341 340/359/340 348/367/348
f 348/367/348 349/368/349 341/360/341
f 342/361/342 341/360/341 349/368/349
f 349/368/349 350/369/350 342/361/342
f 343/362/343 342/361/342 350/369/350
f 350/369/350 351/370/351 343/362/343
f 344/363/344 343/362/343 351/370/351
f 351/370/351 352/371/352 344/363/344
f 345/364/345 344/363/344 352/371/352
f 352/371/352 353/372/353 345/364/345
f 346/365/346 345/364/345 353/372/353
f 353/372/353 354/373/354 346/365/346
f 299/381/299 291/374/291 355/375/355
f 355/375/355 361/382/361 299/381/299
f 361/382/361 355/375/355 356/376/356
f 356/376/356 362/383/362 361/382/361
f 362/383/362 356/376/356 357/377/357
f 357/377/357 363/384/363 362/383/362
f 363/384/363 357/377/357 358/378/358
f 358/378/358 364/385/364 363/384/363
f 364/385/364 358/378/358 359/379/359
f 359/379/359 365/386/365 364/385/364
f 365/386/365 359/379/359 360/380/360
f 360/380/360 366/387/366 365/386/365
f 366/387/366 360/380/360 298/317/298
f 298/317/298 306/325/306 366/387/366
f 307/388/307 299/381/299 361/382/361
f 361/382/361 367/389/367 307/388/307
f 367/389/367 361/382/361 362/383/362
f 362/383/362 368/390/368 367/389/367
f 368/390/368 362/383/362 363/384/363
f 363/384/363 369/391/369 368/390/368
f 369/391/369 363/384/363 364/385/364
f 364/385/364 370/392/370 369/391/369
f 370/392/370 364/385/364 365/386/365
f 365/386/365 371/393/371 370/392/370
f 371/393/371 365/386/365 366/387/366
f 366/387/366 372/394/372 371/393/371
f 372/394/372 366/387/366 306/325/306
f 306/325/306 314/333/314 372/394/372
f 315/395/315 307/388/307 367/389/367
f 367/389/367 373/396/373 315/395/315
f 373/396/373 367/389/367 368/390/368
f 368/390/368 374/397/374 373/396/373
f 374/397/374 368/390/368 369/391/369
f 369/391/369 375/398/375 374/397/374
f 375/398/375 369/391/369 370/392/370
f 370/392/370 376/399/376 375/398/375
f 376/399/376 370/392/370 371/393/371
f 371/393/371 377/400/377 376/399/376
f 377/400/377 371/393/371 372/394/372
f 372/394/372 378/401/378 377/400/377
f 378/401/378 372/394/372 314/333/314
f 314/333/314 322/341/322 378/401/378
f 323/402/323 315/395/315 373/396/373
f 373/396/373 379/403/379 323/402/323
f 379/403/379 373/396/373 374/397/374
f 374/397/374 380/404/380 379/403/379
f 380/404/380 374/397/374 375/398/375
f 375/398/375 381/405/381 380/404/380
f 381/405/381 375/398/375 376/399/376
f 376/399/376 382/406/382 381/405/381
f 382/406/382 376/399/376 377/400/377
f 377/400/377 383/407/383 382/406/382
f 383/407/383 377/400/377 378/401/378
f 378/401/378 384/408/384 383/407/383
f 384/408/384 378/401/378 322/341/322
f 322/341/322 330/349/330 384/408/384
f 331/409/331 323/402/323 379/403/379
f 379/403/379 385/410/385 331/409/331
f 385/410/385 379/403/379 380/404/380
f 380/404/380 386/411/386 385/410/385
f 386/411/386 380/404/380 381/405/381
f 381/405/381 387/412/387 386/411/386
f 387/412/387 381/405/381 382/406/382
f 382/406/382 388/413/388 387/412/387
f 388/413/388 382/406/382 383/407/383
f 383/407/383 389/414/389 388/413/388
f 389/414/389 383/407/383 384/408/384
f 384/408/384 390/415/390 389/414/389
f 390/415/390 384/408/384 330/349/330
f 330/349/330 338/357/338 390/415/390
f 339/416/339 331/409/331 385/410/385
f 385/410/385 391/417/391 339/416/339
f 391/417/391 385/410/385 386/411/386
f 386/411/386 392/418/392 391/417/391
f 392/418/392 386/411/386 387/412/387
f 387/412/387 393/419/393 392/418/392
f 393/419/393 387/412/387 388/413/388
f 388/413/388 394/420/394 393/419/393
f 394/420/394 388/413/388 389/414/389
f 389/414/389 395/421/395 394/420/394
f 395/421/395 389/414/389 390/415/390
f 390/415/390 396/422/396 395/421/395
f 396/422/396 390/415/390 338/357/338
f 338/357/338 346/365/346 396/422/396
f 347/423/347 339/416/339 391/417/391
f 391/417/391 397/424/397 347/423/347
f 397/424/397 391/417/391 392/418/392
f 392/418/392 398/425/398 397/424/397
f 398/425/398 392/418/392 393/419/393
f 393/419/393 399/426/399 398/425/398
f 399/426/399 393/419/393 394/420/394
f 394/420/394 400/427/400 399/426/399
f 400/427/400 394/420/394 395/421/395
f 395/421/395 401/428/401 400/427/400
f 401/428/401 395/421/395 396/422/396
f 396/422/396 402/429/402 401/428/401
f 402/429/402 396/422/396 346/365/346
f 346/365/346 354/373/354 402/429/402
f 348/367/348 347/366/347 403/430/403
f 403/430/403 404/431/404 348/367/348
f 349/368/349 348/367/348 404/431/404
f 404/431/404 405/432/405 349/368/349
f 350/369/350 349/368/349 405/432/405
f 405/432/405 406/433/406 350/369/350
f 351/370/351 350/369/350 406/433/406
f 406/433/406 407/434/407 351/370/351
f 352/371/352 351/370/351 407/434/407
f 407/434/407 408/435/408 352/371/352
f 353/372/353 352/371/352 408/435/408
f 408/435/408 409/436/409 353/372/353
f 354/373/354 353/372/353 409/436/409
f 409/436/409 410/437/410 354/373/354
f 404/431/404 403/430/403 411/438/411
f 411/438/411 412/439/412 404/431/404
f 405/432/405 404/431/404 412/439/412
f 412/439/412 413/440/413 405/432/405
f 406/433/406 405/432/405 413/440/413
f 413/440/413 414/441/414 406/433/406
f 407/434/407 406/433/406 414/441/414
f 414/441/414 415/442/415 407/434/407
f 408/435/408 407/434/407 415/442/415
f 415/442/415 416/443/416 408/435/408
f 409/436/409 408/435/408 416/443/416
f 416/443/416 417/444/417 409/436/409
f 410/437/410 409/436/409 417/444/417
f 417/444/417 418/445/418 410/437/410
f 412/439/412 411/438/411 419/446/419
f 419/446/419 420/447/420 412/439/412
f 413/440/413 412/439/412 420/447/420
f 420/447/420 421/448/421 413/440/413
f 414/441/414 413/440/413 421/448/421
f 421/448/421 422/449/422 414/441/414
f 415/442/415 414/441/414 422/449/422
f 422/449/422 423/450/423 415/442/415
f 416/443/416 415/442/415 423/450/423
f 423/450/423 424/451/424 416/443/416
f 417/444/417 416/443/416 424/451/424
f 424/451/424 425/452/425 417/444/417
f 418/445/418 417/444/417 425/452/425
f 425/452/425 426/453/426 418/445/418
f 420/447/420 419/446/419 427/454/427
f 427/454/427 428/455/428 420/447/420
f 421/448/421 420/447/420 428/455/428
f 428/455/428 429/456/429 421/448/421
f 422/449/422 421/448/421 429/456/429
f 429/456/429 430/457/430 422/449/422
f 423/450/423 422/449/422 430/457/430
f 430/457/430 431/458/431 423/450/423
f 424/451/424 423/450/423 431/458/431
f 431/458/431 432/459/432 424/451/424
f 425/452/425 424/451/424 432/459/432
f 432/459/432 433/460/433 425/452/425
f 426/453/426 425/452/425 433/460/433
f 433/460/433 434/461/434 426/453/426
f 428/455/428 427/454/427 435/462/435
f 435/462/435 436/463/436 428/455/428
f 429/456/429 428/455/428 436/463/436
f 436/463/436 437/464/437 429/456/429
f 430/457/430 429/456/429 437/464/437
f 437/464/437 438/465/438 430/457/430
f 431/458/431 430/457/430 438/465/438
f 438/465/438 439/466/439 431/458/431
f 432/459/432 431/458/431 439/466/439
f 439/466/439 440/467/440 432/459/432
f 433/460/433 432/459/432 440/467/440
f 440/467/440 441/468/441 433/460/433
f 434/461/434 433/460/433 441/468/441
f 441/468/441 442/469/442 434/461/434
f 436/463/436 435/462/435 443/470/443
f 443/470/443 444/471/444 436/463/436
f 437/464/437 436/463/436 444/471/444
f 444/471/444 445/472/445 437/464/437
f 438/465/438 437/464/437 445/472/445
f 445/472/445 446/473/446 438/465/438
f 439/466/439 438/465/438 446/473/446
f 446/473/446 447/474/447 439/466/439
f 440/467/440 439/466/439 447/474/447
f 447/474/447 448/475/448 440/467/440
f 441/468/441 440/467/440 448/475/448
f 448/475/448 449/476/449 441/468/441
f 442/469/442 441/468/441 449/476/449
f 449/476/449 450/477/450 442/469/442
f 452/479/452 443/470/443 451/478/451
f 452/479/452 444/471/444 443/470/443
f 453/480/453 444/471/444 452/479/452
f 454/481/454 444/471/444 453/480/453
f 454/481/454 445/472/445 444/471/444
f 455/482/455 445/472/445 454/481/454
f 456/483/456 445/472/445 455/482/455
f 456/483/456 446/473/446 445/472/445
f 457/484/457 446/473/446 456/483/456
f 458/485/458 446/473/446 457/484/457
f 458/485/458 447/474/447 446/473/446
f 459/486/459 447/474/447 458/485/458
f 460/487/460 447/474/447 459/486/459
f 460/487/460 448/475/448 447/474/447
f 461/488/461 448/475/448 460/487/460
f 462/489/462 448/475/448 461/488/461
f 462/489/462 449/476/449 448/475/448
f 463/490/463 449/476/449 462/489/462
f 463/490/463 464/491/464 449/476/449
f 464/491/464 465/492/465 450/477/450
f 464/491/464 450/477/450 449/476/449
f 452/479/452 451/478/451 466/493/466
f 466/493/466 468/495/468 452/479/452
f 468/495/468 466/493/466 467/494/467
f 467/494/467 469/496/469 468/495/468
f 453/480/453 452/479/452 468/495/468
f 468/495/468 470/497/470 453/480/453
f 470/497/470 468/495/468 469/496/469
f 469/496/469 471/498/471 470/497/470
f 454/481/454 453/480/453 470/497/470
f 470/497/470 472/499/472 454/481/454
f 472/499/472 470/497/470 471/498/471
f 471/498/471 473/500/473 472/499/472
f 455/482/455 454/481/454 472/499/472
f 472/499/472 474/501/474 455/482/455
f 474/501/474 472/499/472 473/500/473
f 473/500/473 475/502/475 474/501/474
f 456/483/456 455/482/455 474/501/474
f 474/501/474 476/503/476 456/483/456
f 476/503/476 474/501/474 475/502/475
f 475/502/475 477/504/477 476/503/476
f 457/484/457 456/483/456 476/503/476
f 476/503/476 478/505/478 457/484/457
f 478/505/478 476/503/476 477/504/477
f 477/504/477 479/506/479 478/505/478
f 458/485/458 457/484/457 478/505/478
f 478/505/478 480/507/480 458/485/458
f 480/507/480 478/505/478 479/506/479
f 479/506/479 481/508/481 480/507/480
f 459/486/459 458/485/458 480/507/480
f 480/507/480 482/509/482 459/486/459
f 482/509/482 480/507/480 481/508/481
f 481/508/481 483/510/483 482/509/482
f 460/487/460 459/486/459 482/509/482
f 482/509/482 484/511/484 460/487/460
f 484/511/484 482/509/482 483/510/483
f 483/510/483 485/512/485 484/511/484
f 461/488/461 460/487/460 484/511/484
f 484/511/484 486/513/486 461/488/461
f 486/513/486 484/511/484 485/512/485
f 485/512/485 487/514/487 486/513/486
f 462/489/462 461/488/461 486/513/486
f 486/513/486 488/515/488 462/489/462
f 488/515/488 486/513/486 487/514/487
f 487/514/487 489/516/489 488/515/488
f 463/490/463 462/489/462 488/515/488
f 488/515/488 490/517/490 463/490/463
f 490/517/490 488/515/488 489/516/489
f 489/516/489 491/518/491 490/517/490
f 464/491/464 463/490/463 490/517/490
f 490/517/490 492/519/492 464/491/464
f 492/519/492 490/517/490 491/518/491
f 491/518/491 493/520/493 492/519/492
f 465/492/465 464/491/464 492/519/492
f 492/519/492 494/521/494 465/492/465
f 494/521/494 492/519/492 493/520/493
f 493/520/493 495/522/495 494/521/494
f 403/523/403 347/423/347 397/424/397
f 397/424/397 496/524/496 403/523/403
f 496/524/496 397/424/397 398/425/398
f 398/425/398 497/525/497 496/524/496
f 497/525/497 398/425/398 399/426/399
f 399/426/399 498/526/498 497/525/497
f 498/526/498 399/426/399 400/427/400
f 400/427/400 499/527/499 498/526/498
f 499/527/499 400/427/400 401/428/401
f 401/428/401 500/528/500 499/527/499
f 500/528/500 401/428/401 402/429/402
f 402/429/402 501/529/501 500/528/500
f 501/529/501 402/429/402 354/373/354
f 354/373/354 410/437/410 501/529/501
f 411/530/411 403/523/403 496/524/496
f 496/524/496 502/531/502 411/530/411
f 502/531/502 496/524/496 497/525/497
f 497/525/497 503/532/503 502/531/502
f 503/532/503 497/525/497 498/526/498
f 498/526/498 504/533/504 503/532/503
f 504/533/504 498/526/498 499/527/499
f 499/527/499 505/534/505 504/533/504
f 505/534/505 499/527/499 500/528/500
f 500/528/500 506/535/506 505/534/505
f 506/535/506 500/528/500 501/529/501
f 501/529/501 507/536/507 506/535/506
f 507/536/507 501/529/501 410/437/410
f 410/437/410 418/445/418 507/536/507
f 419/537/419 411/530/411 502/531/502
f 502/531/502 508/538/508 419/537/419
f 508/538/508 502/531/502 503/532/503
f 503/532/503 509/539/509 508/538/508
f 509/539/509 503/532/503 504/533/504
f 504/533/504 510/540/510 509/539/509
f 510/540/510 504/533/504 505/534/505
f 505/534/505 511/541/511 510/540/510
f 511/541/511 505/534/505 506/535/506
f 506/535/506 512/542/512 511/541/511
f 512/542/512 506/535/506 507/536/507
f 507/536/507 513/543/513 512/542/512
f 513/543/513 507/536/507 418/445/418
f 418/445/418 426/453/426 513/543/513
f 427/544/427 419/537/419 508/538/508
f 508/538/508 514/545/514 427/544/427
f 514/545/514 508/538/508 509/539/509
f 509/539/509 515/546/515 514/545/514
f 515/546/515 509/539/509 510/540/510
f 510/540/510 516/547/516 515/546/515
f 516/547/516 510/540/510 511/541/511
f 511/541/511 517/548/517 516/547/516
f 517/548/517 511/541/511 512/542/512
f 512/542/512 518/549/518 517/548/517
f 518/549/518 512/542/512 513/543/513
f 513/543/513 519/550/519 518/549/518
f 519/550/519 513/543/513 426/453/426
f 426/453/426 434/461/434 519/550/519
f 435/551/435 427/544/427 514/545/514
f 514/545/514 520/552/520 435/551/435
f 520/552/520 514/545/514 515/546/515
f 515/546/515 521/553/521 520/552/520
f 521/553/521 515/546/515 516/547/516
f 516/547/516 522/554/522 521/553/521
f 522/554/522 516/547/516 517/548/517
f 517/548/517 523/555/523 522/554/522
f 523/555/523 517/548/517 518/549/518
f 518/549/518 524/556/524 523/555/523
f 524/556/524 518/549/518 519/550/519
f 519/550/519 525/557/525 524/556/524
f 525/557/525 519/550/519 434/461/434
f 434/461/434 442/469/442 525/557/525
f 443/558/443 435/551/435 520/552/520
f 520/552/520 526/559/526 443/558/443
f 526/559/526 520/552/520 521/553/521
f 521/553/521 527/560/527 526/559/526
f 527/560/527 521/553/521 522/554/522
f 522/554/522 528/561/528 527/560/527
f 528/561/528 522/554/522 523/555/523
f 523/555/523 529/562/529 528/561/528
f 529/562/529 523/555/523 524/556/524
f 524/556/524 530/563/530 529/562/529
f 530/563/530 524/556/524 525/557/525
f 525/557/525 531/564/531 530/563/530
f 531/564/531 525/557/525 442/469/442
f 442/469/442 450/477/450 531/564/531
f 443/558/443 532/566/532 451/565/451
f 526/559/526 532/566/532 443/558/443
f 526/559/526 533/567/533 532/566/532
f 526/559/526 534/568/534 533/567/533
f 527/560/527 534/568/534 526/559/526
f 527/560/527 535/569/535 534/568/534
f 527/560/527 536/570/536 535/569/535
f 528/561/528 536/570/536 527/560/527
f 528/561/528 537/571/537 536/570/536
f 528/561/528 538/572/538 537/571/537
f 529/562/529 538/572/538 528/561/528
f 529/562/529 539/573/539 538/572/538
f 529/562/529 540/574/540 539/573/539
f 530/563/530 540/574/540 529/562/529
f 530/563/530 541/575/541 540/574/540
f 530/563/530 542/576/542 541/575/541
f 531/564/531 542/576/542 530/563/530
f 531/564/531 543/577/543 542/576/542
f 544/578/544 543/577/543 531/564/531
f 465/492/465 544/578/544 450/477/450
f 450/477/450 544/578/544 531/564/531
f 466/579/466 451/565/451 532/566/532
f 532/566/532 545/581/545 466/579/466
f 467/580/467 466/579/466 545/581/545
f 545/581/545 546/582/546 467/580/467
f 545/581/545 532/566/532 533/567/533
f 533/567/533 547/583/547 545/581/545
f 546/582/546 545/581/545 547/583/547
f 547/583/547 548/584/548 546/582/546
f 547/583/547 533/567/533 534/568/534
f 534/568/534 549/585/549 547/583/547
f 548/584/548 547/583/547 549/585/549
f 549/585/549 550/586/550 548/584/548
f 549/585/549 534/568/534 535/569/535
f 535/569/535 551/587/551 549/585/549
f 550/586/550 549/585/549 551/587/551
f 551/587/551 552/588/552 550/586/550
f 551/587/551 535/569/535 536/570/536
f 536/570/536 553/589/553 551/587/551
f 552/588/552 551/587/551 553/589/553
f 553/589/553 554/590/554 552/588/552
f 553/589/553 536/570/536 537/571/537
f 537/571/537 555/591/555 553/589/553
f 554/590/554 553/589/553 555/591/555
f 555/591/555 556/592/556 554/590/554
f 555/591/555 537/571/537 538/572/538
f 538/572/538 557/593/557 555/591/555
f 556/592/556 555/591/555 557/593/557
f 557/593/557 558/594/558 556/592/556
f 557/593/557 538/572/538 539/573/539
f 539/573/539 559/595/559 557/593/557
f 558/594/558 557/593/557 559/595/559
f 559/595/559 560/596/560 558/594/558
f 559/595/559 539/573/539 540/574/540
f 540/574/540 561/597/561 559/595/559
f 560/596/560 559/595/559 561/597/561
f 561/597/561 562/598/562 560/596/560
f 561/597/561 540/574/540 541/575/541
f 541/575/541 563/599/563 561/597/561
f 562/598/562 561/597/561 563/599/563
f 563/599/563 564/600/564 562/598/562
f 563/599/563 541/575/541 542/576/542
f 542/576/542 565/601/565 563/599/563
f 564/600/564 563/599/563 565/601/565
f 565/601/565 566/602/566 564/600/564
f 565/601/565 542/576/542 543/577/543
f 543/577/543 567/603/567 565/601/565
f 566/602/566 565/601/565 567/603/567
f 567/603/567 568/604/568 566/602/566
f 567/603/567 543/577/543 544/578/544
f 544/578/544 569/605/569 567/603/567
f 568/604/568 567/603/567 569/605/569
f 569/605/569 570/606/570 568/604/568
f 569/605/569 544/578/544 465/492/465
f 465/492/465 494/521/494 569/605/569
f 570/606/570 569/605/569 494/521/494
f 494/521/494 495/522/495 570/606/570
f 571/607/571 572/608/572 573/609/573
f 571/607/571 573/609/573 574/610/574
f 571/607/571 574/610/574 575/611/575
f 571/607/571 575/611/575 576/612/576
f 571/607/571 576/612/576 577/613/577
f 571/607/571 577/613/577 578/614/578
f 571/607/571 578/614/578 579/615/579
f 573/609/573 572/608/572 580/616/580
f 580/616/580 581/617/581 573/609/573
f 574/610/574 573/609/573 581/617/581
f 581/617/581 582/618/582 574/610/574
f 575/611/575 574/610/574 582/618/582
f 582/618/582 583/619/583 575/611/575
f 576/612/576 575/611/575 583/619/583
f 583/619/583 584/620/584 576/612/576
f 577/613/577 576/612/576 584/620/584
f 584/620/584 585/621/585 577/613/577
f 578/614/578 577/613/577 585/621/585
f 585/621/585 586/622/586 578/614/578
f 579/615/579 578/614/578 586/622/586
f 586/622/586 587/623/587 579/615/579
f 581/617/581 580/616/580 588/624/588
f 588/624/588 589/625/589 581/617/581
f 582/618/582 581/617/581 589/625/589
f 589/625/589 590/626/590 582/618/582
f 583/619/583 582/618/582 590/626/590
f 590/626/590 591/627/591 583/619/583
f 584/620/584 583/619/583 591/627/591
f 591/627/591 592/628/592 584/620/584
f 585/621/585 584/620/584 592/628/592
f 592/628/592 593/629/593 585/621/585
f 586/622/586 585/621/585 593/629/593
f 593/629/593 594/630/594 586/622/586
f 587/623/587 586/622/586 594/630/594
f 594/630/594 595/631/595 587/623/587
f 589/625/589 588/624/588 596/632/596
f 596/632/596 597/633/597 589/625/589
f 590/626/590 589/625/589 597/633/597
f 597/633/597 598/634/598 590/626/590
f 591/627/591 590/626/590 598/634/598
f 598/634/598 599/635/599 591/627/591
f 592/628/592 591/627/591 599/635/599
f 599/635/599 600/636/600 592/628/592
f 593/629/593 592/628/592 600/636/600
f 600/636/600 601/637/601 593/629/593
f 594/630/594 593/629/593 601/637/601
f 601/637/601 602/638/602 594/630/594
f 595/631/595 594/630/594 602/638/602
f 602/638/602 603/639/603 595/631/595
f 597/633/597 596/632/596 604/640/604
f 604/640/604 605/641/605 597/633/597
f 598/634/598 597/633/597 605/641/605
f 605/641/605 606/642/606 598/634/598
f 599/635/599 598/634/598 606/642/606
f 606/642/606 607/643/607 599/635/599
f 600/636/600 599/635/599 607/643/607
f 607/643/607 608/644/608 600/636/600
f 601/637/601 600/636/600 608/644/608
f 608/644/608 609/645/609 601/637/601
f 602/638/602 601/637/601 609/645/609
f 609/645/609 610/646/610 602/638/602
f 603/639/603 602/638/602 610/646/610
f 610/646/610 611/647/611 603/639/603
f 605/641/605 604/640/604 612/648/612
f 612/648/612 613/649/613 605/641/605
f 606/642/606 605/641/605 613/649/613
f 613/649/613 614/650/614 606/642/606
f 607/643/607 606/642/606 614/650/614
f 614/650/614 615/651/615 607/643/607
f 608/644/608 607/643/607 615/651/615
f 615/651/615 616/652/616 608/644/608
f 609/645/609 608/644/608 616/652/616
f 616/652/616 617/653/617 609/645/609
f 610/646/610 609/645/609 617/653/617
f 617/653/617 618/654/618 610/646/610
f 611/647/611 610/646/610 618/654/618
f 618/654/618 619/655/619 611/647/611
f 613/649/613 612/648/612 620/656/620
f 620/656/620 621/657/621 613/649/613
f 614/650/614 613/649/613 621/657/621
f 621/657/621 622/658/622 614/650/614
f 615/651/615 614/650/614 622/658/622
f 622/658/622 623/659/623 615/651/615
f 616/652/616 615/651/615 623/659/623
f 623/659/623 624/660/624 616/652/616
f 617/653/617 616/652/616 624/660/624
f 624/660/624 625/661/625 617/653/617
f 618/654/618 617/653/617 625/661/625
f 625/661/625 626/662/626 618/654/618
f 619/655/619 618/654/618 626/662/626
f 626/662/626 627/663/627 619/655/619
f 571/607/571 579/615/579 628/664/628
f 571/607/571 628/664/628 629/665/629
f 571/607/571 629/665/629 630/666/630
f 571/607/571 630/666/630 631/667/631
f 571/607/571 631/667/631 632/668/632
f 571/607/571 632/668/632 633/669/633
f 571/607/571 633/669/633 634/670/634
f 628/664/628 579/615/579 587/623/587
f 587/623/587 635/671/635 628/664/628
f 629/665/629 628/664/628 635/671/635
f 635/671/635 636/672/636 629/665/629
f 630/666/630 629/665/629 636/672/636
f 636/672/636 637/673/637 630/666/630
f 631/667/631 630/666/630 637/673/637
f 637/673/637 638/674/638 631/667/631
f 632/668/632 631/667/631 638/674/638
f 638/674/638 639/675/639 632/668/632
f 633/669/633 632/668/632 639/675/639
f 639/675/639 640/676/640 633/669/633
f 634/670/634 633/669/633 640/676/640
f 640/676/640 641/677/641 634/670/634
f 635/671/635 587/623/587 595/631/595
f 595/631/595 642/678/642 635/671/635
f 636/672/636 635/671/635 642/678/642
f 642/678/642 643/679/643 636/672/636
f 637/673/637 636/672/636 643/679/643
f 643/679/643 644/680/644 637/673/637
f 638/674/638 637/673/637 644/680/644
f 644/680/644 645/681/645 638/674/638
f 639/675/639 638/674/638 645/681/645
f 645/681/645 646/682/646 639/675/639
f 640/676/640 639/675/639 646/682/646
f 646/682/646 647/683/647 640/676/640
f 641/677/641 640/676/640 647/683/647
f 647/683/647 648/684/648 641/677/641
f 642/678/642 595/631/595 603/639/603
f 603/639/603 649/685/649 642/678/642
f 643/679/643 642/678/642 649/685/649
f 649/685/649 650/686/650 643/679/643
f 644/680/644 643/679/643 650/686/650
f 650/686/650 651/687/651 644/680/644
f 645/681/645 644/680/644 651/687/651
f 651/687/651 652/688/652 645/681/645
f 646/682/646 645/681/645 652/688/652
f 652/688/652 653/689/653 646/682/646
f 647/683/647 646/682/646 653/689/653
f 653/689/653 654/690/654 647/683/647
f 648/684/648 647/683/647 654/690/654
f 654/690/654 655/691/655 648/684/648
f 649/685/649 603/639/603 611/647/611
f 611/647/611 656/692/656 649/685/649
f 650/686/650 649/685/649 656/692/656
f 656/692/656 657/693/657 650/686/650
f 651/687/651 650/686/650 657/693/657
f 657/693/657 658/694/658 651/687/651
f 652/688/652 651/687/651 658/694/658
f 658/694/658 659/695/659 652/688/652
f 653/689/653 652/688/652 659/695/659
f 659/695/659 660/696/660 653/689/653
f 654/690/654 653/689/653 660/696/660
f 660/696/660 661/697/661 654/690/654
f 655/691/655 654/690/654 661/697/661
f 661/697/661 662/698/662 655/691/655
f 656/692/656 611/647/611 619/655/619
f 619/655/619 663/699/663 656/692/656
f 657/693/657 656/692/656 663/699/663
f 663/699/663 664/700/664 657/693/657
f 658/694/658 657/693/657 664/700/664
f 664/700/664 665/701/665 658/694/658
f 659/695/659 658/694/658 665/701/665
f 665/701/665 666/702/666 659/695/659
f 660/696/660 659/695/659 666/702/666
f 666/702/666 667/703/667 660/696/660
f 661/697/661 660/696/660 667/703/667
f 667/703/667 668/704/668 661/697/661
f 662/698/662 661/697/661 668/704/668
f 668/704/668 669/705/669 662/698/662
f 663/699/663 619/655/619 627/663/627
f 627/663/627 670/706/670 663/699/663
f 664/700/664 663/699/663 670/706/670
f 670/706/670 671/707/671 664/700/664
f 665/701/665 664/700/664 671/707/671
f 671/707/671 672/708/672 665/701/665
f 666/702/666 665/701/665 672/708/672
f 672/708/672 673/709/673 666/702/666
f 667/703/667 666/702/666 673/709/673
f 673/709/673 674/710/674 667/703/667
f 668/704/668 667/703/667 674/710/674
f 674/710/674 675/711/675 668/704/668
f 669/705/669 668/704/668 675/711/675
f 675/711/675 676/712/676 669/705/669
f 677/713/677 571/607/571 678/714/678
f 678/714/678 571/607/571 679/715/679
f 679/715/679 571/607/571 680/716/680
f 680/716/680 571/607/571 681/717/681
f 681/717/681 571/607/571 682/718/682
f 682/718/682 571/607/571 683/719/683
f 683/719/683 571/607/571 634/670/634
f 684/720/684 677/713/677 678/714/678
f 678/714/678 685/721/685 684/720/684
f 685/721/685 678/714/678 679/715/679
f 679/715/679 686/722/686 685/721/685
f 686/722/686 679/715/679 680/716/680
f 680/716/680 687/723/687 686/722/686
f 687/723/687 680/716/680 681/717/681
f 681/717/681 688/724/688 687/723/687
f 688/724/688 681/717/681 682/718/682
f 682/718/682 689/725/689 688/724/688
f 689/725/689 682/718/682 683/719/683
f 683/719/683 690/726/690 689/725/689
f 690/726/690 683/719/683 634/670/634
f 634/670/634 641/677/641 690/726/690
f 691/727/691 684/720/684 685/721/685
f 685/721/685 692/728/692 691/727/691
f 692/728/692 685/721/685 686/722/686
f 686/722/686 693/729/693 692/728/692
f 693/729/693 686/722/686 687/723/687
f 687/723/687 694/730/694 693/729/693
f 694/730/694 687/723/687 688/724/688
f 688/724/688 695/731/695 694/730/694
f 695/731/695 688/724/688 689/725/689
f 689/725/689 696/732/696 695/731/695
f 696/732/696 689/725/689 690/726/690
f 690/726/690 697/733/697 696/732/696
f 697/733/697 690/726/690 641/677/641
f 641/677/641 648/684/648 697/733/697
f 698/734/698 691/727/691 692/728/692
f 692/728/692 699/735/699 698/734/698
f 699/735/699 692/728/692 693/729/693
f 693/729/693 700/736/700 699/735/699
f 700/736/700 693/729/693 694/730/694
f 694/730/694 701/737/701 700/736/700
f 701/737/701 694/730/694 695/731/695
f 695/731/695 702/738/702 701/737/701
f 702/738/702 695/731/695 696/732/696
f 696/732/696 703/739/703 702/738/702
f 703/739/703 696/732/696 697/733/697
f 697/733/697 704/740/704 703/739/703
f 704/740/704 697/733/697 648/684/648
f 648/684/648 655/691/655 704/740/704
f 705/741/705 698/734/698 699/735/699
f 699/735/699 706/742/706 705/741/705
f 706/742/706 699/735/699 700/736/700
f 700/736/700 707/743/707 706/742/706
f 707/743/707 700/736/700 701/737/701
f 701/737/701 708/744/708 707/743/707
f 708/744/708 701/737/701 702/738/702
f 702/738/702 709/745/709 708/744/708
f 709/745/709 702/738/702 703/739/703
f 703/739/703 710/746/710 709/745/709
f 710/746/710 703/739/703 704/740/704
f 704/740/704 711/747/711 710/746/710
f 711/747/711 704/740/704 655/691/655
f 655/691/655 662/698/662 711/747/711
f 712/748/712 705/741/705 706/742/706
f 706/742/706 713/749/713 712/748/712
f 713/749/713 706/742/706 707/743/707
f 707/743/707 714/750/714 713/749/713
f 714/750/714 707/743/707 708/744/708
f 708/744/708 715/751/715 714/750/714
f 715/751/715 708/744/708 709/745/709
f 709/745/709 716/752/716 715/751/715
f 716/752/716 709/745/709 710/746/710
f 710/746/710 717/753/717 716/752/716
f 717/753/717 710/746/710 711/747/711
f 711/747/711 718/754/718 717/753/717
f 718/754/718 711/747/711 662/698/662
f 662/698/662 669/705/669 718/754/718
f 719/755/719 712/748/712 713/749/713
f 713/749/713 720/756/720 719/755/719
f 720/756/720 713/749/713 714/750/714
f 714/750/714 721/757/721 720/756/720
f 721/757/721 714/750/714 715/751/715
f 715/751/715 722/758/722 721/757/721
f 722/758/722 715/751/715 716/752/716
f 716/752/716 723/759/723 722/758/722
f 723/759/723 716/752/716 717/753/717
f 717/753/717 724/760/724 723/759/723
f 724/760/724 717/753/717 718/754/718
f 718/754/718 725/761/725 724/760/724
f 725/761/725 718/754/718 669/705/669
f 669/705/669 676/712/676 725/761/725
f 572/608/572 571/607/571 726/762/726
f 726/762/726 571/607/571 727/763/727
f 727/763/727 571/607/571 728/764/728
f 728/764/728 571/607/571 729/765/729
f 729/765/729 571/607/571 730/766/730
f 730/766/730 571/607/571 731/767/731
f 731/767/731 571/607/571 677/713/677
f 580/616/580 572/608/572 726/762/726
f 726/762/726 732/768/732 580/616/580
f 732/768/732 726/762/726 727/763/727
f 727/763/727 733/769/733 732/768/732
f 733/769/733 727/763/727 728/764/728
f 728/764/728 734/770/734 733/769/733
f 734/770/734 728/764/728 729/765/729
f 729/765/729 735/771/735 734/770/734
f 735/771/735 729/765/729 730/766/730
f 730/766/730 736/772/736 735/771/735
f 736/772/736 730/766/730 731/767/731
f 731/767/731 737/773/737 736/772/736
f 737/773/737 731/767/731 677/713/677
f 677/713/677 684/720/684 737/773/737
f 588/624/588 580/616/580 732/768/732
f 732/768/732 738/774/738 588/624/588
f 738/774/738 732/768/732 733/769/733
f 733/769/733 739/775/739 738/774/738
f 739/775/739 733/769/733 734/770/734
f 734/770/734 740/776/740 739/775/739
f 740/776/740 734/770/734 735/771/735
f 735/771/735 741/777/741 740/776/740
f 741/777/741 735/771/735 736/772/736
f 736/772/736 742/778/742 741/777/741
f 742/778/742 736/772/736 737/773/737
f 737/773/737 743/779/743 742/778/742
f 743/779/743 737/773/737 684/720/684
f 684/720/684 691/727/691 743/779/743
f 596/632/596 588/624/588 738/774/738
f 738/774/738 744/780/744 596/632/596
f 744/780/744 738/774/738 739/775/739
f 739/775/739 745/781/745 744/780/744
f 745/781/745 739/775/739 740/776/740
f 740/776/740 746/782/746 745/781/745
f 746/782/746 740/776/740 741/777/741
f 741/777/741 747/783/747 746/782/746
f 747/783/747 741/777/741 742/778/742
f 742/778/742 748/784/748 747/783/747
f 748/784/748 742/778/742 743/779/743
f 743/779/743 749/785/749 748/784/748
f 749/785/749 743/779/743 691/727/691
f 691/727/691 698/734/698 749/785/749
f 604/640/604 596/632/596 744/780/744
f 744/780/744 750/786/750 604/640/604
f 750/786/750 744/780/744 745/781/745
f 745/781/745 751/787/751 750/786/750
f 751/787/751 745/781/745 746/782/746
f 746/782/746 752/788/752 751/787/751
f 752/788/752 746/782/746 747/783/747
f 747/783/747 753/789/753 752/788/752
f 753/789/753 747/783/747 748/784/748
f 748/784/748 754/790/754 753/789/753
f 754/790/754 748/784/748 749/785/749
f 749/785/749 755/791/755 754/790/754
f 755/791/755 749/785/749 698/734/698
f 698/734/698 705/741/705 755/791/755
f 612/648/612 604/640/604 750/786/750
f 750/786/750 756/792/756 612/648/612
f 756/792/756 750/786/750 751/787/751
f 751/787/751 757/793/757 756/792/756
f 757/793/757 751/787/751 752/788/752
f 752/788/752 758/794/758 757/793/757
f 758/794/758 752/788/752 753/789/753
f 753/789/753 759/795/759 758/794/758
f 759/795/759 753/789/753 754/790/754
f 754/790/754 760/796/760 759/795/759
f 760/796/760 754/790/754 755/791/755
f 755/791/755 761/797/761 760/796/760
f 761/797/761 755/791/755 705/741/705
f 705/741/705 712/748/712 761/797/761
f 620/656/620 612/648/612 756/792/756
f 756/792/756 762/798/762 620/656/620
f 762/798/762 756/792/756 757/793/757
f 757/793/757 763/799/763 762/798/762
f 763/799/763 757/793/757 758/794/758
f 758/794/758 764/800/764 763/799/763
f 764/800/764 758/794/758 759/795/759
f 759/795/759 765/801/765 764/800/764
f 765/801/765 759/795/759 760/796/760
f 760/796/760 766/802/766 765/801/765
f 766/802/766 760/796/760 761/797/761
f 761/797/761 767/803/767 766/802/766
f 767/803/767 761/797/761 712/748/712
f 712/748/712 719/755/719 767/803/767
f 621/805/621 620/804/620 768/812/768
f 768/812/768 769/813/769 621/805/621
f 622/806/622 621/805/621 769/813/769
f 769/813/769 770/814/770 622/806/622
f 623/807/623 622/806/622 770/814/770
f 770/814/770 771/815/771 623/807/623
f 624/808/624 623/807/623 771/815/771
f 771/815/771 772/816/772 624/808/624
f 625/809/625 624/808/624 772/816/772
f 772/816/772 773/817/773 625/809/625
f 626/810/626 625/809/625 773/817/773
f 773/817/773 774/818/774 626/810/626
f 627/811/627 626/810/626 774/818/774
f 774/818/774 775/819/775 627/811/627
f 769/813/769 768/812/768 776/820/776
f 776/820/776 777/821/777 769/813/769
f 770/814/770 769/813/769 777/821/777
f 777/821/777 778/822/778 770/814/770
f 771/815/771 770/814/770 778/822/778
f 778/822/778 779/823/779 771/815/771
f 772/816/772 771/815/771 779/823/779
f 779/823/779 780/824/780 772/816/772
f 773/817/773 772/816/772 780/824/780
f 780/824/780 781/825/781 773/817/773
f 774/818/774 773/817/773 781/825/781
f 781/825/781 782/826/782 774/818/774
f 775/819/775 774/818/774 782/826/782
f 782/826/782 783/827/783 775/819/775
f 777/821/777 776/820/776 784/828/784
f 784/828/784 785/829/785 777/821/777
f 778/822/778 777/821/777 785/829/785
f 785/829/785 786/830/786 778/822/778
f 779/823/779 778/822/778 786/830/786
f 786/830/786 787/831/787 779/823/779
f 780/824/780 779/823/779 787/831/787
f 787/831/787 788/832/788 780/824/780
f 781/825/781 780/824/780 788/832/788
f 788/832/788 789/833/789 781/825/781
f 782/826/782 781/825/781 789/833/789
f 789/833/789 790/834/790 782/826/782
f 783/827/783 782/826/782 790/834/790
f 790/834/790 791/835/791 783/827/783
f 785/829/785 784/828/784 792/836/792
f 792/836/792 793/837/793 785/829/785
f 786/830/786 785/829/785 793/837/793
f 793/837/793 794/838/794 786/830/786
f 787/831/787 786/830/786 794/838/794
f 794/838/794 795/839/795 787/831/787
f 788/832/788 787/831/787 795/839/795
f 795/839/795 796/840/796 788/832/788
f 789/833/789 788/832/788 796/840/796
f 796/840/796 797/841/797 789/833/789
f 790/834/790 789/833/789 797/841/797
f 797/841/797 798/842/798 790/834/790
f 791/835/791 790/834/790 798/842/798
f 798/842/798 799/843/799 791/835/791
f 793/837/793 792/836/792 800/844/800
f 800/844/800 801/845/801 793/837/793
f 794/838/794 793/837/793 801/845/801
f 801/845/801 802/846/802 794/838/794
f 795/839/795 794/838/794 802/846/802
f 802/846/802 803/847/803 795/839/795
f 796/840/796 795/839/795 803/847/803
f 803/847/803 804/848/804 796/840/796
f 797/841/797 796/840/796 804/848/804
f 804/848/804 805/849/805 797/841/797
f 798/842/798 797/841/797 805/849/805
f 805/849/805 806/850/806 798/842/798
f 799/843/799 798/842/798 806/850/806
f 806/850/806 807/851/807 799/843/799
f 801/845/801 800/844/800 808/852/808
f 808/852/808 809/853/809 801/845/801
f 802/846/802 801/845/801 809/853/809
f 809/853/809 810/854/810 802/846/802
f 803/847/803 802/846/802 810/854/810
f 810/854/810 811/855/811 803/847/803
f 804/848/804 803/847/803 811/855/811
f 811/855/811 812/856/812 804/848/804
f 805/849/805 804/848/804 812/856/812
f 812/856/812 813/857/813 805/849/805
f 806/850/806 805/849/805 813/857/813
f 813/857/813 814/858/814 806/850/806
f 807/851/807 806/850/806 814/858/814
f 814/858/814 815/859/815 807/851/807
f 809/853/809 808/852/808 816/860/816
f 816/860/816 817/861/817 809/853/809
f 810/854/810 809/853/809 817/861/817
f 817/861/817 818/862/818 810/854/810
f 811/855/811 810/854/810 818/862/818
f 818/862/818 819/863/819 811/855/811
f 812/856/812 811/855/811 819/863/819
f 819/863/819 820/864/820 812/856/812
f 813/857/813 812/856/812 820/864/820
f 820/864/820 821/865/821 813/857/813
f 814/858/814 813/857/813 821/865/821
f 821/865/821 822/866/822 814/858/814
f 815/859/815 814/858/814 822/866/822
f 822/866/822 823/867/823 815/859/815
f 670/868/670 627/811/627 775/819/775
f 775/819/775 824/875/824 670/868/670
f 671/869/671 670/868/670 824/875/824
f 824/875/824 825/876/825 671/869/671
f 672/870/672 671/869/671 825/876/825
f 825/876/825 826/877/826 672/870/672
f 673/871/673 672/870/672 826/877/826
f 826/877/826 827/878/827 673/871/673
f 674/872/674 673/871/673 827/878/827
f 827/878/827 828/879/828 674/872/674
f 675/873/675 674/872/674 828/879/828
f 828/879/828 829/880/829 675/873/675
f 676/874/676 675/873/675 829/880/829
f 829/880/829 830/881/830 676/874/676
f 824/875/824 775/819/775 783/827/783
f 783/827/783 831/882/831 824/875/824
f 825/876/825 824/875/824 831/882/831
f 831/882/831 832/883/832 825/876/825
f 826/877/826 825/876/825 832/883/832
f 832/883/832 833/884/833 826/877/826
f 827/878/827 826/877/826 833/884/833
f 833/884/833 834/885/834 827/878/827
f 828/879/828 827/878/827 834/885/834
f 834/885/834 835/886/835 828/879/828
f 829/880/829 828/879/828 835/886/835
f 835/886/835 836/887/836 829/880/829
f 830/881/830 829/880/829 836/887/836
f 836/887/836 837/888/837 830/881/830
f 831/882/831 783/827/783 791/835/791
f 791/835/791 838/889/838 831/882/831
f 832/883/832 831/882/831 838/889/838
f 838/889/838 839/890/839 832/883/832
f 833/884/833 832/883/832 839/890/839
f 839/890/839 840/891/840 833/884/833
f 834/885/834 833/884/833 840/891/840
f 840/891/840 841/892/841 834/885/834
f 835/886/835 834/885/834 841/892/841
f 841/892/841 842/893/842 835/886/835
f 836/887/836 835/886/835 842/893/842
f 842/893/842 843/894/843 836/887/836
f 837/888/837 836/887/836 843/894/843
f 843/894/843 844/895/844 837/888/837
f 838/889/838 791/835/791 799/843/799
f 799/843/799 845/896/845 838/889/838
f 839/890/839 838/889/838 845/896/845
f 845/896/845 846/897/846 839/890/839
f 840/891/840 839/890/839 846/897/846
f 846/897/846 847/898/847 840/891/840
f 841/892/841 840/891/840 847/898/847
f 847/898/847 848/899/848 841/892/841
f 842/893/842 841/892/841 848/899/848
f 848/899/848 849/900/849 842/893/842
f 843/894/843 842/893/842 849/900/849
f 849/900/849 850/901/850 843/894/843
f 844/895/844 843/894/843 850/901/850
f 850/901/850 851/902/851 844/895/844
f 845/896/845 799/843/799 807/851/807
f 807/851/807 852/903/852 845/896/845
f 846/897/846 845/896/845 852/903/852
f 852/903/852 853/904/853 846/897/846
f 847/898/847 846/897/846 853/904/853
f 853/904/853 854/905/854 847/898/847
f 848/899/848 847/898/847 854/905/854
f 854/905/854 855/906/855 848/899/848
f 849/900/849 848/899/848 855/906/855
f 855/906/855 856/907/856 849/900/849
f 850/901/850 849/900/849 856/907/856
f 856/907/856 857/908/857 850/901/850
f 851/902/851 850/901/850 857/908/857
f 857/908/857 858/909/858 851/902/851
f 852/903/852 807/851/807 815/859/815
f 815/859/815 859/910/859 852/903/852
f 853/904/853 852/903/852 859/910/859
f 859/910/859 860/911/860 853/904/853
f 854/905/854 853/904/853 860/911/860
f 860/911/860 861/912/861 854/905/854
f 855/906/855 854/905/854 861/912/861
f 861/912/861 862/913/862 855/906/855
f 856/907/856 855/906/855 862/913/862
f 862/913/862 863/914/863 856/907/856
f 857/908/857 856/907/856 863/914/863
f 863/914/863 864/915/864 857/908/857
f 858/909/858 857/908/857 864/915/864
f 864/915/864 865/916/865 858/909/858
f 859/910/859 815/859/815 823/867/823
f 823/867/823 866/917/866 859/910/859
f 860/911/860 859/910/859 866/917/866
f 866/917/866 867/918/867 860/911/860
f 861/912/861 860/911/860 867/918/867
f 867/918/867 868/919/868 861/912/861
f 862/913/862 861/912/861 868/919/868
f 868/919/868 869/920/869 862/913/862
f 863/914/863 862/913/862 869/920/869
f 869/920/869 870/921/870 863/914/863
f 864/915/864 863/914/863 870/921/870
f 870/921/870 871/922/871 864/915/864
f 865/916/865 864/915/864 871/922/871
f 871/922/871 872/923/872 865/916/865
f 873/931/873 719/924/719 720/925/720
f 720/925/720 874/932/874 873/931/873
f 874/932/874 720/925/720 721/926/721
f 721/926/721 875/933/875 874/932/874
f 875/933/875 721/926/721 722/927/722
f 722/927/722 876/934/876 875/933/875
f 876/934/876 722/927/722 723/928/723
f 723/928/723 877/935/877 876/934/876
f 877/935/877 723/928/723 724/929/724
f 724/929/724 878/936/878 877/935/877
f 878/936/878 724/929/724 725/930/725
f 725/930/725 879/937/879 878/936/878
f 879/937/879 725/930/725 676/874/676
f 676/874/676 830/881/830 879/937/879
f 880/938/880 873/931/873 874/932/874
f 874/932/874 881/939/881 880/938/880
f 881/939/881 874/932/874 875/933/875
f 875/933/875 882/940/882 881/939/881
f 882/940/882 875/933/875 876/934/876
f 876/934/876 883/941/883 882/940/882
f 883/941/883 876/934/876 877/935/877
f 877/935/877 884/942/884 883/941/883
f 884/942/884 877/935/877 878/936/878
f 878/936/878 885/943/885 884/942/884
f 885/943/885 878/936/878 879/937/879
f 879/937/879 886/944/886 885/943/885
f 886/944/886 879/937/879 830/881/830
f 830/881/830 837/888/837 886/944/886
f 887/945/887 880/938/880 881/939/881
f 881/939/881 888/946/888 887/945/887
f 888/946/888 881/939/881 882/940/882
f 882/940/882 889/947/889 888/946/888
f 889/947/889 882/940/882 883/941/883
f 883/941/883 890/948/890 889/947/889
f 890/948/890 883/941/883 884/942/884
f 884/942/884 891/949/891 890/948/890
f 891/949/891 884/942/884 885/943/885
f 885/943/885 892/950/892 891/949/891
f 892/950/892 885/943/885 886/944/886
f 886/944/886 893/951/893 892/950/892
f 893/951/893 886/944/886 837/888/837
f 837/888/837 844/895/844 893/951/893
f 894/952/894 887/945/887 888/946/888
f 888/946/888 895/953/895 894/952/894
f 895/953/895 888/946/888 889/947/889
f 889/947/889 896/954/896 895/953/895
f 896/954/896 889/947/889 890/948/890
f 890/948/890 897/955/897 896/954/896
f 897/955/897 890/948/890 891/949/891
f 891/949/891 898/956/898 897/955/897
f 898/956/898 891/949/891 892/950/892
f 892/950/892 899/957/899 898/956/898
f 899/957/899 892/950/892 893/951/893
f 893/951/893 900/958/900 899/957/899
f 900/958/900 893/951/893 844/895/844
f 844/895/844 851/902/851 900/958/900
f 901/959/901 894/952/894 895/953/895
f 895/953/895 902/960/902 901/959/901
f 902/960/902 895/953/895 896/954/896
f 896/954/896 903/961/903 902/960/902
f 903/961/903 896/954/896 897/955/897
f 897/955/897 904/962/904 903/961/903
f 904/962/904 897/955/897 898/956/898
f 898/956/898 905/963/905 904/962/904
f 905/963/905 898/956/898 899/957/899
f 899/957/899 906/964/906 905/963/905
f 906/964/906 899/957/899 900/958/900
f 900/958/900 907/965/907 906/964/906
f 907/965/907 900/958/900 851/902/851
f 851/902/851 858/909/858 907/965/907
f 908/966/908 901/959/901 902/960/902
f 902/960/902 909/967/909 908/966/908
f 909/967/909 902/960/902 903/961/903
f 903/961/903 910/968/910 909/967/909
f 910/968/910 903/961/903 904/962/904
f 904/962/904 911/969/911 910/968/910
f 911/969/911 904/962/904 905/963/905
f 905/963/905 912/970/912 911/969/911
f 912/970/912 905/963/905 906/964/906
f 906/964/906 913/971/913 912/970/912
f 913/971/913 906/964/906 907/965/907
f 907/965/907 914/972/914 913/971/913
f 914/972/914 907/965/907 858/909/858
f 858/909/858 865/916/865 914/972/914
f 915/973/915 908/966/908 909/967/909
f 909/967/909 916/974/916 915/973/915
f 916/974/916 909/967/909 910/968/910
f 910/968/910 917/975/917 916/974/916
f 917/975/917 910/968/910 911/969/911
f 911/969/911 918/976/918 917/975/917
f 918/976/918 911/969/911 912/970/912
f 912/970/912 919/977/919 918/976/918
f 919/977/919 912/970/912 913/971/913
f 913/971/913 920/978/920 919/977/919
f 920/978/920 913/971/913 914/972/914
f 914/972/914 921/979/921 920/978/920
f 921/979/921 914/972/914 865/916/865
f 865/916/865 872/923/872 921/979/921
f 768/812/768 620/804/620 762/980/762
f 762/980/762 922/986/922 768/812/768
f 922/986/922 762/980/762 763/981/763
f 763/981/763 923/987/923 922/986/922
f 923/987/923 763/981/763 764/982/764
f 764/982/764 924/988/924 923/987/923
f 924/988/924 764/982/764 765/983/765
f 765/983/765 925/989/925 924/988/924
f 925/989/925 765/983/765 766/984/766
f 766/984/766 926/990/926 925/989/925
f 926/990/926 766/984/766 767/985/767
f 767/985/767 927/991/927 926/990/926
f 927/991/927 767/985/767 719/924/719
f 719/924/719 873/931/873 927/991/927
f 776/820/776 768/812/768 922/986/922
f 922/986/922 928/992/928 776/820/776
f 928/992/928 922/986/922 923/987/923
f 923/987/923 929/993/929 928/992/928
f 929/993/929 923/987/923 924/988/924
f 924/988/924 930/994/930 929/993/929
f 930/994/930 924/988/924 925/989/925
f 925/989/925 931/995/931 930/994/930
f 931/995/931 925/989/925 926/990/926
f 926/990/926 932/996/932 931/995/931
f 932/996/932 926/990/926 927/991/927
f 927/991/927 933/997/933 932/996/932
f 933/997/933 927/991/927 873/931/873
f 873/931/873 880/938/880 933/997/933
f 784/828/784 776/820/776 928/992/928
f 928/992/928 934/998/934 784/828/784
f 934/998/934 928/992/928 929/993/929
f 929/993/929 935/999/935 934/998/934
f 935/999/935 929/993/929 930/994/930
f 930/994/930 936/1000/936 935/999/935
f 936/1000/936 930/994/930 931/995/931
f 931/995/931 937/1001/937 936/1000/936
f 937/1001/937 931/995/931 932/996/932
f 932/996/932 938/1002/938 937/1001/937
f 938/1002/938 932/996/932 933/997/933
f 933/997/933 939/1003/939 938/1002/938
f 939/1003/939 933/997/933 880/938/880
f 880/938/880 887/945/887 939/1003/939
f 792/836/792 784/828/784 934/998/934
f 934/998/934 940/1004/940 792/836/792
f 940/1004/940 934/998/934 935/999/935
f 935/999/935 941/1005/941 940/1004/940
f 941/1005/941 935/999/935 936/1000/936
f 936/1000/936 942/1006/942 941/1005/941
f 942/1006/942 936/1000/936 937/1001/937
f 937/1001/937 943/1007/943 942/1006/942
f 943/1007/943 937/1001/937 938/1002/938
f 938/1002/938 944/1008/944 943/1007/943
f 944/1008/944 938/1002/938 939/1003/939
f 939/1003/939 945/1009/945 944/1008/944
f 945/1009/945 939/1003/939 887/945/887
f 887/945/887 894/952/894 945/1009/945
f 800/844/800 792/836/792 940/1004/940
f 940/1004/940 946/1010/946 800/844/800
f 946/1010/946 940/1004/940 941/1005/941
f 941/1005/941 947/1011/947 946/1010/946
f 947/1011/947 941/1005/941 942/1006/942
f 942/1006/942 948/1012/948 947/1011/947
f 948/1012/948 942/1006/942 943/1007/943
f 943/1007/943 949/1013/949 948/1012/948
f 949/1013/949 943/1007/943 944/1008/944
f 944/1008/944 950/1014/950 949/1013/949
f 950/1014/950 944/1008/944 945/1009/945
f 945/1009/945 951/1015/951 950/1014/950
f 951/1015/951 945/1009/945 894/952/894
f 894/952/894 901/959/901 951/1015/951
f 808/852/808 800/844/800 946/1010/946
f 946/1010/946 952/1016/952 808/852/808
f 952/1016/952 946/1010/946 947/1011/947
f 947/1011/947 953/1017/953 952/1016/952
f 953/1017/953 947/1011/947 948/1012/948
f 948/1012/948 954/1018/954 953/1017/953
f 954/1018/954 948/1012/948 949/1013/949
f 949/1013/949 955/1019/955 954/1018/954
f 955/1019/955 949/1013/949 950/1014/950
f 950/1014/950 956/1020/956 955/1019/955
f 956/1020/956 950/1014/950 951/1015/951
f 951/1015/951 957/1021/957 956/1020/956
f 957/1021/957 951/1015/951 901/959/901
f 901/959/901 908/966/908 957/1021/957
f 816/860/816 808/852/808 952/1016/952
f 952/1016/952 958/1022/958 816/860/816
f 958/1022/958 952/1016/952 953/1017/953
f 953/1017/953 959/1023/959 958/1022/958
f 959/1023/959 953/1017/953 954/1018/954
f 954/1018/954 960/1024/960 959/1023/959
f 960/1024/960 954/1018/954 955/1019/955
f 955/1019/955 961/1025/961 960/1024/960
f 961/1025/961 955/1019/955 956/1020/956
f 956/1020/956 962/1026/962 961/1025/961
f 962/1026/962 956/1020/956 957/1021/957
f 957/1021/957 963/1027/963 962/1026/962
f 963/1027/963 957/1021/957 908/966/908
f 908/966/908 915/973/915 963/1027/963
f 965/1029/965 964/1028/964 972/1036/972
f 972/1036/972 973/1037/973 965/1029/965
f 966/1030/966 965/1029/965 973/1037/973
f 973/1037/973 974/1038/974 966/1030/966
f 967/1031/967 966/1030/966 974/1038/974
f 974/1038/974 975/1039/975 967/1031/967
f 968/1032/968 967/1031/967 975/1039/975
f 975/1039/975 976/1040/976 968/1032/968
f 969/1033/969 968/1032/968 976/1040/976
f 976/1040/976 977/1041/977 969/1033/969
f 970/1034/970 969/1033/969 977/1041/977
f 977/1041/977 978/1042/978 970/1034/970
f 971/1035/971 970/1034/970 978/1042/978
f 978/1042/978 979/1043/979 971/1035/971
f 973/1037/973 972/1036/972 980/1044/980
f 980/1044/980 981/1045/981 973/1037/973
f 974/1038/974 973/1037/973 981/1045/981
f 981/1045/981 982/1046/982 974/1038/974
f 975/1039/975 974/1038/974 982/1046/982
f 982/1046/982 983/1047/983 975/1039/975
f 976/1040/976 975/1039/975 983/1047/983
f 983/1047/983 984/1048/984 976/1040/976
f 977/1041/977 976/1040/976 984/1048/984
f 984/1048/984 985/1049/985 977/1041/977
f 978/1042/978 977/1041/977 985/1049/985
f 985/1049/985 986/1050/986 978/1042/978
f 979/1043/979 978/1042/978 986/1050/986
f 986/1050/986 987/1051/987 979/1043/979
f 981/1045/981 980/1044/980 988/1052/988
f 988/1052/988 989/1053/989 981/1045/981
f 982/1046/982 981/1045/981 989/1053/989
f 989/1053/989 990/1054/990 982/1046/982
f 983/1047/983 982/1046/982 990/1054/990
f 990/1054/990 991/1055/991 983/1047/983
f 984/1048/984 983/1047/983 991/1055/991
f 991/1055/991 992/1056/992 984/1048/984
f 985/1049/985 984/1048/984 992/1056/992
f 992/1056/992 993/1057/993 985/1049/985
f 986/1050/986 985/1049/985 993/1057/993
f 993/1057/993 994/1058/994 986/1050/986
f 987/1051/987 986/1050/986 994/1058/994
f 994/1058/994 995/1059/995 987/1051/987
f 989/1053/989 988/1052/988 996/1060/996
f 996/1060/996 997/1061/997 989/1053/989
f 990/1054/990 989/1053/989 997/1061/997
f 997/1061/997 998/1062/998 990/1054/990
f 991/1055/991 990/1054/990 998/1062/998
f 998/1062/998 999/1063/999 991/1055/991
f 992/1056/992 991/1055/991 999/1063/999
f 999/1063/999 1000/1064/1000 992/1056/992
f 993/1057/993 992/1056/992 1000/1064/1000
f 1000/1064/1000 1001/1065/1001 993/1057/993
f 994/1058/994 993/1057/993 1001/1065/1001
f 1001/1065/1001 1002/1066/1002 994/1058/994
f 995/1059/995 994/1058/994 1002/1066/1002
f 1002/1066/1002 1003/1067/1003 995/1059/995
f 997/1061/997 996/1060/996 1004/1068/1004
f 1004/1068/1004 1005/1069/1005 997/1061/997
f 998/1062/998 997/1061/997 1005/1069/1005
f 1005/1069/1005 1006/1070/1006 998/1062/998
f 999/1063/999 998/1062/998 1006/1070/1006
f 1006/1070/1006 1007/1071/1007 999/1063/999
f 1000/1064/1000 999/1063/999 1007/1071/1007
f 1007/1071/1007 1008/1072/1008 1000/1064/1000
f 1001/1065/1001 1000/1064/1000 1008/1072/1008
f 1008/1072/1008 1009/1073/1009 1001/1065/1001
f 1002/1066/1002 1001/1065/1001 1009/1073/1009
f 1009/1073/1009 1010/1074/1010 1002/1066/1002
f 1003/1067/1003 1002/1066/1002 1010/1074/1010
f 1010/1074/1010 1011/1075/1011 1003/1067/1003
f 1005/1069/1005 1004/1068/1004 1012/1076/1012
f 1012/1076/1012 1013/1077/1013 1005/1069/1005
f 1006/1070/1006 1005/1069/1005 1013/1077/1013
f 1013/1077/1013 1014/1078/1014 1006/1070/1006
f 1007/1071/1007 1006/1070/1006 1014/1078/1014
f 1014/1078/1014 1015/1079/1015 1007/1071/1007
f 1008/1072/1008 1007/1071/1007 1015/1079/1015
f 1015/1079/1015 1016/1080/1016 1008/1072/1008
f 1009/1073/1009 1008/1072/1008 1016/1080/1016
f 1016/1080/1016 1017/1081/1017 1009/1073/1009
f 1010/1074/1010 1009/1073/1009 1017/1081/1017
f 1017/1081/1017 1018/1082/1018 1010/1074/1010
f 1011/1075/1011 1010/1074/1010 1018/1082/1018
f 1018/1082/1018 1019/1083/1019 1011/1075/1011
f 1013/1077/1013 1012/1076/1012 1020/1084/1020
f 1020/1084/1020 1021/1085/1021 1013/1077/1013
f 1014/1078/1014 1013/1077/1013 1021/1085/1021
f 1021/1085/1021 1022/1086/1022 1014/1078/1014
f 1015/1079/1015 1014/1078/1014 1022/1086/1022
f 1022/1086/1022 1023/1087/1023 1015/1079/1015
f 1016/1080/1016 1015/1079/1015 1023/1087/1023
f 1023/1087/1023 1024/1088/1024 1016/1080/1016
f 1017/1081/1017 1016/1080/1016 1024/1088/1024
f 1024/1088/1024 1025/1089/1025 1017/1081/1017
f 1018/1082/1018 1017/1081/1017 1025/1089/1025
f 1025/1089/1025 1026/1090/1026 1018/1082/1018
f 1019/1083/1019 1018/1082/1018 1026/1090/1026
f 1026/1090/1026 1027/1091/1027 1019/1083/1019
f 1028/1092/1028 971/1035/971 979/1043/979
f 979/1043/979 1035/1099/1035 1028/1092/1028
f 1029/1093/1029 1028/1092/1028 1035/1099/1035
f 1035/1099/1035 1036/1100/1036 1029/1093/1029
f 1030/1094/1030 1029/1093/1029 1036/1100/1036
f 1036/1100/1036 1037/1101/1037 1030/1094/1030
f 1031/1095/1031 1030/1094/1030 1037/1101/1037
f 1037/1101/1037 1038/1102/1038 1031/1095/1031
f 1032/1096/1032 1031/1095/1031 1038/1102/1038
f 1038/1102/1038 1039/1103/1039 1032/1096/1032
f 1033/1097/1033 1032/1096/1032 1039/1103/1039
f 1039/1103/1039 1040/1104/1040 1033/1097/1033
f 1034/1098/1034 1033/1097/1033 1040/1104/1040
f 1040/1104/1040 1041/1105/1041 1034/1098/1034
f 1035/1099/1035 979/1043/979 987/1051/987
f 987/1051/987 1042/1106/1042 1035/1099/1035
f 1036/1100/1036 1035/1099/1035 1042/1106/1042
f 1042/1106/1042 1043/1107/1043 1036/1100/1036
f 1037/1101/1037 1036/1100/1036 1043/1107/1043
f 1043/1107/1043 1044/1108/1044 1037/1101/1037
f 1038/1102/1038 1037/1101/1037 1044/1108/1044
f 1044/1108/1044 1045/1109/1045 1038/1102/1038
f 1039/1103/1039 1038/1102/1038 1045/1109/1045
f 1045/1109/1045 1046/1110/1046 1039/1103/1039
f 1040/1104/1040 1039/1103/1039 1046/1110/1046
f 1046/1110/1046 1047/1111/1047 1040/1104/1040
f 1041/1105/1041 1040/1104/1040 1047/1111/1047
f 1047/1111/1047 1048/1112/1048 1041/1105/1041
f 1042/1106/1042 987/1051/987 995/1059/995
f 995/1059/995 1049/1113/1049 1042/1106/1042
f 1043/1107/1043 1042/1106/1042 1049/1113/1049
f 1049/1113/1049 1050/1114/1050 1043/1107/1043
f 1044/1108/1044 1043/1107/1043 1050/1114/1050
f 1050/1114/1050 1051/1115/1051 1044/1108/1044
f 1045/1109/1045 1044/1108/1044 1051/1115/1051
f 1051/1115/1051 1052/1116/1052 1045/1109/1045
f 1046/1110/1046 1045/1109/1045 1052/1116/1052
f 1052/1116/1052 1053/1117/1053 1046/1110/1046
f 1047/1111/1047 1046/1110/1046 1053/1117/1053
f 1053/1117/1053 1054/1118/1054 1047/1111/1047
f 1048/1112/1048 1047/1111/1047 1054/1118/1054
f 1054/1118/1054 1055/1119/1055 1048/1112/1048
f 1049/1113/1049 995/1059/995 1003/1067/1003
f 1003/1067/1003 1056/1120/1056 1049/1113/1049
f 1050/1114/1050 1049/1113/1049 1056/1120/1056
f 1056/1120/1056 1057/1121/1057 1050/1114/1050
f 1051/1115/1051 1050/1114/1050 1057/1121/1057
f 1057/1121/1057 1058/1122/1058 1051/1115/1051
f 1052/1116/1052 1051/1115/1051 1058/1122/1058
f 1058/1122/1058 1059/1123/1059 1052/1116/1052
f 1053/1117/1053 1052/1116/1052 1059/1123/1059
f 1059/1123/1059 1060/1124/1060 1053/1117/1053
f 1054/1118/1054 1053/1117/1053 1060/1124/1060
f 1060/1124/1060 1061/1125/1061 1054/1118/1054
f 1055/1119/1055 1054/1118/1054 1061/1125/1061
f 1061/1125/1061 1062/1126/1062 1055/1119/1055
f 1056/1120/1056 1003/1067/1003 1011/1075/1011
f 1011/1075/1011 1063/1127/1063 1056/1120/1056
f 1057/1121/1057 1056/1120/1056 1063/1127/1063
f 1063/1127/1063 1064/1128/1064 1057/1121/1057
f 1058/1122/1058 1057/1121/1057 1064/1128/1064
f 1064/1128/1064 1065/1129/1065 1058/1122/1058
f 1059/1123/1059 1058/1122/1058 1065/1129/1065
f 1065/1129/1065 1066/1130/1066 1059/1123/1059
f 1060/1124/1060 1059/1123/1059 1066/1130/1066
f 1066/1130/1066 1067/1131/1067 1060/1124/1060
f 1061/1125/1061 1060/1124/1060 1067/1131/1067
f 1067/1131/1067 1068/1132/1068 1061/1125/1061
f 1062/1126/1062 1061/1125/1061 1068/1132/1068
f 1068/1132/1068 1069/1133/1069 1062/1126/1062
f 1063/1127/1063 1011/1075/1011 1019/1083/1019
f 1019/1083/1019 1070/1134/1070 1063/1127/1063
f 1064/1128/1064 1063/1127/1063 1070/1134/1070
f 1070/1134/1070 1071/1135/1071 1064/1128/1064
f 1065/1129/1065 1064/1128/1064 1071/1135/1071
f 1071/1135/1071 1072/1136/1072 1065/1129/1065
f 1066/1130/1066 1065/1129/1065 1072/1136/1072
f 1072/1136/1072 1073/1137/1073 1066/1130/1066
f 1067/1131/1067 1066/1130/1066 1073/1137/1073
f 1073/1137/1073 1074/1138/1074 1067/1131/1067
f 1068/1132/1068 1067/1131/1067 1074/1138/1074
f 1074/1138/1074 1075/1139/1075 1068/1132/1068
f 1069/1133/1069 1068/1132/1068 1075/1139/1075
f 1075/1139/1075 1076/1140/1076 1069/1133/1069
f 1070/1134/1070 1019/1083/1019 1027/1091/1027
f 1027/1091/1027 1077/1141/1077 1070/1134/1070
f 1071/1135/1071 1070/1134/1070 1077/1141/1077
f 1077/1141/1077 1078/1142/1078 1071/1135/1071
f 1072/1136/1072 1071/1135/1071 1078/1142/1078
f 1078/1142/1078 1079/1143/1079 1072/1136/1072
f 1073/1137/1073 1072/1136/1072 1079/1143/1079
f 1079/1143/1079 1080/1144/1080 1073/1137/1073
f 1074/1138/1074 1073/1137/1073 1080/1144/1080
f 1080/1144/1080 1081/1145/1081 1074/1138/1074
f 1075/1139/1075 1074/1138/1074 1081/1145/1081
f 1081/1145/1081 1082/1146/1082 1075/1139/1075
f 1076/1140/1076 1075/1139/1075 1082/1146/1082
f 1082/1146/1082 1083/1147/1083 1076/1140/1076
f 1091/1155/1091 1084/1148/1084 1085/1149/1085
f 1085/1149/1085 1092/1156/1092 1091/1155/1091
f 1092/1156/1092 1085/1149/1085 1086/1150/1086
f 1086/1150/1086 1093/1157/1093 1092/1156/1092
f 1093/1157/1093 1086/1150/1086 1087/1151/1087
f 1087/1151/1087 1094/1158/1094 1093/1157/1093
f 1094/1158/1094 1087/1151/1087 1088/1152/1088
f 1088/1152/1088 1095/1159/1095 1094/1158/1094
f 1095/1159/1095 1088/1152/1088 1089/1153/1089
f 1089/1153/1089 1096/1160/1096 1095/1159/1095
f 1096/1160/1096 1089/1153/1089 1090/1154/1090
f 1090/1154/1090 1097/1161/1097 1096/1160/1096
f 1097/1161/1097 1090/1154/1090 1034/1098/1034
f 1034/1098/1034 1041/1105/1041 1097/1161/1097
f 1098/1162/1098 1091/1155/1091 1092/1156/1092
f 1092/1156/1092 1099/1163/1099 1098/1162/1098
f 1099/1163/1099 1092/1156/1092 1093/1157/1093
f 1093/1157/1093 1100/1164/1100 1099/1163/1099
f 1100/1164/1100 1093/1157/1093 1094/1158/1094
f 1094/1158/1094 1101/1165/1101 1100/1164/1100
f 1101/1165/1101 1094/1158/1094 1095/1159/1095
f 1095/1159/1095 1102/1166/1102 1101/1165/1101
f 1102/1166/1102 1095/1159/1095 1096/1160/1096
f 1096/1160/1096 1103/1167/1103 1102/1166/1102
f 1103/1167/1103 1096/1160/1096 1097/1161/1097
f 1097/1161/1097 1104/1168/1104 1103/1167/1103
f 1104/1168/1104 1097/1161/1097 1041/1105/1041
f 1041/1105/1041 1048/1112/1048 1104/1168/1104
f 1105/1169/1105 1098/1162/1098 1099/1163/1099
f 1099/1163/1099 1106/1170/1106 1105/1169/1105
f 1106/1170/1106 1099/1163/1099 1100/1164/1100
f 1100/1164/1100 1107/1171/1107 1106/1170/1106
f 1107/1171/1107 1100/1164/1100 1101/1165/1101
f 1101/1165/1101 1108/1172/1108 1107/1171/1107
f 1108/1172/1108 1101/1165/1101 1102/1166/1102
f 1102/1166/1102 1109/1173/1109 1108/1172/1108
f 1109/1173/1109 1102/1166/1102 1103/1167/1103
f 1103/1167/1103 1110/1174/1110 1109/1173/1109
f 1110/1174/1110 1103/1167/1103 1104/1168/1104
f 1104/1168/1104 1111/1175/1111 1110/1174/1110
f 1111/1175/1111 1104/1168/1104 1048/1112/1048
f 1048/1112/1048 1055/1119/1055 1111/1175/1111
f 1112/1176/1112 1105/1169/1105 1106/1170/1106
f 1106/1170/1106 1113/1177/1113 1112/1176/1112
f 1113/1177/1113 1106/1170/1106 1107/1171/1107
f 1107/1171/1107 1114/1178/1114 1113/1177/1113
f 1114/1178/1114 1107/1171/1107 1108/1172/1108
f 1108/1172/1108 1115/1179/1115 1114/1178/1114
f 1115/1179/1115 1108/1172/1108 1109/1173/1109
f 1109/1173/1109 1116/1180/1116 1115/1179/1115
f 1116/1180/1116 1109/1173/1109 1110/1174/1110
f 1110/1174/1110 1117/1181/1117 1116/1180/1116
f 1117/1181/1117 1110/1174/1110 1111/1175/1111
f 1111/1175/1111 1118/1182/1118 1117/1181/1117
f 1118/1182/1118 1111/1175/1111 1055/1119/1055
f 1055/1119/1055 1062/1126/1062 1118/1182/1118
f 1119/1183/1119 1112/1176/1112 1113/1177/1113
f 1113/1177/1113 1120/1184/1120 1119/1183/1119
f 1120/1184/1120 1113/1177/1113 1114/1178/1114
f 1114/1178/1114 1121/1185/1121 1120/1184/1120
f 1121/1185/1121 1114/1178/1114 1115/1179/1115
f 1115/1179/1115 1122/1186/1122 1121/1185/1121
f 1122/1186/1122 1115/1179/1115 1116/1180/1116
f 1116/1180/1116 1123/1187/1123 1122/1186/1122
f 1123/1187/1123 1116/1180/1116 1117/1181/1117
f 1117/1181/1117 1124/1188/1124 1123/1187/1123
f 1124/1188/1124 1117/1181/1117 1118/1182/1118
f 1118/1182/1118 1125/1189/1125 1124/1188/1124
f 1125/1189/1125 1118/1182/1118 1062/1126/1062
f 1062/1126/1062 1069/1133/1069 1125/1189/1125
f 1126/1190/1126 1119/1183/1119 1120/1184/1120
f 1120/1184/1120 1127/1191/1127 1126/1190/1126
f 1127/1191/1127 1120/1184/1120 1121/1185/1121
f 1121/1185/1121 1128/1192/1128 1127/1191/1127
f 1128/1192/1128 1121/1185/1121 1122/1186/1122
f 1122/1186/1122 1129/1193/1129 1128/1192/1128
f 1129/1193/1129 1122/1186/1122 1123/1187/1123
f 1123/1187/1123 1130/1194/1130 1129/1193/1129
f 1130/1194/1130 1123/1187/1123 1124/1188/1124
f 1124/1188/1124 1131/1195/1131 1130/1194/1130
f 1131/1195/1131 1124/1188/1124 1125/1189/1125
f 1125/1189/1125 1132/1196/1132 1131/1195/1131
f 1132/1196/1132 1125/1189/1125 1069/1133/1069
f 1069/1133/1069 1076/1140/1076 1132/1196/1132
f 1133/1197/1133 1126/1190/1126 1127/1191/1127
f 1127/1191/1127 1134/1198/1134 1133/1197/1133
f 1134/1198/1134 1127/1191/1127 1128/1192/1128
f 1128/1192/1128 1135/1199/1135 1134/1198/1134
f 1135/1199/1135 1128/1192/1128 1129/1193/1129
f 1129/1193/1129 1136/1200/1136 1135/1199/1135
f 1136/1200/1136 1129/1193/1129 1130/1194/1130
f 1130/1194/1130 1137/1201/1137 1136/1200/1136
f 1137/1201/1137 1130/1194/1130 1131/1195/1131
f 1131/1195/1131 1138/1202/1138 1137/1201/1137
f 1138/1202/1138 1131/1195/1131 1132/1196/1132
f 1132/1196/1132 1139/1203/1139 1138/1202/1138
f 1139/1203/1139 1132/1196/1132 1076/1140/1076
f 1076/1140/1076 1083/1147/1083 1139/1203/1139
f 972/1211/972 964/1204/964 1140/1205/1140
f 1140/1205/1140 1146/1212/1146 972/1211/972
f 1146/1212/1146 1140/1205/1140 1141/1206/1141
f 1141/1206/1141 1147/1213/1147 1146/1212/1146
f 1147/1213/1147 1141/1206/1141 1142/1207/1142
f 1142/1207/1142 1148/1214/1148 1147/1213/1147
f 1148/1214/1148 1142/1207/1142 1143/1208/1143
f 1143/1208/1143 1149/1215/1149 1148/1214/1148
f 1149/1215/1149 1143/1208/1143 1144/1209/1144
f 1144/1209/1144 1150/1216/1150 1149/1215/1149
f 1150/1216/1150 1144/1209/1144 1145/1210/1145
f 1145/1210/1145 1151/1217/1151 1150/1216/1150
f 1151/1217/1151 1145/1210/1145 1084/1148/1084
f 1084/1148/1084 1091/1155/1091 1151/1217/1151
f 980/1218/980 972/1211/972 1146/1212/1146
f 1146/1212/1146 1152/1219/1152 980/1218/980
f 1152/1219/1152 1146/1212/1146 1147/1213/1147
f 1147/1213/1147 1153/1220/1153 1152/1219/1152
f 1153/1220/1153 1147/1213/1147 1148/1214/1148
f 1148/1214/1148 1154/1221/1154 1153/1220/1153
f 1154/1221/1154 1148/1214/1148 1149/1215/1149
f 1149/1215/1149 1155/1222/1155 1154/1221/1154
f 1155/1222/1155 1149/1215/1149 1150/1216/1150
f 1150/1216/1150 1156/1223/1156 1155/1222/1155
f 1156/1223/1156 1150/1216/1150 1151/1217/1151
f 1151/1217/1151 1157/1224/1157 1156/1223/1156
f 1157/1224/1157 1151/1217/1151 1091/1155/1091
f 1091/1155/1091 1098/1162/1098 1157/1224/1157
f 988/1225/988 980/1218/980 1152/1219/1152
f 1152/1219/1152 1158/1226/1158 988/1225/988
f 1158/1226/1158 1152/1219/1152 1153/1220/1153
f 1153/1220/1153 1159/1227/1159 1158/1226/1158
f 1159/1227/1159 1153/1220/1153 1154/1221/1154
f 1154/1221/1154 1160/1228/1160 1159/1227/1159
f 1160/1228/1160 1154/1221/1154 1155/1222/1155
f 1155/1222/1155 1161/1229/1161 1160/1228/1160
f 1161/1229/1161 1155/1222/1155 1156/1223/1156
f 1156/1223/1156 1162/1230/1162 1161/1229/1161
f 1162/1230/1162 1156/1223/1156 1157/1224/1157
f 1157/1224/1157 1163/1231/1163 1162/1230/1162
f 1163/1231/1163 1157/1224/1157 1098/1162/1098
f 1098/1162/1098 1105/1169/1105 1163/1231/1163
f 996/1232/996 988/1225/988 1158/1226/1158
f 1158/1226/1158 1164/1233/1164 996/1232/996
f 1164/1233/1164 1158/1226/1158 1159/1227/1159
f 1159/1227/1159 1165/1234/1165 1164/1233/1164
f 1165/1234/1165 1159/1227/1159 1160/1228/1160
f 1160/1228/1160 1166/1235/1166 1165/1234/1165
f 1166/1235/1166 1160/1228/1160 1161/1229/1161
f 1161/1229/1161 1167/1236/1167 1166/1235/1166
f 1167/1236/1167 1161/1229/1161 1162/1230/1162
f 1162/1230/1162 1168/1237/1168 1167/1236/1167
f 1168/1237/1168 1162/1230/1162 1163/1231/1163
f 1163/1231/1163 1169/1238/1169 1168/1237/1168
f 1169/1238/1169 1163/1231/1163 1105/1169/1105
f 1105/1169/1105 1112/1176/1112 1169/1238/1169
f 1004/1239/1004 996/1232/996 1164/1233/1164
f 1164/1233/1164 1170/1240/1170 1004/1239/1004
f 1170/1240/1170 1164/1233/1164 1165/1234/1165
f 1165/1234/1165 1171/1241/1171 1170/1240/1170
f 1171/1241/1171 1165/1234/1165 1166/1235/1166
f 1166/1235/1166 1172/1242/1172 1171/1241/1171
f 1172/1242/1172 1166/1235/1166 1167/1236/1167
f 1167/1236/1167 1173/1243/1173 1172/1242/1172
f 1173/1243/1173 1167/1236/1167 1168/1237/1168
f 1168/1237/1168 1174/1244/1174 1173/1243/1173
f 1174/1244/1174 1168/1237/1168 1169/1238/1169
f 1169/1238/1169 1175/1245/1175 1174/1244/1174
f 1175/1245/1175 1169/1238/1169 1112/1176/1112
f 1112/1176/1112 1119/1183/1119 1175/1245/1175
f 1012/1246/1012 1004/1239/1004 1170/1240/1170
f 1170/1240/1170 1176/1247/1176 1012/1246/1012
f 1176/1247/1176 1170/1240/1170 1171/1241/1171
f 1171/1241/1171 1177/1248/1177 1176/1247/1176
f 1177/1248/1177 1171/1241/1171 1172/1242/1172
f 1172/1242/1172 1178/1249/1178 1177/1248/1177
f 1178/1249/1178 1172/1242/1172 1173/1243/1173
f 1173/1243/1173 1179/1250/1179 1178/1249/1178
f 1179/1250/1179 1173/1243/1173 1174/1244/1174
f 1174/1244/1174 1180/1251/1180 1179/1250/1179
f 1180/1251/1180 1174/1244/1174 1175/1245/1175
f 1175/1245/1175 1181/1252/1181 1180/1251/1180
f 1181/1252/1181 1175/1245/1175 1119/1183/1119
f 1119/1183/1119 1126/1190/1126 1181/1252/1181
f 1020/1253/1020 1012/1246/1012 1176/1247/1176
f 1176/1247/1176 1182/1254/1182 1020/1253/1020
f 1182/1254/1182 1176/1247/1176 1177/1248/1177
f 1177/1248/1177 1183/1255/1183 1182/1254/1182
f 1183/1255/1183 1177/1248/1177 1178/1249/1178
f 1178/1249/1178 1184/1256/1184 1183/1255/1183
f 1184/1256/1184 1178/1249/1178 1179/1250/1179
f 1179/1250/1179 1185/1257/1185 1184/1256/1184
f 1185/1257/1185 1179/1250/1179 1180/1251/1180
f 1180/1251/1180 1186/1258/1186 1185/1257/1185
f 1186/1258/1186 1180/1251/1180 1181/1252/1181
f 1181/1252/1181 1187/1259/1187 1186/1258/1186
f 1187/1259/1187 1181/1252/1181 1126/1190/1126
f 1126/1190/1126 1133/1197/1133 1187/1259/1187
f 1022/1086/1022 1021/1085/1021 1188/1260/1188
f 1188/1260/1188 1189/1261/1189 1022/1086/1022
f 1023/1087/1023 1022/1086/1022 1189/1261/1189
f 1189/1261/1189 1190/1262/1190 1023/1087/1023
f 1024/1088/1024 1023/1087/1023 1190/1262/1190
f 1190/1262/1190 1191/1263/1191 1024/1088/1024
f 1025/1089/1025 1024/1088/1024 1191/1263/1191
f 1191/1263/1191 1192/1264/1192 1025/1089/1025
f 1026/1090/1026 1025/1089/1025 1192/1264/1192
f 1192/1264/1192 1193/1265/1193 1026/1090/1026
f 1027/1091/1027 1026/1090/1026 1193/1265/1193
f 1193/1265/1193 1194/1266/1194 1027/1091/1027
f 1189/1261/1189 1188/1260/1188 1195/1267/1195
f 1195/1267/1195 1196/1268/1196 1189/1261/1189
f 1190/1262/1190 1189/1261/1189 1196/1268/1196
f 1196/1268/1196 1197/1269/1197 1190/1262/1190
f 1191/1263/1191 1190/1262/1190 1197/1269/1197
f 1197/1269/1197 1198/1270/1198 1191/1263/1191
f 1192/1264/1192 1191/1263/1191 1198/1270/1198
f 1198/1270/1198 1199/1271/1199 1192/1264/1192
f 1193/1265/1193 1192/1264/1192 1199/1271/1199
f 1199/1271/1199 1200/1272/1200 1193/1265/1193
f 1194/1266/1194 1193/1265/1193 1200/1272/1200
f 1200/1272/1200 1201/1273/1201 1194/1266/1194
f 1196/1268/1196 1195/1267/1195 1203/1275/1203
f 1203/1275/1203 1204/1276/1204 1196/1268/1196
f 1197/1269/1197 1196/1268/1196 1204/1276/1204
f 1204/1276/1204 1205/1277/1205 1197/1269/1197
f 1198/1270/1198 1197/1269/1197 1205/1277/1205
f 1205/1277/1205 1206/1278/1206 1198/1270/1198
f 1199/1271/1199 1198/1270/1198 1206/1278/1206
f 1206/1278/1206 1207/1279/1207 1199/1271/1199
f 1200/1272/1200 1199/1271/1199 1207/1279/1207
f 1207/1279/1207 1208/1280/1208 1200/1272/1200
f 1201/1273/1201 1200/1272/1200 1208/1280/1208
f 1208/1280/1208 1209/1281/1209 1201/1273/1201
f 1203/1275/1203 1202/1274/1202 1210/1282/1210
f 1210/1282/1210 1211/1283/1211 1203/1275/1203
f 1204/1276/1204 1203/1275/1203 1211/1283/1211
f 1211/1283/1211 1212/1284/1212 1204/1276/1204
f 1205/1277/1205 1204/1276/1204 1212/1284/1212
f 1212/1284/1212 1213/1285/1213 1205/1277/1205
f 1206/1278/1206 1205/1277/1205 1213/1285/1213
f 1213/1285/1213 1214/1286/1214 1206/1278/1206
f 1207/1279/1207 1206/1278/1206 1214/1286/1214
f 1214/1286/1214 1215/1287/1215 1207/1279/1207
f 1208/1280/1208 1207/1279/1207 1215/1287/1215
f 1215/1287/1215 1216/1288/1216 1208/1280/1208
f 1209/1281/1209 1208/1280/1208 1216/1288/1216
f 1216/1288/1216 1217/1289/1217 1209/1281/1209
f 1211/1283/1211 1210/1282/1210 1218/1290/1218
f 1218/1290/1218 1219/1291/1219 1211/1283/1211
f 1212/1284/1212 1211/1283/1211 1219/1291/1219
f 1219/1291/1219 1220/1292/1220 1212/1284/1212
f 1213/1285/1213 1212/1284/1212 1220/1292/1220
f 1220/1292/1220 1221/1293/1221 1213/1285/1213
f 1214/1286/1214 1213/1285/1213 1221/1293/1221
f 1221/1293/1221 1222/1294/1222 1214/1286/1214
f 1215/1287/1215 1214/1286/1214 1222/1294/1222
f 1222/1294/1222 1223/1295/1223 1215/1287/1215
f 1216/1288/1216 1215/1287/1215 1223/1295/1223
f 1223/1295/1223 1224/1296/1224 1216/1288/1216
f 1217/1289/1217 1216/1288/1216 1224/1296/1224
f 1224/1296/1224 1225/1297/1225 1217/1289/1217
f 1219/1291/1219 1218/1290/1218 1226/1298/1226
f 1226/1298/1226 1227/1299/1227 1219/1291/1219
f 1220/1292/1220 1219/1291/1219 1227/1299/1227
f 1227/1299/1227 1228/1300/1228 1220/1292/1220
f 1221/1293/1221 1220/1292/1220 1228/1300/1228
f 1228/1300/1228 1229/1301/1229 1221/1293/1221
f 1222/1294/1222 1221/1293/1221 1229/1301/1229
f 1229/1301/1229 1230/1302/1230 1222/1294/1222
f 1223/1295/1223 1222/1294/1222 1230/1302/1230
f 1230/1302/1230 1231/1303/1231 1223/1295/1223
f 1224/1296/1224 1223/1295/1223 1231/1303/1231
f 1231/1303/1231 1232/1304/1232 1224/1296/1224
f 1225/1297/1225 1224/1296/1224 1232/1304/1232
f 1232/1304/1232 1233/1305/1233 1225/1297/1225
f 1228/1300/1228 1227/1299/1227 1234/1306/1234
f 1234/1306/1234 1235/1307/1235 1228/1300/1228
f 1229/1301/1229 1228/1300/1228 1235/1307/1235
f 1235/1307/1235 1236/1308/1236 1229/1301/1229
f 1230/1302/1230 1229/1301/1229 1236/1308/1236
f 1236/1308/1236 1237/1309/1237 1230/1302/1230
f 1231/1303/1231 1230/1302/1230 1237/1309/1237
f 1237/1309/1237 1238/1310/1238 1231/1303/1231
f 1232/1304/1232 1231/1303/1231 1238/1310/1238
f 1238/1310/1238 1239/1311/1239 1232/1304/1232
f 1233/1305/1233 1232/1304/1232 1239/1311/1239
f 1239/1311/1239 1240/1312/1240 1233/1305/1233
f 70/1314/70 1020/1084/1020 68/1313/68
f 70/1314/70 1021/1085/1021 1020/1084/1020
f 72/1315/72 1021/1085/1021 70/1314/70
f 72/1315/72 74/1316/74 1188/1260/1188
f 72/1315/72 1188/1260/1188 1021/1085/1021
f 76/1317/76 1188/1260/1188 74/1316/74
f 78/1318/78 1188/1260/1188 76/1317/76
f 78/1318/78 1195/1267/1195 1188/1260/1188
f 78/1318/78 80/1319/80 1195/1267/1195
f 80/1319/80 82/1320/82 1195/1267/1195
f 84/1321/84 1195/1267/1195 82/1320/82
f 84/1321/84 1203/1275/1203 1195/1267/1195
f 84/1321/84 1202/1274/1202 1203/1275/1203
f 86/1322/86 1202/1274/1202 84/1321/84
f 214/1324/214 1226/1298/1226 212/1323/212
f 214/1324/214 1227/1299/1227 1226/1298/1226
f 216/1325/216 1227/1299/1227 214/1324/214
f 216/1325/216 1234/1306/1234 1227/1299/1227
f 218/1326/218 1234/1306/1234 216/1325/216
f 1077/1141/1077 1027/1091/1027 1194/1266/1194
f 1194/1266/1194 1241/1327/1241 1077/1141/1077
f 1078/1142/1078 1077/1141/1077 1241/1327/1241
f 1241/1327/1241 1242/1328/1242 1078/1142/1078
f 1079/1143/1079 1078/1142/1078 1242/1328/1242
f 1242/1328/1242 1243/1329/1243 1079/1143/1079
f 1080/1144/1080 1079/1143/1079 1243/1329/1243
f 1243/1329/1243 1244/1330/1244 1080/1144/1080
f 1081/1145/1081 1080/1144/1080 1244/1330/1244
f 1244/1330/1244 1245/1331/1245 1081/1145/1081
f 1082/1146/1082 1081/1145/1081 1245/1331/1245
f 1245/1331/1245 1246/1332/1246 1082/1146/1082
f 1083/1147/1083 1082/1146/1082 1246/1332/1246
f 1246/1332/1246 1247/1333/1247 1083/1147/1083
f 1241/1327/1241 1194/1266/1194 1201/1273/1201
f 1201/1273/1201 1248/1334/1248 1241/1327/1241
f 1242/1328/1242 1241/1327/1241 1248/1334/1248
f 1248/1334/1248 1249/1335/1249 1242/1328/1242
f 1243/1329/1243 1242/1328/1242 1249/1335/1249
f 1249/1335/1249 1250/1336/1250 1243/1329/1243
f 1244/1330/1244 1243/1329/1243 1250/1336/1250
f 1250/1336/1250 1251/1337/1251 1244/1330/1244
f 1245/1331/1245 1244/1330/1244 1251/1337/1251
f 1251/1337/1251 1252/1338/1252 1245/1331/1245
f 1246/1332/1246 1245/1331/1245 1252/1338/1252
f 1252/1338/1252 1253/1339/1253 1246/1332/1246
f 1247/1333/1247 1246/1332/1246 1253/1339/1253
f 1253/1339/1253 1254/1340/1254 1247/1333/1247
f 1248/1334/1248 1201/1273/1201 1209/1281/1209
f 1209/1281/1209 1255/1341/1255 1248/1334/1248
f 1249/1335/1249 1248/1334/1248 1255/1341/1255
f 1255/1341/1255 1256/1342/1256 1249/1335/1249
f 1250/1336/1250 1249/1335/1249 1256/1342/1256
f 1256/1342/1256 1257/1343/1257 1250/1336/1250
f 1251/1337/1251 1250/1336/1250 1257/1343/1257
f 1257/1343/1257 1258/1344/1258 1251/1337/1251
f 1252/1338/1252 1251/1337/1251 1258/1344/1258
f 1258/1344/1258 1259/1345/1259 1252/1338/1252
f 1253/1339/1253 1252/1338/1252 1259/1345/1259
f 1259/1345/1259 1260/1346/1260 1253/1339/1253
f 1254/1340/1254 1253/1339/1253 1260/1346/1260
f 1260/1346/1260 1261/1347/1261 1254/1340/1254
f 1255/1341/1255 1209/1281/1209 1217/1289/1217
f 1217/1289/1217 1262/1348/1262 1255/1341/1255
f 1256/1342/1256 1255/1341/1255 1262/1348/1262
f 1262/1348/1262 1263/1349/1263 1256/1342/1256
f 1257/1343/1257 1256/1342/1256 1263/1349/1263
f 1263/1349/1263 1264/1350/1264 1257/1343/1257
f 1258/1344/1258 1257/1343/1257 1264/1350/1264
f 1264/1350/1264 1265/1351/1265 1258/1344/1258
f 1259/1345/1259 1258/1344/1258 1265/1351/1265
f 1265/1351/1265 1266/1352/1266 1259/1345/1259
f 1260/1346/1260 1259/1345/1259 1266/1352/1266
f 1266/1352/1266 1267/1353/1267 1260/1346/1260
f 1262/1348/1262 1217/1289/1217 1225/1297/1225
f 1225/1297/1225 1268/1354/1268 1262/1348/1262
f 1263/1349/1263 1262/1348/1262 1268/1354/1268
f 1268/1354/1268 1269/1355/1269 1263/1349/1263
f 1264/1350/1264 1263/1349/1263 1269/1355/1269
f 1269/1355/1269 1270/1356/1270 1264/1350/1264
f 1265/1351/1265 1264/1350/1264 1270/1356/1270
f 1270/1356/1270 1271/1357/1271 1265/1351/1265
f 1266/1352/1266 1265/1351/1265 1271/1357/1271
f 1271/1357/1271 1272/1358/1272 1266/1352/1266
f 1268/1354/1268 1225/1297/1225 1233/1305/1233
f 1233/1305/1233 1273/1359/1273 1268/1354/1268
f 1269/1355/1269 1268/1354/1268 1273/1359/1273
f 1273/1359/1273 1274/1360/1274 1269/1355/1269
f 1270/1356/1270 1269/1355/1269 1274/1360/1274
f 1274/1360/1274 1275/1361/1275 1270/1356/1270
f 1271/1357/1271 1270/1356/1270 1275/1361/1275
f 1275/1361/1275 1276/1362/1276 1271/1357/1271
f 1272/1358/1272 1271/1357/1271 1276/1362/1276
f 1276/1362/1276 1277/1363/1277 1272/1358/1272
f 1273/1359/1273 1233/1305/1233 1240/1312/1240
f 1240/1312/1240 1278/1364/1278 1273/1359/1273
f 1274/1360/1274 1273/1359/1273 1278/1364/1278
f 1278/1364/1278 1279/1365/1279 1274/1360/1274
f 1275/1361/1275 1274/1360/1274 1279/1365/1279
f 1279/1365/1279 1280/1366/1280 1275/1361/1275
f 1276/1362/1276 1275/1361/1275 1280/1366/1280
f 1280/1366/1280 1281/1367/1281 1276/1362/1276
f 1277/1363/1277 1276/1362/1276 1281/1367/1281
f 1281/1367/1281 1282/1368/1282 1277/1363/1277
f 469/1370/469 467/1369/467 1261/1347/1261
f 469/1370/469 1261/1347/1261 1260/1346/1260
f 469/1370/469 1260/1346/1260 1267/1353/1267
f 471/1371/471 469/1370/469 1267/1353/1267
f 473/1372/473 471/1371/471 1267/1353/1267
f 475/1373/475 473/1372/473 1267/1353/1267
f 475/1373/475 1267/1353/1267 1266/1352/1266
f 475/1373/475 1266/1352/1266 1272/1358/1272
f 477/1374/477 475/1373/475 1272/1358/1272
f 479/1375/479 477/1374/477 1272/1358/1272
f 479/1375/479 1272/1358/1272 1277/1363/1277
f 481/1376/481 479/1375/479 1277/1363/1277
f 483/1377/483 481/1376/481 1277/1363/1277
f 483/1377/483 1277/1363/1277 1282/1368/1282
f 483/1377/483 1282/1368/1282 485/1378/485
f 1283/1379/1283 1133/1197/1133 1134/1198/1134
f 1134/1198/1134 1284/1380/1284 1283/1379/1283
f 1284/1380/1284 1134/1198/1134 1135/1199/1135
f 1135/1199/1135 1285/1381/1285 1284/1380/1284
f 1285/1381/1285 1135/1199/1135 1136/1200/1136
f 1136/1200/1136 1286/1382/1286 1285/1381/1285
f 1286/1382/1286 1136/1200/1136 1137/1201/1137
f 1137/1201/1137 1287/1383/1287 1286/1382/1286
f 1287/1383/1287 1137/1201/1137 1138/1202/1138
f 1138/1202/1138 1288/1384/1288 1287/1383/1287
f 1288/1384/1288 1138/1202/1138 1139/1203/1139
f 1139/1203/1139 1289/1385/1289 1288/1384/1288
f 1289/1385/1289 1139/1203/1139 1083/1147/1083
f 1083/1147/1083 1247/1333/1247 1289/1385/1289
f 1290/1386/1290 1283/1379/1283 1284/1380/1284
f 1284/1380/1284 1291/1387/1291 1290/1386/1290
f 1291/1387/1291 1284/1380/1284 1285/1381/1285
f 1285/1381/1285 1292/1388/1292 1291/1387/1291
f 1292/1388/1292 1285/1381/1285 1286/1382/1286
f 1286/1382/1286 1293/1389/1293 1292/1388/1292
f 1293/1389/1293 1286/1382/1286 1287/1383/1287
f 1287/1383/1287 1294/1390/1294 1293/1389/1293
f 1294/1390/1294 1287/1383/1287 1288/1384/1288
f 1288/1384/1288 1295/1391/1295 1294/1390/1294
f 1295/1391/1295 1288/1384/1288 1289/1385/1289
f 1289/1385/1289 1296/1392/1296 1295/1391/1295
f 1296/1392/1296 1289/1385/1289 1247/1333/1247
f 1247/1333/1247 1254/1340/1254 1296/1392/1296
f 1297/1393/1297 1290/1386/1290 1291/1387/1291
f 1291/1387/1291 1298/1394/1298 1297/1393/1297
f 1298/1394/1298 1291/1387/1291 1292/1388/1292
f 1292/1388/1292 1299/1395/1299 1298/1394/1298
f 1299/1395/1299 1292/1388/1292 1293/1389/1293
f 1293/1389/1293 1300/1396/1300 1299/1395/1299
f 1300/1396/1300 1293/1389/1293 1294/1390/1294
f 1294/1390/1294 1301/1397/1301 1300/1396/1300
f 1301/1397/1301 1294/1390/1294 1295/1391/1295
f 1295/1391/1295 1302/1398/1302 1301/1397/1301
f 1302/1398/1302 1295/1391/1295 1296/1392/1296
f 1296/1392/1296 1303/1399/1303 1302/1398/1302
f 1303/1399/1303 1296/1392/1296 1254/1340/1254
f 1254/1340/1254 1261/1347/1261 1303/1399/1303
f 1304/1400/1304 1297/1393/1297 1298/1394/1298
f 1298/1394/1298 1305/1401/1305 1304/1400/1304
f 1305/1401/1305 1298/1394/1298 1299/1395/1299
f 1299/1395/1299 1306/1402/1306 1305/1401/1305
f 1306/1402/1306 1299/1395/1299 1300/1396/1300
f 1300/1396/1300 1307/1403/1307 1306/1402/1306
f 1307/1403/1307 1300/1396/1300 1301/1397/1301
f 1301/1397/1301 1308/1404/1308 1307/1403/1307
f 1308/1404/1308 1301/1397/1301 1302/1398/1302
f 1302/1398/1302 1309/1405/1309 1308/1404/1308
f 1309/1405/1309 1302/1398/1302 1303/1399/1303
f 1303/1399/1303 1310/1406/1310 1309/1405/1309
f 1311/1407/1311 1304/1400/1304 1305/1401/1305
f 1305/1401/1305 1312/1408/1312 1311/1407/1311
f 1312/1408/1312 1305/1401/1305 1306/1402/1306
f 1306/1402/1306 1313/1409/1313 1312/1408/1312
f 1313/1409/1313 1306/1402/1306 1307/1403/1307
f 1307/1403/1307 1314/1410/1314 1313/1409/1313
f 1314/1410/1314 1307/1403/1307 1308/1404/1308
f 1308/1404/1308 1315/1411/1315 1314/1410/1314
f 1315/1411/1315 1308/1404/1308 1309/1405/1309
f 1309/1405/1309 1316/1412/1316 1315/1411/1315
f 1317/1413/1317 1311/1407/1311 1312/1408/1312
f 1312/1408/1312 1318/1414/1318 1317/1413/1317
f 1318/1414/1318 1312/1408/1312 1313/1409/1313
f 1313/1409/1313 1319/1415/1319 1318/1414/1318
f 1319/1415/1319 1313/1409/1313 1314/1410/1314
f 1314/1410/1314 1320/1416/1320 1319/1415/1319
f 1320/1416/1320 1314/1410/1314 1315/1411/1315
f 1315/1411/1315 1321/1417/1321 1320/1416/1320
f 1321/1417/1321 1315/1411/1315 1316/1412/1316
f 1316/1412/1316 1322/1418/1322 1321/1417/1321
f 1323/1419/1323 1317/1413/1317 1318/1414/1318
f 1318/1414/1318 1324/1420/1324 1323/1419/1323
f 1324/1420/1324 1318/1414/1318 1319/1415/1319
f 1319/1415/1319 1325/1421/1325 1324/1420/1324
f 1325/1421/1325 1319/1415/1319 1320/1416/1320
f 1320/1416/1320 1326/1422/1326 1325/1421/1325
f 1326/1422/1326 1320/1416/1320 1321/1417/1321
f 1321/1417/1321 1327/1423/1327 1326/1422/1326
f 1327/1423/1327 1321/1417/1321 1322/1418/1322
f 1322/1418/1322 1328/1424/1328 1327/1423/1327
f 467/1369/467 546/1425/546 1261/1347/1261
f 1261/1347/1261 546/1425/546 1303/1399/1303
f 1303/1399/1303 546/1425/546 1310/1406/1310
f 546/1425/546 548/1426/548 1310/1406/1310
f 548/1426/548 550/1427/550 1310/1406/1310
f 550/1427/550 552/1428/552 1310/1406/1310
f 1310/1406/1310 552/1428/552 1309/1405/1309
f 1309/1405/1309 552/1428/552 1316/1412/1316
f 552/1428/552 554/1429/554 1316/1412/1316
f 554/1429/554 556/1430/556 1316/1412/1316
f 1316/1412/1316 556/1430/556 1322/1418/1322
f 556/1430/556 558/1431/558 1322/1418/1322
f 558/1431/558 560/1432/560 1322/1418/1322
f 1322/1418/1322 560/1432/560 1328/1424/1328
f 1328/1424/1328 560/1432/560 562/1433/562
f 1329/1434/1329 1182/1254/1182 1183/1255/1183
f 1183/1255/1183 1330/1435/1330 1329/1434/1329
f 1330/1435/1330 1183/1255/1183 1184/1256/1184
f 1184/1256/1184 1331/1436/1331 1330/1435/1330
f 1331/1436/1331 1184/1256/1184 1185/1257/1185
f 1185/1257/1185 1332/1437/1332 1331/1436/1331
f 1332/1437/1332 1185/1257/1185 1186/1258/1186
f 1186/1258/1186 1333/1438/1333 1332/1437/1332
f 1333/1438/1333 1186/1258/1186 1187/1259/1187
f 1187/1259/1187 1334/1439/1334 1333/1438/1333
f 1334/1439/1334 1187/1259/1187 1133/1197/1133
f 1133/1197/1133 1283/1379/1283 1334/1439/1334
f 1335/1440/1335 1329/1434/1329 1330/1435/1330
f 1330/1435/1330 1336/1441/1336 1335/1440/1335
f 1336/1441/1336 1330/1435/1330 1331/1436/1331
f 1331/1436/1331 1337/1442/1337 1336/1441/1336
f 1337/1442/1337 1331/1436/1331 1332/1437/1332
f 1332/1437/1332 1338/1443/1338 1337/1442/1337
f 1338/1443/1338 1332/1437/1332 1333/1438/1333
f 1333/1438/1333 1339/1444/1339 1338/1443/1338
f 1339/1444/1339 1333/1438/1333 1334/1439/1334
f 1334/1439/1334 1340/1445/1340 1339/1444/1339
f 1340/1445/1340 1334/1439/1334 1283/1379/1283
f 1283/1379/1283 1290/1386/1290 1340/1445/1340
f 1341/1447/1341 1335/1440/1335 1336/1441/1336
f 1336/1441/1336 1342/1448/1342 1341/1447/1341
f 1342/1448/1342 1336/1441/1336 1337/1442/1337
f 1337/1442/1337 1343/1449/1343 1342/1448/1342
f 1343/1449/1343 1337/1442/1337 1338/1443/1338
f 1338/1443/1338 1344/1450/1344 1343/1449/1343
f 1344/1450/1344 1338/1443/1338 1339/1444/1339
f 1339/1444/1339 1345/1451/1345 1344/1450/1344
f 1345/1451/1345 1339/1444/1339 1340/1445/1340
f 1340/1445/1340 1346/1452/1346 1345/1451/1345
f 1346/1452/1346 1340/1445/1340 1290/1386/1290
f 1290/1386/1290 1297/1393/1297 1346/1452/1346
f 1210/1453/1210 1202/1446/1202 1341/1447/1341
f 1341/1447/1341 1347/1454/1347 1210/1453/1210
f 1347/1454/1347 1341/1447/1341 1342/1448/1342
f 1342/1448/1342 1348/1455/1348 1347/1454/1347
f 1348/1455/1348 1342/1448/1342 1343/1449/1343
f 1343/1449/1343 1349/1456/1349 1348/1455/1348
f 1349/1456/1349 1343/1449/1343 1344/1450/1344
f 1344/1450/1344 1350/1457/1350 1349/1456/1349
f 1350/1457/1350 1344/1450/1344 1345/1451/1345
f 1345/1451/1345 1351/1458/1351 1350/1457/1350
f 1351/1458/1351 1345/1451/1345 1346/1452/1346
f 1346/1452/1346 1352/1459/1352 1351/1458/1351
f 1352/1459/1352 1346/1452/1346 1297/1393/1297
f 1297/1393/1297 1304/1400/1304 1352/1459/1352
f 1218/1460/1218 1210/1453/1210 1347/1454/1347
f 1347/1454/1347 1353/1461/1353 1218/1460/1218
f 1353/1461/1353 1347/1454/1347 1348/1455/1348
f 1348/1455/1348 1354/1462/1354 1353/1461/1353
f 1354/1462/1354 1348/1455/1348 1349/1456/1349
f 1349/1456/1349 1355/1463/1355 1354/1462/1354
f 1355/1463/1355 1349/1456/1349 1350/1457/1350
f 1350/1457/1350 1356/1464/1356 1355/1463/1355
f 1356/1464/1356 1350/1457/1350 1351/1458/1351
f 1351/1458/1351 1357/1465/1357 1356/1464/1356
f 1357/1465/1357 1351/1458/1351 1352/1459/1352
f 1352/1459/1352 1358/1466/1358 1357/1465/1357
f 1358/1466/1358 1352/1459/1352 1304/1400/1304
f 1304/1400/1304 1311/1407/1311 1358/1466/1358
f 1226/1467/1226 1218/1460/1218 1353/1461/1353
f 1353/1461/1353 1359/1468/1359 1226/1467/1226
f 1359/1468/1359 1353/1461/1353 1354/1462/1354
f 1354/1462/1354 1360/1469/1360 1359/1468/1359
f 1360/1469/1360 1354/1462/1354 1355/1463/1355
f 1355/1463/1355 1361/1470/1361 1360/1469/1360
f 1361/1470/1361 1355/1463/1355 1356/1464/1356
f 1356/1464/1356 1362/1471/1362 1361/1470/1361
f 1362/1471/1362 1356/1464/1356 1357/1465/1357
f 1357/1465/1357 1363/1472/1363 1362/1471/1362
f 1363/1472/1363 1357/1465/1357 1358/1466/1358
f 1358/1466/1358 1364/1473/1364 1363/1472/1363
f 1364/1473/1364 1358/1466/1358 1311/1407/1311
f 1311/1407/1311 1317/1413/1317 1364/1473/1364
f 1365/1474/1365 1359/1468/1359 1360/1469/1360
f 1360/1469/1360 1366/1475/1366 1365/1474/1365
f 1366/1475/1366 1360/1469/1360 1361/1470/1361
f 1361/1470/1361 1367/1476/1367 1366/1475/1366
f 1367/1476/1367 1361/1470/1361 1362/1471/1362
f 1362/1471/1362 1368/1477/1368 1367/1476/1367
f 1368/1477/1368 1362/1471/1362 1363/1472/1363
f 1363/1472/1363 1369/1478/1369 1368/1477/1368
f 1369/1478/1369 1363/1472/1363 1364/1473/1364
f 1364/1473/1364 1370/1479/1370 1369/1478/1369
f 1370/1479/1370 1364/1473/1364 1317/1413/1317
f 1317/1413/1317 1323/1419/1323 1370/1479/1370
f 1020/1253/1020 138/1481/138 68/1480/68
f 1182/1254/1182 138/1481/138 1020/1253/1020
f 1182/1254/1182 140/1482/140 138/1481/138
f 142/1483/142 140/1482/140 1329/1434/1329
f 1329/1434/1329 140/1482/140 1182/1254/1182
f 1329/1434/1329 144/1484/144 142/1483/142
f 1329/1434/1329 146/1485/146 144/1484/144
f 1335/1440/1335 146/1485/146 1329/1434/1329
f 148/1486/148 146/1485/146 1335/1440/1335
f 150/1487/150 148/1486/148 1335/1440/1335
f 1335/1440/1335 152/1488/152 150/1487/150
f 1341/1447/1341 152/1488/152 1335/1440/1335
f 1202/1446/1202 152/1488/152 1341/1447/1341
f 1202/1446/1202 86/1489/86 152/1488/152
f 1226/1467/1226 276/1491/276 212/1490/212
f 1359/1468/1359 276/1491/276 1226/1467/1226
f 1359/1468/1359 278/1492/278 276/1491/276
f 1365/1474/1365 278/1492/278 1359/1468/1359
f 1365/1474/1365 280/1493/280 278/1492/278
f 1235/1307/1235 1234/1306/1234 1371/1494/1371
f 1371/1494/1371 1372/1495/1372 1235/1307/1235
f 1236/1308/1236 1235/1307/1235 1372/1495/1372
f 1372/1495/1372 1373/1496/1373 1236/1308/1236
f 1237/1309/1237 1236/1308/1236 1373/1496/1373
f 1373/1496/1373 1374/1497/1374 1237/1309/1237
f 1238/1310/1238 1237/1309/1237 1374/1497/1374
f 1374/1497/1374 1375/1498/1375 1238/1310/1238
f 1239/1311/1239 1238/1310/1238 1375/1498/1375
f 1375/1498/1375 1376/1499/1376 1239/1311/1239
f 1240/1312/1240 1239/1311/1239 1376/1499/1376
f 1376/1499/1376 1377/1500/1377 1240/1312/1240
f 1372/1495/1372 1371/1494/1371 1379/1502/1379
f 1379/1502/1379 1380/1503/1380 1372/1495/1372
f 1373/1496/1373 1372/1495/1372 1380/1503/1380
f 1380/1503/1380 1381/1504/1381 1373/1496/1373
f 1374/1497/1374 1373/1496/1373 1381/1504/1381
f 1381/1504/1381 1382/1505/1382 1374/1497/1374
f 1375/1498/1375 1374/1497/1374 1382/1505/1382
f 1382/1505/1382 1383/1506/1383 1375/1498/1375
f 1376/1499/1376 1375/1498/1375 1383/1506/1383
f 1383/1506/1383 1384/1507/1384 1376/1499/1376
f 1377/1500/1377 1376/1499/1376 1384/1507/1384
f 1384/1507/1384 1385/1508/1385 1377/1500/1377
f 1379/1502/1379 1378/1501/1378 1386/1509/1386
f 1386/1509/1386 1387/1510/1387 1379/1502/1379
f 1380/1503/1380 1379/1502/1379 1387/1510/1387
f 1387/1510/1387 1388/1511/1388 1380/1503/1380
f 1381/1504/1381 1380/1503/1380 1388/1511/1388
f 1388/1511/1388 1389/1512/1389 1381/1504/1381
f 1382/1505/1382 1381/1504/1381 1389/1512/1389
f 1389/1512/1389 1390/1513/1390 1382/1505/1382
f 1383/1506/1383 1382/1505/1382 1390/1513/1390
f 1390/1513/1390 1391/1514/1391 1383/1506/1383
f 1384/1507/1384 1383/1506/1383 1391/1514/1391
f 1391/1514/1391 1392/1515/1392 1384/1507/1384
f 1385/1508/1385 1384/1507/1384 1392/1515/1392
f 1392/1515/1392 1393/1516/1393 1385/1508/1385
f 1387/1510/1387 1386/1509/1386 1394/1517/1394
f 1394/1517/1394 1395/1518/1395 1387/1510/1387
f 1388/1511/1388 1387/1510/1387 1395/1518/1395
f 1395/1518/1395 1396/1519/1396 1388/1511/1388
f 1389/1512/1389 1388/1511/1388 1396/1519/1396
f 1396/1519/1396 1397/1520/1397 1389/1512/1389
f 1390/1513/1390 1389/1512/1389 1397/1520/1397
f 1397/1520/1397 1398/1521/1398 1390/1513/1390
f 1391/1514/1391 1390/1513/1390 1398/1521/1398
f 1398/1521/1398 1399/1522/1399 1391/1514/1391
f 1392/1515/1392 1391/1514/1391 1399/1522/1399
f 1399/1522/1399 1400/1523/1400 1392/1515/1392
f 1393/1516/1393 1392/1515/1392 1400/1523/1400
f 1400/1523/1400 1401/1524/1401 1393/1516/1393
f 1395/1518/1395 1394/1517/1394 1402/1525/1402
f 1402/1525/1402 1403/1526/1403 1395/1518/1395
f 1396/1519/1396 1395/1518/1395 1403/1526/1403
f 1403/1526/1403 1404/1527/1404 1396/1519/1396
f 1397/1520/1397 1396/1519/1396 1404/1527/1404
f 1404/1527/1404 1405/1528/1405 1397/1520/1397
f 1398/1521/1398 1397/1520/1397 1405/1528/1405
f 1405/1528/1405 1406/1529/1406 1398/1521/1398
f 1399/1522/1399 1398/1521/1398 1406/1529/1406
f 1406/1529/1406 1407/1530/1407 1399/1522/1399
f 1400/1523/1400 1399/1522/1399 1407/1530/1407
f 1407/1530/1407 1408/1531/1408 1400/1523/1400
f 1401/1524/1401 1400/1523/1400 1408/1531/1408
f 1408/1531/1408 1409/1532/1409 1401/1524/1401
f 1403/1526/1403 1402/1525/1402 1410/1533/1410
f 1410/1533/1410 1411/1534/1411 1403/1526/1403
f 1404/1527/1404 1403/1526/1403 1411/1534/1411
f 1411/1534/1411 1412/1535/1412 1404/1527/1404
f 1405/1528/1405 1404/1527/1404 1412/1535/1412
f 1412/1535/1412 1413/1536/1413 1405/1528/1405
f 1406/1529/1406 1405/1528/1405 1413/1536/1413
f 1413/1536/1413 1414/1537/1414 1406/1529/1406
f 1407/1530/1407 1406/1529/1406 1414/1537/1414
f 1414/1537/1414 1415/1538/1415 1407/1530/1407
f 1408/1531/1408 1407/1530/1407 1415/1538/1415
f 1415/1538/1415 1416/1539/1416 1408/1531/1408
f 1409/1532/1409 1408/1531/1408 1416/1539/1416
f 1416/1539/1416 1417/1540/1417 1409/1532/1409
f 1411/1534/1411 1410/1533/1410 1418/1541/1418
f 1418/1541/1418 1419/1542/1419 1411/1534/1411
f 1412/1535/1412 1411/1534/1411 1419/1542/1419
f 1419/1542/1419 1420/1543/1420 1412/1535/1412
f 1413/1536/1413 1412/1535/1412 1420/1543/1420
f 1420/1543/1420 1421/1544/1421 1413/1536/1413
f 1414/1537/1414 1413/1536/1413 1421/1544/1421
f 1421/1544/1421 1422/1545/1422 1414/1537/1414
f 1415/1538/1415 1414/1537/1414 1422/1545/1422
f 1422/1545/1422 1423/1546/1423 1415/1538/1415
f 1416/1539/1416 1415/1538/1415 1423/1546/1423
f 1423/1546/1423 1424/1547/1424 1416/1539/1416
f 1417/1540/1417 1416/1539/1416 1424/1547/1424
f 1424/1547/1424 1425/1548/1425 1417/1540/1417
f 220/1549/220 1234/1306/1234 218/1326/218
f 220/1549/220 1371/1494/1371 1234/1306/1234
f 222/1550/222 1371/1494/1371 220/1549/220
f 222/1550/222 224/1551/224 1371/1494/1371
f 224/1551/224 226/1552/226 1379/1502/1379
f 224/1551/224 1379/1502/1379 1371/1494/1371
f 226/1552/226 228/1553/228 1379/1502/1379
f 228/1553/228 230/1554/230 1378/1501/1378
f 228/1553/228 1378/1501/1378 1379/1502/1379
f 1278/1364/1278 1240/1312/1240 1377/1500/1377
f 1377/1500/1377 1426/1555/1426 1278/1364/1278
f 1279/1365/1279 1278/1364/1278 1426/1555/1426
f 1426/1555/1426 1427/1556/1427 1279/1365/1279
f 1280/1366/1280 1279/1365/1279 1427/1556/1427
f 1427/1556/1427 1428/1557/1428 1280/1366/1280
f 1281/1367/1281 1280/1366/1280 1428/1557/1428
f 1428/1557/1428 1429/1558/1429 1281/1367/1281
f 1282/1368/1282 1281/1367/1281 1429/1558/1429
f 1429/1558/1429 1430/1559/1430 1282/1368/1282
f 1426/1555/1426 1377/1500/1377 1385/1508/1385
f 1385/1508/1385 1432/1561/1432 1426/1555/1426
f 1427/1556/1427 1426/1555/1426 1432/1561/1432
f 1432/1561/1432 1433/1562/1433 1427/1556/1427
f 1428/1557/1428 1427/1556/1427 1433/1562/1433
f 1433/1562/1433 1434/1563/1434 1428/1557/1428
f 1429/1558/1429 1428/1557/1428 1434/1563/1434
f 1434/1563/1434 1435/1564/1435 1429/1558/1429
f 1430/1559/1430 1429/1558/1429 1435/1564/1435
f 1435/1564/1435 1436/1565/1436 1430/1559/1430
f 1431/1560/1431 1430/1559/1430 1436/1565/1436
f 1436/1565/1436 1437/1566/1437 1431/1560/1431
f 1432/1561/1432 1385/1508/1385 1393/1516/1393
f 1393/1516/1393 1439/1568/1439 1432/1561/1432
f 1433/1562/1433 1432/1561/1432 1439/1568/1439
f 1439/1568/1439 1440/1569/1440 1433/1562/1433
f 1434/1563/1434 1433/1562/1433 1440/1569/1440
f 1440/1569/1440 1441/1570/1441 1434/1563/1434
f 1435/1564/1435 1434/1563/1434 1441/1570/1441
f 1441/1570/1441 1442/1571/1442 1435/1564/1435
f 1436/1565/1436 1435/1564/1435 1442/1571/1442
f 1442/1571/1442 1443/1572/1443 1436/1565/1436
f 1437/1566/1437 1436/1565/1436 1443/1572/1443
f 1443/1572/1443 1444/1573/1444 1437/1566/1437
f 1438/1567/1438 1437/1566/1437 1444/1573/1444
f 1444/1573/1444 1445/1574/1445 1438/1567/1438
f 1439/1568/1439 1393/1516/1393 1401/1524/1401
f 1401/1524/1401 1446/1575/1446 1439/1568/1439
f 1440/1569/1440 1439/1568/1439 1446/1575/1446
f 1446/1575/1446 1447/1576/1447 1440/1569/1440
f 1441/1570/1441 1440/1569/1440 1447/1576/1447
f 1447/1576/1447 1448/1577/1448 1441/1570/1441
f 1442/1571/1442 1441/1570/1441 1448/1577/1448
f 1448/1577/1448 1449/1578/1449 1442/1571/1442
f 1443/1572/1443 1442/1571/1442 1449/1578/1449
f 1449/1578/1449 1450/1579/1450 1443/1572/1443
f 1444/1573/1444 1443/1572/1443 1450/1579/1450
f 1450/1579/1450 1451/1580/1451 1444/1573/1444
f 1445/1574/1445 1444/1573/1444 1451/1580/1451
f 1451/1580/1451 1452/1581/1452 1445/1574/1445
f 1446/1575/1446 1401/1524/1401 1409/1532/1409
f 1409/1532/1409 1453/1582/1453 1446/1575/1446
f 1447/1576/1447 1446/1575/1446 1453/1582/1453
f 1453/1582/1453 1454/1583/1454 1447/1576/1447
f 1448/1577/1448 1447/1576/1447 1454/1583/1454
f 1454/1583/1454 1455/1584/1455 1448/1577/1448
f 1449/1578/1449 1448/1577/1448 1455/1584/1455
f 1455/1584/1455 1456/1585/1456 1449/1578/1449
f 1450/1579/1450 1449/1578/1449 1456/1585/1456
f 1456/1585/1456 1457/1586/1457 1450/1579/1450
f 1451/1580/1451 1450/1579/1450 1457/1586/1457
f 1457/1586/1457 1458/1587/1458 1451/1580/1451
f 1452/1581/1452 1451/1580/1451 1458/1587/1458
f 1458/1587/1458 1459/1588/1459 1452/1581/1452
f 1453/1582/1453 1409/1532/1409 1417/1540/1417
f 1417/1540/1417 1460/1589/1460 1453/1582/1453
f 1454/1583/1454 1453/1582/1453 1460/1589/1460
f 1460/1589/1460 1461/1590/1461 1454/1583/1454
f 1455/1584/1455 1454/1583/1454 1461/1590/1461
f 1461/1590/1461 1462/1591/1462 1455/1584/1455
f 1456/1585/1456 1455/1584/1455 1462/1591/1462
f 1462/1591/1462 1463/1592/1463 1456/1585/1456
f 1457/1586/1457 1456/1585/1456 1463/1592/1463
f 1463/1592/1463 1464/1593/1464 1457/1586/1457
f 1458/1587/1458 1457/1586/1457 1464/1593/1464
f 1464/1593/1464 1465/1594/1465 1458/1587/1458
f 1459/1588/1459 1458/1587/1458 1465/1594/1465
f 1465/1594/1465 1466/1595/1466 1459/1588/1459
f 1460/1589/1460 1417/1540/1417 1425/1548/1425
f 1425/1548/1425 1467/1596/1467 1460/1589/1460
f 1461/1590/1461 1460/1589/1460 1467/1596/1467
f 1467/1596/1467 1468/1597/1468 1461/1590/1461
f 1462/1591/1462 1461/1590/1461 1468/1597/1468
f 1468/1597/1468 1469/1598/1469 1462/1591/1462
f 1463/1592/1463 1462/1591/1462 1469/1598/1469
f 1469/1598/1469 1470/1599/1470 1463/1592/1463
f 1464/1593/1464 1463/1592/1463 1470/1599/1470
f 1470/1599/1470 1471/1600/1471 1464/1593/1464
f 1465/1594/1465 1464/1593/1464 1471/1600/1471
f 1471/1600/1471 1472/1601/1472 1465/1594/1465
f 1466/1595/1466 1465/1594/1465 1472/1601/1472
f 1472/1601/1472 1473/1602/1473 1466/1595/1466
f 487/1603/487 485/1378/485 1282/1368/1282
f 487/1603/487 1282/1368/1282 1430/1559/1430
f 487/1603/487 1430/1559/1430 1431/1560/1431
f 489/1604/489 487/1603/487 1431/1560/1431
f 489/1604/489 1431/1560/1431 491/1605/491
f 491/1605/491 1437/1566/1437 493/1606/493
f 491/1605/491 1431/1560/1431 1437/1566/1437
f 493/1606/493 1438/1567/1438 495/1607/495
f 493/1606/493 1437/1566/1437 1438/1567/1438
f 1474/1608/1474 1323/1419/1323 1324/1420/1324
f 1324/1420/1324 1475/1609/1475 1474/1608/1474
f 1475/1609/1475 1324/1420/1324 1325/1421/1325
f 1325/1421/1325 1476/1610/1476 1475/1609/1475
f 1476/1610/1476 1325/1421/1325 1326/1422/1326
f 1326/1422/1326 1477/1611/1477 1476/1610/1476
f 1477/1611/1477 1326/1422/1326 1327/1423/1327
f 1327/1423/1327 1478/1612/1478 1477/1611/1477
f 1478/1612/1478 1327/1423/1327 1328/1424/1328
f 1328/1424/1328 1479/1613/1479 1478/1612/1478
f 1481/1615/1481 1474/1608/1474 1475/1609/1475
f 1475/1609/1475 1482/1616/1482 1481/1615/1481
f 1482/1616/1482 1475/1609/1475 1476/1610/1476
f 1476/1610/1476 1483/1617/1483 1482/1616/1482
f 1483/1617/1483 1476/1610/1476 1477/1611/1477
f 1477/1611/1477 1484/1618/1484 1483/1617/1483
f 1484/1618/1484 1477/1611/1477 1478/1612/1478
f 1478/1612/1478 1485/1619/1485 1484/1618/1484
f 1485/1619/1485 1478/1612/1478 1479/1613/1479
f 1479/1613/1479 1486/1620/1486 1485/1619/1485
f 1486/1620/1486 1479/1613/1479 1480/1614/1480
f 1480/1614/1480 1487/1621/1487 1486/1620/1486
f 1488/1622/1488 1481/1615/1481 1482/1616/1482
f 1482/1616/1482 1489/1623/1489 1488/1622/1488
f 1489/1623/1489 1482/1616/1482 1483/1617/1483
f 1483/1617/1483 1490/1624/1490 1489/1623/1489
f 1490/1624/1490 1483/1617/1483 1484/1618/1484
f 1484/1618/1484 1491/1625/1491 1490/1624/1490
f 1491/1625/1491 1484/1618/1484 1485/1619/1485
f 1485/1619/1485 1492/1626/1492 1491/1625/1491
f 1492/1626/1492 1485/1619/1485 1486/1620/1486
f 1486/1620/1486 1493/1627/1493 1492/1626/1492
f 1493/1627/1493 1486/1620/1486 1487/1621/1487
f 1487/1621/1487 1494/1628/1494 1493/1627/1493
f 1494/1628/1494 1487/1621/1487 1438/1567/1438
f 1438/1567/1438 1445/1574/1445 1494/1628/1494
f 1495/1629/1495 1488/1622/1488 1489/1623/1489
f 1489/1623/1489 1496/1630/1496 1495/1629/1495
f 1496/1630/1496 1489/1623/1489 1490/1624/1490
f 1490/1624/1490 1497/1631/1497 1496/1630/1496
f 1497/1631/1497 1490/1624/1490 1491/1625/1491
f 1491/1625/1491 1498/1632/1498 1497/1631/1497
f 1498/1632/1498 1491/1625/1491 1492/1626/1492
f 1492/1626/1492 1499/1633/1499 1498/1632/1498
f 1499/1633/1499 1492/1626/1492 1493/1627/1493
f 1493/1627/1493 1500/1634/1500 1499/1633/1499
f 1500/1634/1500 1493/1627/1493 1494/1628/1494
f 1494/1628/1494 1501/1635/1501 1500/1634/1500
f 1501/1635/1501 1494/1628/1494 1445/1574/1445
f 1445/1574/1445 1452/1581/1452 1501/1635/1501
f 1502/1636/1502 1495/1629/1495 1496/1630/1496
f 1496/1630/1496 1503/1637/1503 1502/1636/1502
f 1503/1637/1503 1496/1630/1496 1497/1631/1497
f 1497/1631/1497 1504/1638/1504 1503/1637/1503
f 1504/1638/1504 1497/1631/1497 1498/1632/1498
f 1498/1632/1498 1505/1639/1505 1504/1638/1504
f 1505/1639/1505 1498/1632/1498 1499/1633/1499
f 1499/1633/1499 1506/1640/1506 1505/1639/1505
f 1506/1640/1506 1499/1633/1499 1500/1634/1500
f 1500/1634/1500 1507/1641/1507 1506/1640/1506
f 1507/1641/1507 1500/1634/1500 1501/1635/1501
f 1501/1635/1501 1508/1642/1508 1507/1641/1507
f 1508/1642/1508 1501/1635/1501 1452/1581/1452
f 1452/1581/1452 1459/1588/1459 1508/1642/1508
f 1509/1643/1509 1502/1636/1502 1503/1637/1503
f 1503/1637/1503 1510/1644/1510 1509/1643/1509
f 1510/1644/1510 1503/1637/1503 1504/1638/1504
f 1504/1638/1504 1511/1645/1511 1510/1644/1510
f 1511/1645/1511 1504/1638/1504 1505/1639/1505
f 1505/1639/1505 1512/1646/1512 1511/1645/1511
f 1512/1646/1512 1505/1639/1505 1506/1640/1506
f 1506/1640/1506 1513/1647/1513 1512/1646/1512
f 1513/1647/1513 1506/1640/1506 1507/1641/1507
f 1507/1641/1507 1514/1648/1514 1513/1647/1513
f 1514/1648/1514 1507/1641/1507 1508/1642/1508
f 1508/1642/1508 1515/1649/1515 1514/1648/1514
f 1515/1649/1515 1508/1642/1508 1459/1588/1459
f 1459/1588/1459 1466/1595/1466 1515/1649/1515
f 1516/1650/1516 1509/1643/1509 1510/1644/1510
f 1510/1644/1510 1517/1651/1517 1516/1650/1516
f 1517/1651/1517 1510/1644/1510 1511/1645/1511
f 1511/1645/1511 1518/1652/1518 1517/1651/1517
f 1518/1652/1518 1511/1645/1511 1512/1646/1512
f 1512/1646/1512 1519/1653/1519 1518/1652/1518
f 1519/1653/1519 1512/1646/1512 1513/1647/1513
f 1513/1647/1513 1520/1654/1520 1519/1653/1519
f 1520/1654/1520 1513/1647/1513 1514/1648/1514
f 1514/1648/1514 1521/1655/1521 1520/1654/1520
f 1521/1655/1521 1514/1648/1514 1515/1649/1515
f 1515/1649/1515 1522/1656/1522 1521/1655/1521
f 1522/1656/1522 1515/1649/1515 1466/1595/1466
f 1466/1595/1466 1473/1602/1473 1522/1656/1522
f 562/1433/562 564/1657/564 1328/1424/1328
f 1328/1424/1328 564/1657/564 1479/1613/1479
f 1479/1613/1479 564/1657/564 1480/1614/1480
f 564/1657/564 566/1658/566 1480/1614/1480
f 1480/1614/1480 566/1658/566 568/1659/568
f 1487/1621/1487 568/1659/568 570/1660/570
f 1480/1614/1480 568/1659/568 1487/1621/1487
f 1438/1567/1438 570/1660/570 495/1607/495
f 1487/1621/1487 570/1660/570 1438/1567/1438
f 1523/1661/1523 1365/1474/1365 1366/1475/1366
f 1366/1475/1366 1524/1662/1524 1523/1661/1523
f 1524/1662/1524 1366/1475/1366 1367/1476/1367
f 1367/1476/1367 1525/1663/1525 1524/1662/1524
f 1525/1663/1525 1367/1476/1367 1368/1477/1368
f 1368/1477/1368 1526/1664/1526 1525/1663/1525
f 1526/1664/1526 1368/1477/1368 1369/1478/1369
f 1369/1478/1369 1527/1665/1527 1526/1664/1526
f 1527/1665/1527 1369/1478/1369 1370/1479/1370
f 1370/1479/1370 1528/1666/1528 1527/1665/1527
f 1528/1666/1528 1370/1479/1370 1323/1419/1323
f 1323/1419/1323 1474/1608/1474 1528/1666/1528
f 1529/1668/1529 1523/1661/1523 1524/1662/1524
f 1524/1662/1524 1530/1669/1530 1529/1668/1529
f 1530/1669/1530 1524/1662/1524 1525/1663/1525
f 1525/1663/1525 1531/1670/1531 1530/1669/1530
f 1531/1670/1531 1525/1663/1525 1526/1664/1526
f 1526/1664/1526 1532/1671/1532 1531/1670/1531
f 1532/1671/1532 1526/1664/1526 1527/1665/1527
f 1527/1665/1527 1533/1672/1533 1532/1671/1532
f 1533/1672/1533 1527/1665/1527 1528/1666/1528
f 1528/1666/1528 1534/1673/1534 1533/1672/1533
f 1534/1673/1534 1528/1666/1528 1474/1608/1474
f 1474/1608/1474 1481/1615/1481 1534/1673/1534
f 1386/1674/1386 1378/1667/1378 1529/1668/1529
f 1529/1668/1529 1535/1675/1535 1386/1674/1386
f 1535/1675/1535 1529/1668/1529 1530/1669/1530
f 1530/1669/1530 1536/1676/1536 1535/1675/1535
f 1536/1676/1536 1530/1669/1530 1531/1670/1531
f 1531/1670/1531 1537/1677/1537 1536/1676/1536
f 1537/1677/1537 1531/1670/1531 1532/1671/1532
f 1532/1671/1532 1538/1678/1538 1537/1677/1537
f 1538/1678/1538 1532/1671/1532 1533/1672/1533
f 1533/1672/1533 1539/1679/1539 1538/1678/1538
f 1539/1679/1539 1533/1672/1533 1534/1673/1534
f 1534/1673/1534 1540/1680/1540 1539/1679/1539
f 1540/1680/1540 1534/1673/1534 1481/1615/1481
f 1481/1615/1481 1488/1622/1488 1540/1680/1540
f 1394/1681/1394 1386/1674/1386 1535/1675/1535
f 1535/1675/1535 1541/1682/1541 1394/1681/1394
f 1541/1682/1541 1535/1675/1535 1536/1676/1536
f 1536/1676/1536 1542/1683/1542 1541/1682/1541
f 1542/1683/1542 1536/1676/1536 1537/1677/1537
f 1537/1677/1537 1543/1684/1543 1542/1683/1542
f 1543/1684/1543 1537/1677/1537 1538/1678/1538
f 1538/1678/1538 1544/1685/1544 1543/1684/1543
f 1544/1685/1544 1538/1678/1538 1539/1679/1539
f 1539/1679/1539 1545/1686/1545 1544/1685/1544
f 1545/1686/1545 1539/1679/1539 1540/1680/1540
f 1540/1680/1540 1546/1687/1546 1545/1686/1545
f 1546/1687/1546 1540/1680/1540 1488/1622/1488
f 1488/1622/1488 1495/1629/1495 1546/1687/1546
f 1402/1688/1402 1394/1681/1394 1541/1682/1541
f 1541/1682/1541 1547/1689/1547 1402/1688/1402
f 1547/1689/1547 1541/1682/1541 1542/1683/1542
f 1542/1683/1542 1548/1690/1548 1547/1689/1547
f 1548/1690/1548 1542/1683/1542 1543/1684/1543
f 1543/1684/1543 1549/1691/1549 1548/1690/1548
f 1549/1691/1549 1543/1684/1543 1544/1685/1544
f 1544/1685/1544 1550/1692/1550 1549/1691/1549
f 1550/1692/1550 1544/1685/1544 1545/1686/1545
f 1545/1686/1545 1551/1693/1551 1550/1692/1550
f 1551/1693/1551 1545/1686/1545 1546/1687/1546
f 1546/1687/1546 1552/1694/1552 1551/1693/1551
f 1552/1694/1552 1546/1687/1546 1495/1629/1495
f 1495/1629/1495 1502/1636/1502 1552/1694/1552
f 1410/1695/1410 1402/1688/1402 1547/1689/1547
f 1547/1689/1547 1553/1696/1553 1410/1695/1410
f 1553/1696/1553 1547/1689/1547 1548/1690/1548
f 1548/1690/1548 1554/1697/1554 1553/1696/1553
f 1554/1697/1554 1548/1690/1548 1549/1691/1549
f 1549/1691/1549 1555/1698/1555 1554/1697/1554
f 1555/1698/1555 1549/1691/1549 1550/1692/1550
f 1550/1692/1550 1556/1699/1556 1555/1698/1555
f 1556/1699/1556 1550/1692/1550 1551/1693/1551
f 1551/1693/1551 1557/1700/1557 1556/1699/1556
f 1557/1700/1557 1551/1693/1551 1552/1694/1552
f 1552/1694/1552 1558/1701/1558 1557/1700/1557
f 1558/1701/1558 1552/1694/1552 1502/1636/1502
f 1502/1636/1502 1509/1643/1509 1558/1701/1558
f 1418/1702/1418 1410/1695/1410 1553/1696/1553
f 1553/1696/1553 1559/1703/1559 1418/1702/1418
f 1559/1703/1559 1553/1696/1553 1554/1697/1554
f 1554/1697/1554 1560/1704/1560 1559/1703/1559
f 1560/1704/1560 1554/1697/1554 1555/1698/1555
f 1555/1698/1555 1561/1705/1561 1560/1704/1560
f 1561/1705/1561 1555/1698/1555 1556/1699/1556
f 1556/1699/1556 1562/1706/1562 1561/1705/1561
f 1562/1706/1562 1556/1699/1556 1557/1700/1557
f 1557/1700/1557 1563/1707/1563 1562/1706/1562
f 1563/1707/1563 1557/1700/1557 1558/1701/1558
f 1558/1701/1558 1564/1708/1564 1563/1707/1563
f 1564/1708/1564 1558/1701/1558 1509/1643/1509
f 1509/1643/1509 1516/1650/1516 1564/1708/1564
f 1365/1474/1365 282/1709/282 280/1493/280
f 1523/1661/1523 282/1709/282 1365/1474/1365
f 1523/1661/1523 284/1710/284 282/1709/282
f 286/1711/286 284/1710/284 1523/1661/1523
f 288/1712/288 286/1711/286 1529/1668/1529
f 1529/1668/1529 286/1711/286 1523/1661/1523
f 290/1713/290 288/1712/288 1529/1668/1529
f 230/1714/230 290/1713/290 1378/1667/1378
f 1378/1667/1378 290/1713/290 1529/1668/1529
f 1419/1716/1419 1418/1715/1418 1565/1723/1565
f 1565/1723/1565 1566/1724/1566 1419/1716/1419
f 1420/1717/1420 1419/1716/1419 1566/1724/1566
f 1566/1724/1566 1567/1725/1567 1420/1717/1420
f 1421/1718/1421 1420/1717/1420 1567/1725/1567
f 1567/1725/1567 1568/1726/1568 1421/1718/1421
f 1422/1719/1422 1421/1718/1421 1568/1726/1568
f 1568/1726/1568 1569/1727/1569 1422/1719/1422
f 1423/1720/1423 1422/1719/1422 1569/1727/1569
f 1569/1727/1569 1570/1728/1570 1423/1720/1423
f 1424/1721/1424 1423/1720/1423 1570/1728/1570
f 1570/1728/1570 1571/1729/1571 1424/1721/1424
f 1425/1722/1425 1424/1721/1424 1571/1729/1571
f 1571/1729/1571 1572/1730/1572 1425/1722/1425
f 1566/1724/1566 1565/1723/1565 1573/1731/1573
f 1573/1731/1573 1574/1732/1574 1566/1724/1566
f 1567/1725/1567 1566/1724/1566 1574/1732/1574
f 1574/1732/1574 1575/1733/1575 1567/1725/1567
f 1568/1726/1568 1567/1725/1567 1575/1733/1575
f 1575/1733/1575 1576/1734/1576 1568/1726/1568
f 1569/1727/1569 1568/1726/1568 1576/1734/1576
f 1576/1734/1576 1577/1735/1577 1569/1727/1569
f 1570/1728/1570 1569/1727/1569 1577/1735/1577
f 1577/1735/1577 1578/1736/1578 1570/1728/1570
f 1571/1729/1571 1570/1728/1570 1578/1736/1578
f 1578/1736/1578 1579/1737/1579 1571/1729/1571
f 1572/1730/1572 1571/1729/1571 1579/1737/1579
f 1579/1737/1579 1580/1738/1580 1572/1730/1572
f 1574/1732/1574 1573/1731/1573 1581/1739/1581
f 1581/1739/1581 1582/1740/1582 1574/1732/1574
f 1575/1733/1575 1574/1732/1574 1582/1740/1582
f 1582/1740/1582 1583/1741/1583 1575/1733/1575
f 1576/1734/1576 1575/1733/1575 1583/1741/1583
f 1583/1741/1583 1584/1742/1584 1576/1734/1576
f 1577/1735/1577 1576/1734/1576 1584/1742/1584
f 1584/1742/1584 1585/1743/1585 1577/1735/1577
f 1578/1736/1578 1577/1735/1577 1585/1743/1585
f 1585/1743/1585 1586/1744/1586 1578/1736/1578
f 1579/1737/1579 1578/1736/1578 1586/1744/1586
f 1586/1744/1586 1587/1745/1587 1579/1737/1579
f 1580/1738/1580 1579/1737/1579 1587/1745/1587
f 1587/1745/1587 1588/1746/1588 1580/1738/1580
f 1582/1740/1582 1581/1739/1581 1589/1747/1589
f 1589/1747/1589 1590/1748/1590 1582/1740/1582
f 1583/1741/1583 1582/1740/1582 1590/1748/1590
f 1590/1748/1590 1591/1749/1591 1583/1741/1583
f 1584/1742/1584 1583/1741/1583 1591/1749/1591
f 1591/1749/1591 1592/1750/1592 1584/1742/1584
f 1585/1743/1585 1584/1742/1584 1592/1750/1592
f 1592/1750/1592 1593/1751/1593 1585/1743/1585
f 1586/1744/1586 1585/1743/1585 1593/1751/1593
f 1593/1751/1593 1594/1752/1594 1586/1744/1586
f 1587/1745/1587 1586/1744/1586 1594/1752/1594
f 1594/1752/1594 1595/1753/1595 1587/1745/1587
f 1588/1746/1588 1587/1745/1587 1595/1753/1595
f 1595/1753/1595 1596/1754/1596 1588/1746/1588
f 1590/1748/1590 1589/1747/1589 1597/1755/1597
f 1597/1755/1597 1598/1756/1598 1590/1748/1590
f 1591/1749/1591 1590/1748/1590 1598/1756/1598
f 1598/1756/1598 1599/1757/1599 1591/1749/1591
f 1592/1750/1592 1591/1749/1591 1599/1757/1599
f 1599/1757/1599 1600/1758/1600 1592/1750/1592
f 1593/1751/1593 1592/1750/1592 1600/1758/1600
f 1600/1758/1600 1601/1759/1601 1593/1751/1593
f 1594/1752/1594 1593/1751/1593 1601/1759/1601
f 1601/1759/1601 1602/1760/1602 1594/1752/1594
f 1595/1753/1595 1594/1752/1594 1602/1760/1602
f 1602/1760/1602 1603/1761/1603 1595/1753/1595
f 1596/1754/1596 1595/1753/1595 1603/1761/1603
f 1603/1761/1603 1604/1762/1604 1596/1754/1596
f 1598/1756/1598 1597/1755/1597 1605/1763/1605
f 1605/1763/1605 1606/1764/1606 1598/1756/1598
f 1599/1757/1599 1598/1756/1598 1606/1764/1606
f 1606/1764/1606 1607/1765/1607 1599/1757/1599
f 1600/1758/1600 1599/1757/1599 1607/1765/1607
f 1607/1765/1607 1608/1766/1608 1600/1758/1600
f 1601/1759/1601 1600/1758/1600 1608/1766/1608
f 1608/1766/1608 1609/1767/1609 1601/1759/1601
f 1602/1760/1602 1601/1759/1601 1609/1767/1609
f 1609/1767/1609 1610/1768/1610 1602/1760/1602
f 1603/1761/1603 1602/1760/1602 1610/1768/1610
f 1610/1768/1610 1611/1769/1611 1603/1761/1603
f 1604/1762/1604 1603/1761/1603 1611/1769/1611
f 1611/1769/1611 1612/1770/1612 1604/1762/1604
f 1606/1764/1606 1605/1763/1605 1613/1771/1613
f 1607/1765/1607 1606/1764/1606 1613/1771/1613
f 1608/1766/1608 1607/1765/1607 1613/1771/1613
f 1609/1767/1609 1608/1766/1608 1613/1771/1613
f 1610/1768/1610 1609/1767/1609 1613/1771/1613
f 1611/1769/1611 1610/1768/1610 1613/1771/1613
f 1612/1770/1612 1611/1769/1611 1613/1771/1613
f 1467/1772/1467 1425/1722/1425 1572/1730/1572
f 1572/1730/1572 1614/1779/1614 1467/1772/1467
f 1468/1773/1468 1467/1772/1467 1614/1779/1614
f 1614/1779/1614 1615/1780/1615 1468/1773/1468
f 1469/1774/1469 1468/1773/1468 1615/1780/1615
f 1615/1780/1615 1616/1781/1616 1469/1774/1469
f 1470/1775/1470 1469/1774/1469 1616/1781/1616
f 1616/1781/1616 1617/1782/1617 1470/1775/1470
f 1471/1776/1471 1470/1775/1470 1617/1782/1617
f 1617/1782/1617 1618/1783/1618 1471/1776/1471
f 1472/1777/1472 1471/1776/1471 1618/1783/1618
f 1618/1783/1618 1619/1784/1619 1472/1777/1472
f 1473/1778/1473 1472/1777/1472 1619/1784/1619
f 1619/1784/1619 1620/1785/1620 1473/1778/1473
f 1614/1779/1614 1572/1730/1572 1580/1738/1580
f 1580/1738/1580 1621/1786/1621 1614/1779/1614
f 1615/1780/1615 1614/1779/1614 1621/1786/1621
f 1621/1786/1621 1622/1787/1622 1615/1780/1615
f 1616/1781/1616 1615/1780/1615 1622/1787/1622
f 1622/1787/1622 1623/1788/1623 1616/1781/1616
f 1617/1782/1617 1616/1781/1616 1623/1788/1623
f 1623/1788/1623 1624/1789/1624 1617/1782/1617
f 1618/1783/1618 1617/1782/1617 1624/1789/1624
f 1624/1789/1624 1625/1790/1625 1618/1783/1618
f 1619/1784/1619 1618/1783/1618 1625/1790/1625
f 1625/1790/1625 1626/1791/1626 1619/1784/1619
f 1620/1785/1620 1619/1784/1619 1626/1791/1626
f 1626/1791/1626 1627/1792/1627 1620/1785/1620
f 1621/1786/1621 1580/1738/1580 1588/1746/1588
f 1588/1746/1588 1628/1793/1628 1621/1786/1621
f 1622/1787/1622 1621/1786/1621 1628/1793/1628
f 1628/1793/1628 1629/1794/1629 1622/1787/1622
f 1623/1788/1623 1622/1787/1622 1629/1794/1629
f 1629/1794/1629 1630/1795/1630 1623/1788/1623
f 1624/1789/1624 1623/1788/1623 1630/1795/1630
f 1630/1795/1630 1631/1796/1631 1624/1789/1624
f 1625/1790/1625 1624/1789/1624 1631/1796/1631
f 1631/1796/1631 1632/1797/1632 1625/1790/1625
f 1626/1791/1626 1625/1790/1625 1632/1797/1632
f 1632/1797/1632 1633/1798/1633 1626/1791/1626
f 1627/1792/1627 1626/1791/1626 1633/1798/1633
f 1633/1798/1633 1634/1799/1634 1627/1792/1627
f 1628/1793/1628 1588/1746/1588 1596/1754/1596
f 1596/1754/1596 1635/1800/1635 1628/1793/1628
f 1629/1794/1629 1628/1793/1628 1635/1800/1635
f 1635/1800/1635 1636/1801/1636 1629/1794/1629
f 1630/1795/1630 1629/1794/1629 1636/1801/1636
f 1636/1801/1636 1637/1802/1637 1630/1795/1630
f 1631/1796/1631 1630/1795/1630 1637/1802/1637
f 1637/1802/1637 1638/1803/1638 1631/1796/1631
f 1632/1797/1632 1631/1796/1631 1638/1803/1638
f 1638/1803/1638 1639/1804/1639 1632/1797/1632
f 1633/1798/1633 1632/1797/1632 1639/1804/1639
f 1639/1804/1639 1640/1805/1640 1633/1798/1633
f 1634/1799/1634 1633/1798/1633 1640/1805/1640
f 1640/1805/1640 1641/1806/1641 1634/1799/1634
f 1635/1800/1635 1596/1754/1596 1604/1762/1604
f 1604/1762/1604 1642/1807/1642 1635/1800/1635
f 1636/1801/1636 1635/1800/1635 1642/1807/1642
f 1642/1807/1642 1643/1808/1643 1636/1801/1636
f 1637/1802/1637 1636/1801/1636 1643/1808/1643
f 1643/1808/1643 1644/1809/1644 1637/1802/1637
f 1638/1803/1638 1637/1802/1637 1644/1809/1644
f 1644/1809/1644 1645/1810/1645 1638/1803/1638
f 1639/1804/1639 1638/1803/1638 1645/1810/1645
f 1645/1810/1645 1646/1811/1646 1639/1804/1639
f 1640/1805/1640 1639/1804/1639 1646/1811/1646
f 1646/1811/1646 1647/1812/1647 1640/1805/1640
f 1641/1806/1641 1640/1805/1640 1647/1812/1647
f 1647/1812/1647 1648/1813/1648 1641/1806/1641
f 1642/1807/1642 1604/1762/1604 1612/1770/1612
f 1612/1770/1612 1649/1814/1649 1642/1807/1642
f 1643/1808/1643 1642/1807/1642 1649/1814/1649
f 1649/1814/1649 1650/1815/1650 1643/1808/1643
f 1644/1809/1644 1643/1808/1643 1650/1815/1650
f 1650/1815/1650 1651/1816/1651 1644/1809/1644
f 1645/1810/1645 1644/1809/1644 1651/1816/1651
f 1651/1816/1651 1652/1817/1652 1645/1810/1645
f 1646/1811/1646 1645/1810/1645 1652/1817/1652
f 1652/1817/1652 1653/1818/1653 1646/1811/1646
f 1647/1812/1647 1646/1811/1646 1653/1818/1653
f 1653/1818/1653 1654/1819/1654 1647/1812/1647
f 1648/1813/1648 1647/1812/1647 1654/1819/1654
f 1654/1819/1654 1655/1820/1655 1648/1813/1648
f 1649/1814/1649 1612/1770/1612 1613/1771/1613
f 1650/1815/1650 1649/1814/1649 1613/1771/1613
f 1651/1816/1651 1650/1815/1650 1613/1771/1613
f 1652/1817/1652 1651/1816/1651 1613/1771/1613
f 1653/1818/1653 1652/1817/1652 1613/1771/1613
f 1654/1819/1654 1653/1818/1653 1613/1771/1613
f 1655/1820/1655 1654/1819/1654 1613/1771/1613
f 1656/1828/1656 1516/1821/1516 1517/1822/1517
f 1517/1822/1517 1657/1829/1657 1656/1828/1656
f 1657/1829/1657 1517/1822/1517 1518/1823/1518
f 1518/1823/1518 1658/1830/1658 1657/1829/1657
f 1658/1830/1658 1518/1823/1518 1519/1824/1519
f 1519/1824/1519 1659/1831/1659 1658/1830/1658
f 1659/1831/1659 1519/1824/1519 1520/1825/1520
f 1520/1825/1520 1660/1832/1660 1659/1831/1659
f 1660/1832/1660 1520/1825/1520 1521/1826/1521
f 1521/1826/1521 1661/1833/1661 1660/1832/1660
f 1661/1833/1661 1521/1826/1521 1522/1827/1522
f 1522/1827/1522 1662/1834/1662 1661/1833/1661
f 1662/1834/1662 1522/1827/1522 1473/1778/1473
f 1473/1778/1473 1620/1785/1620 1662/1834/1662
f 1663/1835/1663 1656/1828/1656 1657/1829/1657
f 1657/1829/1657 1664/1836/1664 1663/1835/1663
f 1664/1836/1664 1657/1829/1657 1658/1830/1658
f 1658/1830/1658 1665/1837/1665 1664/1836/1664
f 1665/1837/1665 1658/1830/1658 1659/1831/1659
f 1659/1831/1659 1666/1838/1666 1665/1837/1665
f 1666/1838/1666 1659/1831/1659 1660/1832/1660
f 1660/1832/1660 1667/1839/1667 1666/1838/1666
f 1667/1839/1667 1660/1832/1660 1661/1833/1661
f 1661/1833/1661 1668/1840/1668 1667/1839/1667
f 1668/1840/1668 1661/1833/1661 1662/1834/1662
f 1662/1834/1662 1669/1841/1669 1668/1840/1668
f 1669/1841/1669 1662/1834/1662 1620/1785/1620
f 1620/1785/1620 1627/1792/1627 1669/1841/1669
f 1670/1842/1670 1663/1835/1663 1664/1836/1664
f 1664/1836/1664 1671/1843/1671 1670/1842/1670
f 1671/1843/1671 1664/1836/1664 1665/1837/1665
f 1665/1837/1665 1672/1844/1672 1671/1843/1671
f 1672/1844/1672 1665/1837/1665 1666/1838/1666
f 1666/1838/1666 1673/1845/1673 1672/1844/1672
f 1673/1845/1673 1666/1838/1666 1667/1839/1667
f 1667/1839/1667 1674/1846/1674 1673/1845/1673
f 1674/1846/1674 1667/1839/1667 1668/1840/1668
f 1668/1840/1668 1675/1847/1675 1674/1846/1674
f 1675/1847/1675 1668/1840/1668 1669/1841/1669
f 1669/1841/1669 1676/1848/1676 1675/1847/1675
f 1676/1848/1676 1669/1841/1669 1627/1792/1627
f 1627/1792/1627 1634/1799/1634 1676/1848/1676
f 1677/1849/1677 1670/1842/1670 1671/1843/1671
f 1671/1843/1671 1678/1850/1678 1677/1849/1677
f 1678/1850/1678 1671/1843/1671 1672/1844/1672
f 1672/1844/1672 1679/1851/1679 1678/1850/1678
f 1679/1851/1679 1672/1844/1672 1673/1845/1673
f 1673/1845/1673 1680/1852/1680 1679/1851/1679
f 1680/1852/1680 1673/1845/1673 1674/1846/1674
f 1674/1846/1674 1681/1853/1681 1680/1852/1680
f 1681/1853/1681 1674/1846/1674 1675/1847/1675
f 1675/1847/1675 1682/1854/1682 1681/1853/1681
f 1682/1854/1682 1675/1847/1675 1676/1848/1676
f 1676/1848/1676 1683/1855/1683 1682/1854/1682
f 1683/1855/1683 1676/1848/1676 1634/1799/1634
f 1634/1799/1634 1641/1806/1641 1683/1855/1683
f 1684/1856/1684 1677/1849/1677 1678/1850/1678
f 1678/1850/1678 1685/1857/1685 1684/1856/1684
f 1685/1857/1685 1678/1850/1678 1679/1851/1679
f 1679/1851/1679 1686/1858/1686 1685/1857/1685
f 1686/1858/1686 1679/1851/1679 1680/1852/1680
f 1680/1852/1680 1687/1859/1687 1686/1858/1686
f 1687/1859/1687 1680/1852/1680 1681/1853/1681
f 1681/1853/1681 1688/1860/1688 1687/1859/1687
f 1688/1860/1688 1681/1853/1681 1682/1854/1682
f 1682/1854/1682 1689/1861/1689 1688/1860/1688
f 1689/1861/1689 1682/1854/1682 1683/1855/1683
f 1683/1855/1683 1690/1862/1690 1689/1861/1689
f 1690/1862/1690 1683/1855/1683 1641/1806/1641
f 1641/1806/1641 1648/1813/1648 1690/1862/1690
f 1691/1863/1691 1684/1856/1684 1685/1857/1685
f 1685/1857/1685 1692/1864/1692 1691/1863/1691
f 1692/1864/1692 1685/1857/1685 1686/1858/1686
f 1686/1858/1686 1693/1865/1693 1692/1864/1692
f 1693/1865/1693 1686/1858/1686 1687/1859/1687
f 1687/1859/1687 1694/1866/1694 1693/1865/1693
f 1694/1866/1694 1687/1859/1687 1688/1860/1688
f 1688/1860/1688 1695/1867/1695 1694/1866/1694
f 1695/1867/1695 1688/1860/1688 1689/1861/1689
f 1689/1861/1689 1696/1868/1696 1695/1867/1695
f 1696/1868/1696 1689/1861/1689 1690/1862/1690
f 1690/1862/1690 1697/1869/1697 1696/1868/1696
f 1697/1869/1697 1690/1862/1690 1648/1813/1648
f 1648/1813/1648 1655/1820/1655 1697/1869/1697
f 1691/1863/1691 1692/1864/1692 1613/1771/1613
f 1692/1864/1692 1693/1865/1693 1613/1771/1613
f 1693/1865/1693 1694/1866/1694 1613/1771/1613
f 1694/1866/1694 1695/1867/1695 1613/1771/1613
f 1695/1867/1695 1696/1868/1696 1613/1771/1613
f 1696/1868/1696 1697/1869/1697 1613/1771/1613
f 1697/1869/1697 1655/1820/1655 1613/1771/1613
f 1565/1723/1565 1418/1715/1418 1559/1870/1559
f 1559/1870/1559 1698/1876/1698 1565/1723/1565
f 1698/1876/1698 1559/1870/1559 1560/1871/1560
f 1560/1871/1560 1699/1877/1699 1698/1876/1698
f 1699/1877/1699 1560/1871/1560 1561/1872/1561
f 1561/1872/1561 1700/1878/1700 1699/1877/1699
f 1700/1878/1700 1561/1872/1561 1562/1873/1562
f 1562/1873/1562 1701/1879/1701 1700/1878/1700
f 1701/1879/1701 1562/1873/1562 1563/1874/1563
f 1563/1874/1563 1702/1880/1702 1701/1879/1701
f 1702/1880/1702 1563/1874/1563 1564/1875/1564
f 1564/1875/1564 1703/1881/1703 1702/1880/1702
f 1703/1881/1703 1564/1875/1564 1516/1821/1516
f 1516/1821/1516 1656/1828/1656 1703/1881/1703
f 1573/1731/1573 1565/1723/1565 1698/1876/1698
f 1698/1876/1698 1704/1882/1704 1573/1731/1573
f 1704/1882/1704 1698/1876/1698 1699/1877/1699
f 1699/1877/1699 1705/1883/1705 1704/1882/1704
f 1705/1883/1705 1699/1877/1699 1700/1878/1700
f 1700/1878/1700 1706/1884/1706 1705/1883/1705
f 1706/1884/1706 1700/1878/1700 1701/1879/1701
f 1701/1879/1701 1707/1885/1707 1706/1884/1706
f 1707/1885/1707 1701/1879/1701 1702/1880/1702
f 1702/1880/1702 1708/1886/1708 1707/1885/1707
f 1708/1886/1708 1702/1880/1702 1703/1881/1703
f 1703/1881/1703 1709/1887/1709 1708/1886/1708
f 1709/1887/1709 1703/1881/1703 1656/1828/1656
f 1656/1828/1656 1663/1835/1663 1709/1887/1709
f 1581/1739/1581 1573/1731/1573 1704/1882/1704
f 1704/1882/1704 1710/1888/1710 1581/1739/1581
f 1710/1888/1710 1704/1882/1704 1705/1883/1705
f 1705/1883/1705 1711/1889/1711 1710/1888/1710
f 1711/1889/1711 1705/1883/1705 1706/1884/1706
f 1706/1884/1706 1712/1890/1712 1711/1889/1711
f 1712/1890/1712 1706/1884/1706 1707/1885/1707
f 1707/1885/1707 1713/1891/1713 1712/1890/1712
f 1713/1891/1713 1707/1885/1707 1708/1886/1708
f 1708/1886/1708 1714/1892/1714 1713/1891/1713
f 1714/1892/1714 1708/1886/1708 1709/1887/1709
f 1709/1887/1709 1715/1893/1715 1714/1892/1714
f 1715/1893/1715 1709/1887/1709 1663/1835/1663
f 1663/1835/1663 1670/1842/1670 1715/1893/1715
f 1589/1747/1589 1581/1739/1581 1710/1888/1710
f 1710/1888/1710 1716/1894/1716 1589/1747/1589
f 1716/1894/1716 1710/1888/1710 1711/1889/1711
f 1711/1889/1711 1717/1895/1717 1716/1894/1716
f 1717/1895/1717 1711/1889/1711 1712/1890/1712
f 1712/1890/1712 1718/1896/1718 1717/1895/1717
f 1718/1896/1718 1712/1890/1712 1713/1891/1713
f 1713/1891/1713 1719/1897/1719 1718/1896/1718
f 1719/1897/1719 1713/1891/1713 1714/1892/1714
f 1714/1892/1714 1720/1898/1720 1719/1897/1719
f 1720/1898/1720 1714/1892/1714 1715/1893/1715
f 1715/1893/1715 1721/1899/1721 1720/1898/1720
f 1721/1899/1721 1715/1893/1715 1670/1842/1670
f 1670/1842/1670 1677/1849/1677 1721/1899/1721
f 1597/1755/1597 1589/1747/1589 1716/1894/1716
f 1716/1894/1716 1722/1900/1722 1597/1755/1597
f 1722/1900/1722 1716/1894/1716 1717/1895/1717
f 1717/1895/1717 1723/1901/1723 1722/1900/1722
f 1723/1901/1723 1717/1895/1717 1718/1896/1718
f 1718/1896/1718 1724/1902/1724 1723/1901/1723
f 1724/1902/1724 1718/1896/1718 1719/1897/1719
f 1719/1897/1719 1725/1903/1725 1724/1902/1724
f 1725/1903/1725 1719/1897/1719 1720/1898/1720
f 1720/1898/1720 1726/1904/1726 1725/1903/1725
f 1726/1904/1726 1720/1898/1720 1721/1899/1721
f 1721/1899/1721 1727/1905/1727 1726/1904/1726
f 1727/1905/1727 1721/1899/1721 1677/1849/1677
f 1677/1849/1677 1684/1856/1684 1727/1905/1727
f 1605/1763/1605 1597/1755/1597 1722/1900/1722
f 1722/1900/1722 1728/1906/1728 1605/1763/1605
f 1728/1906/1728 1722/1900/1722 1723/1901/1723
f 1723/1901/1723 1729/1907/1729 1728/1906/1728
f 1729/1907/1729 1723/1901/1723 1724/1902/1724
f 1724/1902/1724 1730/1908/1730 1729/1907/1729
f 1730/1908/1730 1724/1902/1724 1725/1903/1725
f 1725/1903/1725 1731/1909/1731 1730/1908/1730
f 1731/1909/1731 1725/1903/1725 1726/1904/1726
f 1726/1904/1726 1732/1910/1732 1731/1909/1731
f 1732/1910/1732 1726/1904/1726 1727/1905/1727
f 1727/1905/1727 1733/1911/1733 1732/1910/1732
f 1733/1911/1733 1727/1905/1727 1684/1856/1684
f 1684/1856/1684 1691/1863/1691 1733/1911/1733
f 1605/1763/1605 1728/1906/1728 1613/1771/1613
f 1728/1906/1728 1729/1907/1729 1613/1771/1613
f 1729/1907/1729 1730/1908/1730 1613/1771/1613
f 1730/1908/1730 1731/1909/1731 1613/1771/1613
f 1731/1909/1731 1732/1910/1732 1613/1771/1613
f 1732/1910/1732 1733/1911/1733 1613/1771/1613
f 1733/1911/1733 1691/1863/1691 1613/1771/1613
f 1735/1913/1735 1734/1912/1734 1742/1920/1742
f 1742/1920/1742 1743/1921/1743 1735/1913/1735
f 1736/1914/1736 1735/1913/1735 1743/1921/1743
f 1743/1921/1743 1744/1922/1744 1736/1914/1736
f 1737/1915/1737 1736/1914/1736 1744/1922/1744
f 1744/1922/1744 1745/1923/1745 1737/1915/1737
f 1738/1916/1738 1737/1915/1737 1745/1923/1745
f 1745/1923/1745 1746/1924/1746 1738/1916/1738
f 1739/1917/1739 1738/1916/1738 1746/1924/1746
f 1746/1924/1746 1747/1925/1747 1739/1917/1739
f 1740/1918/1740 1739/1917/1739 1747/1925/1747
f 1747/1925/1747 1748/1926/1748 1740/1918/1740
f 1741/1919/1741 1740/1918/1740 1748/1926/1748
f 1748/1926/1748 1749/1927/1749 1741/1919/1741
f 1743/1921/1743 1742/1920/1742 1750/1928/1750
f 1750/1928/1750 1751/1929/1751 1743/1921/1743
f 1744/1922/1744 1743/1921/1743 1751/1929/1751
f 1751/1929/1751 1752/1930/1752 1744/1922/1744
f 1745/1923/1745 1744/1922/1744 1752/1930/1752
f 1752/1930/1752 1753/1931/1753 1745/1923/1745
f 1746/1924/1746 1745/1923/1745 1753/1931/1753
f 1753/1931/1753 1754/1932/1754 1746/1924/1746
f 1747/1925/1747 1746/1924/1746 1754/1932/1754
f 1754/1932/1754 1755/1933/1755 1747/1925/1747
f 1748/1926/1748 1747/1925/1747 1755/1933/1755
f 1755/1933/1755 1756/1934/1756 1748/1926/1748
f 1749/1927/1749 1748/1926/1748 1756/1934/1756
f 1756/1934/1756 1757/1935/1757 1749/1927/1749
f 1751/1929/1751 1750/1928/1750 1758/1936/1758
f 1758/1936/1758 1759/1937/1759 1751/1929/1751
f 1752/1930/1752 1751/1929/1751 1759/1937/1759
f 1759/1937/1759 1760/1938/1760 1752/1930/1752
f 1753/1931/1753 1752/1930/1752 1760/1938/1760
f 1760/1938/1760 1761/1939/1761 1753/1931/1753
f 1754/1932/1754 1753/1931/1753 1761/1939/1761
f 1761/1939/1761 1762/1940/1762 1754/1932/1754
f 1755/1933/1755 1754/1932/1754 1762/1940/1762
f 1762/1940/1762 1763/1941/1763 1755/1933/1755
f 1756/1934/1756 1755/1933/1755 1763/1941/1763
f 1763/1941/1763 1764/1942/1764 1756/1934/1756
f 1757/1935/1757 1756/1934/1756 1764/1942/1764
f 1764/1942/1764 1765/1943/1765 1757/1935/1757
f 1759/1937/1759 1758/1936/1758 1766/1944/1766
f 1766/1944/1766 1767/1945/1767 1759/1937/1759
f 1760/1938/1760 1759/1937/1759 1767/1945/1767
f 1767/1945/1767 1768/1946/1768 1760/1938/1760
f 1761/1939/1761 1760/1938/1760 1768/1946/1768
f 1768/1946/1768 1769/1947/1769 1761/1939/1761
f 1762/1940/1762 1761/1939/1761 1769/1947/1769
f 1769/1947/1769 1770/1948/1770 1762/1940/1762
f 1763/1941/1763 1762/1940/1762 1770/1948/1770
f 1770/1948/1770 1771/1949/1771 1763/1941/1763
f 1764/1942/1764 1763/1941/1763 1771/1949/1771
f 1771/1949/1771 1772/1950/1772 1764/1942/1764
f 1765/1943/1765 1764/1942/1764 1772/1950/1772
f 1772/1950/1772 1773/1951/1773 1765/1943/1765
f 1767/1945/1767 1766/1944/1766 1774/1952/1774
f 1774/1952/1774 1775/1953/1775 1767/1945/1767
f 1768/1946/1768 1767/1945/1767 1775/1953/1775
f 1775/1953/1775 1776/1954/1776 1768/1946/1768
f 1769/1947/1769 1768/1946/1768 1776/1954/1776
f 1776/1954/1776 1777/1955/1777 1769/1947/1769
f 1770/1948/1770 1769/1947/1769 1777/1955/1777
f 1777/1955/1777 1778/1956/1778 1770/1948/1770
f 1771/1949/1771 1770/1948/1770 1778/1956/1778
f 1778/1956/1778 1779/1957/1779 1771/1949/1771
f 1772/1950/1772 1771/1949/1771 1779/1957/1779
f 1779/1957/1779 1780/1958/1780 1772/1950/1772
f 1773/1951/1773 1772/1950/1772 1780/1958/1780
f 1780/1958/1780 1781/1959/1781 1773/1951/1773
f 1775/1953/1775 1774/1952/1774 291/310/291
f 291/310/291 292/311/292 1775/1953/1775
f 1776/1954/1776 1775/1953/1775 292/311/292
f 292/311/292 293/312/293 1776/1954/1776
f 1777/1955/1777 1776/1954/1776 293/312/293
f 293/312/293 294/313/294 1777/1955/1777
f 1778/1956/1778 1777/1955/1777 294/313/294
f 294/313/294 295/314/295 1778/1956/1778
f 1779/1957/1779 1778/1956/1778 295/314/295
f 295/314/295 296/315/296 1779/1957/1779
f 1780/1958/1780 1779/1957/1779 296/315/296
f 296/315/296 297/316/297 1780/1958/1780
f 1781/1959/1781 1780/1958/1780 297/316/297
f 297/316/297 298/317/298 1781/1959/1781
f 1784/1961/1784 1735/1913/1735 1785/1962/1785
f 1784/1961/1784 1734/1912/1734 1735/1913/1735
f 1785/1962/1785 1736/1914/1736 1786/1963/1786
f 1785/1962/1785 1735/1913/1735 1736/1914/1736
f 1787/1964/1787 1786/1963/1786 1736/1914/1736
f 1787/1964/1787 1736/1914/1736 1737/1915/1737
f 1788/1965/1788 1787/1964/1787 1737/1915/1737
f 1789/1966/1789 1788/1965/1788 1737/1915/1737
f 1789/1966/1789 1737/1915/1737 1738/1916/1738
f 1790/1967/1790 1789/1966/1789 1738/1916/1738
f 1791/1968/1791 1790/1967/1790 1738/1916/1738
f 1791/1968/1791 1738/1916/1738 1739/1917/1739
f 1791/1968/1791 1739/1917/1739 1792/1969/1792
f 1792/1969/1792 1740/1918/1740 1793/1970/1793
f 1792/1969/1792 1739/1917/1739 1740/1918/1740
f 1794/1971/1794 1793/1970/1793 1740/1918/1740
f 1794/1971/1794 1740/1918/1740 1741/1919/1741
f 1795/1972/1795 1794/1971/1794 1741/1919/1741
f 1784/1961/1784 1785/1962/1785 1798/1975/1798
f 1798/1975/1798 1796/1973/1796 1784/1961/1784
f 1796/1973/1796 1798/1975/1798 1799/1976/1799
f 1799/1976/1799 1797/1974/1797 1796/1973/1796
f 1785/1962/1785 1786/1963/1786 1800/1977/1800
f 1800/1977/1800 1798/1975/1798 1785/1962/1785
f 1798/1975/1798 1800/1977/1800 1801/1978/1801
f 1801/1978/1801 1799/1976/1799 1798/1975/1798
f 1786/1963/1786 1787/1964/1787 1802/1979/1802
f 1802/1979/1802 1800/1977/1800 1786/1963/1786
f 1800/1977/1800 1802/1979/1802 1803/1980/1803
f 1803/1980/1803 1801/1978/1801 1800/1977/1800
f 1787/1964/1787 1788/1965/1788 1804/1981/1804
f 1804/1981/1804 1802/1979/1802 1787/1964/1787
f 1802/1979/1802 1804/1981/1804 1805/1982/1805
f 1805/1982/1805 1803/1980/1803 1802/1979/1802
f 1788/1965/1788 1789/1966/1789 1806/1983/1806
f 1806/1983/1806 1804/1981/1804 1788/1965/1788
f 1804/1981/1804 1806/1983/1806 1807/1984/1807
f 1807/1984/1807 1805/1982/1805 1804/1981/1804
f 1789/1966/1789 1790/1967/1790 1808/1985/1808
f 1808/1985/1808 1806/1983/1806 1789/1966/1789
f 1806/1983/1806 1808/1985/1808 1809/1986/1809
f 1809/1986/1809 1807/1984/1807 1806/1983/1806
f 1790/1967/1790 1791/1968/1791 1810/1987/1810
f 1810/1987/1810 1808/1985/1808 1790/1967/1790
f 1808/1985/1808 1810/1987/1810 1811/1988/1811
f 1811/1988/1811 1809/1986/1809 1808/1985/1808
f 1791/1968/1791 1792/1969/1792 1812/1989/1812
f 1812/1989/1812 1810/1987/1810 1791/1968/1791
f 1810/1987/1810 1812/1989/1812 1813/1990/1813
f 1813/1990/1813 1811/1988/1811 1810/1987/1810
f 1792/1969/1792 1793/1970/1793 1814/1991/1814
f 1814/1991/1814 1812/1989/1812 1792/1969/1792
f 1812/1989/1812 1814/1991/1814 1815/1992/1815
f 1815/1992/1815 1813/1990/1813 1812/1989/1812
f 1793/1970/1793 1794/1971/1794 1816/1993/1816
f 1816/1993/1816 1814/1991/1814 1793/1970/1793
f 1814/1991/1814 1816/1993/1816 1817/1994/1817
f 1817/1994/1817 1815/1992/1815 1814/1991/1814
f 1794/1971/1794 1795/1972/1795 1818/1995/1818
f 1818/1995/1818 1816/1993/1816 1794/1971/1794
f 1816/1993/1816 1818/1995/1818 1819/1996/1819
f 1819/1996/1819 1817/1994/1817 1816/1993/1816
f 1742/2004/1742 1734/1997/1734 1820/1998/1820
f 1820/1998/1820 1826/2005/1826 1742/2004/1742
f 1826/2005/1826 1820/1998/1820 1821/1999/1821
f 1821/1999/1821 1827/2006/1827 1826/2005/1826
f 1827/2006/1827 1821/1999/1821 1822/2000/1822
f 1822/2000/1822 1828/2007/1828 1827/2006/1827
f 1828/2007/1828 1822/2000/1822 1823/2001/1823
f 1823/2001/1823 1829/2008/1829 1828/2007/1828
f 1829/2008/1829 1823/2001/1823 1824/2002/1824
f 1824/2002/1824 1830/2009/1830 1829/2008/1829
f 1830/2009/1830 1824/2002/1824 1825/2003/1825
f 1825/2003/1825 1831/2010/1831 1830/2009/1830
f 1831/2010/1831 1825/2003/1825 1741/1919/1741
f 1741/1919/1741 1749/1927/1749 1831/2010/1831
f 1750/2011/1750 1742/2004/1742 1826/2005/1826
f 1826/2005/1826 1832/2012/1832 1750/2011/1750
f 1832/2012/1832 1826/2005/1826 1827/2006/1827
f 1827/2006/1827 1833/2013/1833 1832/2012/1832
f 1833/2013/1833 1827/2006/1827 1828/2007/1828
f 1828/2007/1828 1834/2014/1834 1833/2013/1833
f 1834/2014/1834 1828/2007/1828 1829/2008/1829
f 1829/2008/1829 1835/2015/1835 1834/2014/1834
f 1835/2015/1835 1829/2008/1829 1830/2009/1830
f 1830/2009/1830 1836/2016/1836 1835/2015/1835
f 1836/2016/1836 1830/2009/1830 1831/2010/1831
f 1831/2010/1831 1837/2017/1837 1836/2016/1836
f 1837/2017/1837 1831/2010/1831 1749/1927/1749
f 1749/1927/1749 1757/1935/1757 1837/2017/1837
f 1758/2018/1758 1750/2011/1750 1832/2012/1832
f 1832/2012/1832 1838/2019/1838 1758/2018/1758
f 1838/2019/1838 1832/2012/1832 1833/2013/1833
f 1833/2013/1833 1839/2020/1839 1838/2019/1838
f 1839/2020/1839 1833/2013/1833 1834/2014/1834
f 1834/2014/1834 1840/2021/1840 1839/2020/1839
f 1840/2021/1840 1834/2014/1834 1835/2015/1835
f 1835/2015/1835 1841/2022/1841 1840/2021/1840
f 1841/2022/1841 1835/2015/1835 1836/2016/1836
f 1836/2016/1836 1842/2023/1842 1841/2022/1841
f 1842/2023/1842 1836/2016/1836 1837/2017/1837
f 1837/2017/1837 1843/2024/1843 1842/2023/1842
f 1843/2024/1843 1837/2017/1837 1757/1935/1757
f 1757/1935/1757 1765/1943/1765 1843/2024/1843
f 1766/2025/1766 1758/2018/1758 1838/2019/1838
f 1838/2019/1838 1844/2026/1844 1766/2025/1766
f 1844/2026/1844 1838/2019/1838 1839/2020/1839
f 1839/2020/1839 1845/2027/1845 1844/2026/1844
f 1845/2027/1845 1839/2020/1839 1840/2021/1840
f 1840/2021/1840 1846/2028/1846 1845/2027/1845
f 1846/2028/1846 1840/2021/1840 1841/2022/1841
f 1841/2022/1841 1847/2029/1847 1846/2028/1846
f 1847/2029/1847 1841/2022/1841 1842/2023/1842
f 1842/2023/1842 1848/2030/1848 1847/2029/1847
f 1848/2030/1848 1842/2023/1842 1843/2024/1843
f 1843/2024/1843 1849/2031/1849 1848/2030/1848
f 1849/2031/1849 1843/2024/1843 1765/1943/1765
f 1765/1943/1765 1773/1951/1773 1849/2031/1849
f 1774/2032/1774 1766/2025/1766 1844/2026/1844
f 1844/2026/1844 1850/2033/1850 1774/2032/1774
f 1850/2033/1850 1844/2026/1844 1845/2027/1845
f 1845/2027/1845 1851/2034/1851 1850/2033/1850
f 1851/2034/1851 1845/2027/1845 1846/2028/1846
f 1846/2028/1846 1852/2035/1852 1851/2034/1851
f 1852/2035/1852 1846/2028/1846 1847/2029/1847
f 1847/2029/1847 1853/2036/1853 1852/2035/1852
f 1853/2036/1853 1847/2029/1847 1848/2030/1848
f 1848/2030/1848 1854/2037/1854 1853/2036/1853
f 1854/2037/1854 1848/2030/1848 1849/2031/1849
f 1849/2031/1849 1855/2038/1855 1854/2037/1854
f 1855/2038/1855 1849/2031/1849 1773/1951/1773
f 1773/1951/1773 1781/1959/1781 1855/2038/1855
f 1782/2039/1782 1774/2032/1774 1850/2033/1850
f 1850/2033/1850 1856/2040/1856 1782/2039/1782
f 1856/2040/1856 1850/2033/1850 1851/2034/1851
f 1851/2034/1851 1857/2041/1857 1856/2040/1856
f 1857/2041/1857 1851/2034/1851 1852/2035/1852
f 1852/2035/1852 1858/2042/1858 1857/2041/1857
f 1858/2042/1858 1852/2035/1852 1853/2036/1853
f 1853/2036/1853 1859/2043/1859 1858/2042/1858
f 1859/2043/1859 1853/2036/1853 1854/2037/1854
f 1854/2037/1854 1860/2044/1860 1859/2043/1859
f 1860/2044/1860 1854/2037/1854 1855/2038/1855
f 1855/2038/1855 1861/2045/1861 1860/2044/1860
f 1861/2045/1861 1855/2038/1855 1781/1959/1781
f 1781/1959/1781 1783/1960/1783 1861/2045/1861
f 1820/1998/1820 1784/2046/1784 1862/2047/1862
f 1734/1997/1734 1784/2046/1784 1820/1998/1820
f 1821/1999/1821 1862/2047/1862 1863/2048/1863
f 1820/1998/1820 1862/2047/1862 1821/1999/1821
f 1863/2048/1863 1864/2049/1864 1821/1999/1821
f 1821/1999/1821 1864/2049/1864 1822/2000/1822
f 1864/2049/1864 1865/2050/1865 1822/2000/1822
f 1865/2050/1865 1866/2051/1866 1822/2000/1822
f 1822/2000/1822 1866/2051/1866 1823/2001/1823
f 1866/2051/1866 1867/2052/1867 1823/2001/1823
f 1867/2052/1867 1868/2053/1868 1823/2001/1823
f 1823/2001/1823 1868/2053/1868 1824/2002/1824
f 1824/2002/1824 1868/2053/1868 1869/2054/1869
f 1825/2003/1825 1869/2054/1869 1870/2055/1870
f 1824/2002/1824 1869/2054/1869 1825/2003/1825
f 1870/2055/1870 1871/2056/1871 1825/2003/1825
f 1825/2003/1825 1871/2056/1871 1741/1919/1741
f 1871/2056/1871 1795/1972/1795 1741/1919/1741
f 1872/2059/1872 1862/2047/1862 1784/2046/1784
f 1784/2046/1784 1796/2057/1796 1872/2059/1872
f 1873/2060/1873 1872/2059/1872 1796/2057/1796
f 1796/2057/1796 1797/2058/1797 1873/2060/1873
f 1874/2061/1874 1863/2048/1863 1862/2047/1862
f 1862/2047/1862 1872/2059/1872 1874/2061/1874
f 1875/2062/1875 1874/2061/1874 1872/2059/1872
f 1872/2059/1872 1873/2060/1873 1875/2062/1875
f 1876/2063/1876 1864/2049/1864 1863/2048/1863
f 1863/2048/1863 1874/2061/1874 1876/2063/1876
f 1877/2064/1877 1876/2063/1876 1874/2061/1874
f 1874/2061/1874 1875/2062/1875 1877/2064/1877
f 1878/2065/1878 1865/2050/1865 1864/2049/1864
f 1864/2049/1864 1876/2063/1876 1878/2065/1878
f 1879/2066/1879 1878/2065/1878 1876/2063/1876
f 1876/2063/1876 1877/2064/1877 1879/2066/1879
f 1880/2067/1880 1866/2051/1866 1865/2050/1865
f 1865/2050/1865 1878/2065/1878 1880/2067/1880
f 1881/2068/1881 1880/2067/1880 1878/2065/1878
f 1878/2065/1878 1879/2066/1879 1881/2068/1881
f 1882/2069/1882 1867/2052/1867 1866/2051/1866
f 1866/2051/1866 1880/2067/1880 1882/2069/1882
f 1883/2070/1883 1882/2069/1882 1880/2067/1880
f 1880/2067/1880 1881/2068/1881 1883/2070/1883
f 1884/2071/1884 1868/2053/1868 1867/2052/1867
f 1867/2052/1867 1882/2069/1882 1884/2071/1884
f 1885/2072/1885 1884/2071/1884 1882/2069/1882
f 1882/2069/1882 1883/2070/1883 1885/2072/1885
f 1886/2073/1886 1869/2054/1869 1868/2053/1868
f 1868/2053/1868 1884/2071/1884 1886/2073/1886
f 1887/2074/1887 1886/2073/1886 1884/2071/1884
f 1884/2071/1884 1885/2072/1885 1887/2074/1887
f 1888/2075/1888 1870/2055/1870 1869/2054/1869
f 1869/2054/1869 1886/2073/1886 1888/2075/1888
f 1889/2076/1889 1888/2075/1888 1886/2073/1886
f 1886/2073/1886 1887/2074/1887 1889/2076/1889
f 1890/2077/1890 1871/2056/1871 1870/2055/1870
f 1870/2055/1870 1888/2075/1888 1890/2077/1890
f 1891/2078/1891 1890/2077/1890 1888/2075/1888
f 1888/2075/1888 1889/2076/1889 1891/2078/1891
f 1818/1995/1818 1795/1972/1795 1871/2056/1871
f 1871/2056/1871 1890/2077/1890 1818/1995/1818
f 1819/1996/1819 1818/1995/1818 1890/2077/1890
f 1890/2077/1890 1891/2078/1891 1819/1996/1819
f 1892/2079/1892 1893/2080/1893 1894/2081/1894
f 1892/2079/1892 1894/2081/1894 1895/2082/1895
f 1892/2079/1892 1895/2082/1895 1896/2083/1896
f 1892/2079/1892 1896/2083/1896 1897/2084/1897
f 1892/2079/1892 1897/2084/1897 1898/2085/1898
f 1892/2079/1892 1898/2085/1898 1899/2086/1899
f 1892/2079/1892 1899/2086/1899 1900/2087/1900
f 1894/2081/1894 1893/2080/1893 1901/2088/1901
f 1901/2088/1901 1902/2089/1902 1894/2081/1894
f 1895/2082/1895 1894/2081/1894 1902/2089/1902
f 1902/2089/1902 1903/2090/1903 1895/2082/1895
f 1896/2083/1896 1895/2082/1895 1903/2090/1903
f 1903/2090/1903 1904/2091/1904 1896/2083/1896
f 1897/2084/1897 1896/2083/1896 1904/2091/1904
f 1904/2091/1904 1905/2092/1905 1897/2084/1897
f 1898/2085/1898 1897/2084/1897 1905/2092/1905
f 1905/2092/1905 1906/2093/1906 1898/2085/1898
f 1899/2086/1899 1898/2085/1898 1906/2093/1906
f 1906/2093/1906 1907/2094/1907 1899/2086/1899
f 1900/2087/1900 1899/2086/1899 1907/2094/1907
f 1907/2094/1907 1908/2095/1908 1900/2087/1900
f 1902/2089/1902 1901/2088/1901 1909/2096/1909
f 1909/2096/1909 1910/2097/1910 1902/2089/1902
f 1903/2090/1903 1902/2089/1902 1910/2097/1910
f 1910/2097/1910 1911/2098/1911 1903/2090/1903
f 1904/2091/1904 1903/2090/1903 1911/2098/1911
f 1911/2098/1911 1912/2099/1912 1904/2091/1904
f 1905/2092/1905 1904/2091/1904 1912/2099/1912
f 1912/2099/1912 1913/2100/1913 1905/2092/1905
f 1906/2093/1906 1905/2092/1905 1913/2100/1913
f 1913/2100/1913 1914/2101/1914 1906/2093/1906
f 1907/2094/1907 1906/2093/1906 1914/2101/1914
f 1914/2101/1914 1915/2102/1915 1907/2094/1907
f 1908/2095/1908 1907/2094/1907 1915/2102/1915
f 1915/2102/1915 1916/2103/1916 1908/2095/1908
f 1910/2097/1910 1909/2096/1909 1917/2104/1917
f 1917/2104/1917 1918/2105/1918 1910/2097/1910
f 1911/2098/1911 1910/2097/1910 1918/2105/1918
f 1918/2105/1918 1919/2106/1919 1911/2098/1911
f 1912/2099/1912 1911/2098/1911 1919/2106/1919
f 1919/2106/1919 1920/2107/1920 1912/2099/1912
f 1913/2100/1913 1912/2099/1912 1920/2107/1920
f 1920/2107/1920 1921/2108/1921 1913/2100/1913
f 1914/2101/1914 1913/2100/1913 1921/2108/1921
f 1921/2108/1921 1922/2109/1922 1914/2101/1914
f 1915/2102/1915 1914/2101/1914 1922/2109/1922
f 1922/2109/1922 1923/2110/1923 1915/2102/1915
f 1916/2103/1916 1915/2102/1915 1923/2110/1923
f 1923/2110/1923 1924/2111/1924 1916/2103/1916
f 1918/2105/1918 1917/2104/1917 1925/2112/1925
f 1925/2112/1925 1926/2113/1926 1918/2105/1918
f 1919/2106/1919 1918/2105/1918 1926/2113/1926
f 1926/2113/1926 1927/2114/1927 1919/2106/1919
f 1920/2107/1920 1919/2106/1919 1927/2114/1927
f 1927/2114/1927 1928/2115/1928 1920/2107/1920
f 1921/2108/1921 1920/2107/1920 1928/2115/1928
f 1928/2115/1928 1929/2116/1929 1921/2108/1921
f 1922/2109/1922 1921/2108/1921 1929/2116/1929
f 1929/2116/1929 1930/2117/1930 1922/2109/1922
f 1923/2110/1923 1922/2109/1922 1930/2117/1930
f 1930/2117/1930 1931/2118/1931 1923/2110/1923
f 1924/2111/1924 1923/2110/1923 1931/2118/1931
f 1931/2118/1931 1932/2119/1932 1924/2111/1924
f 1926/2113/1926 1925/2112/1925 1933/2120/1933
f 1933/2120/1933 1934/2121/1934 1926/2113/1926
f 1927/2114/1927 1926/2113/1926 1934/2121/1934
f 1934/2121/1934 1935/2122/1935 1927/2114/1927
f 1928/2115/1928 1927/2114/1927 1935/2122/1935
f 1935/2122/1935 1936/2123/1936 1928/2115/1928
f 1929/2116/1929 1928/2115/1928 1936/2123/1936
f 1936/2123/1936 1937/2124/1937 1929/2116/1929
f 1930/2117/1930 1929/2116/1929 1937/2124/1937
f 1937/2124/1937 1938/2125/1938 1930/2117/1930
f 1931/2118/1931 1930/2117/1930 1938/2125/1938
f 1938/2125/1938 1939/2126/1939 1931/2118/1931
f 1932/2119/1932 1931/2118/1931 1939/2126/1939
f 1939/2126/1939 1940/2127/1940 1932/2119/1932
f 1934/2121/1934 1933/2120/1933 1941/2128/1941
f 1941/2128/1941 1942/2129/1942 1934/2121/1934
f 1935/2122/1935 1934/2121/1934 1942/2129/1942
f 1942/2129/1942 1943/2130/1943 1935/2122/1935
f 1936/2123/1936 1935/2122/1935 1943/2130/1943
f 1943/2130/1943 1944/2131/1944 1936/2123/1936
f 1937/2124/1937 1936/2123/1936 1944/2131/1944
f 1944/2131/1944 1945/2132/1945 1937/2124/1937
f 1938/2125/1938 1937/2124/1937 1945/2132/1945
f 1945/2132/1945 1946/2133/1946 1938/2125/1938
f 1939/2126/1939 1938/2125/1938 1946/2133/1946
f 1946/2133/1946 1947/2134/1947 1939/2126/1939
f 1940/2127/1940 1939/2126/1939 1947/2134/1947
f 1947/2134/1947 1948/2135/1948 1940/2127/1940
f 1892/2079/1892 1900/2087/1900 1949/2136/1949
f 1892/2079/1892 1949/2136/1949 1950/2137/1950
f 1892/2079/1892 1950/2137/1950 1951/2138/1951
f 1892/2079/1892 1951/2138/1951 1952/2139/1952
f 1892/2079/1892 1952/2139/1952 1953/2140/1953
f 1892/2079/1892 1953/2140/1953 1954/2141/1954
f 1892/2079/1892 1954/2141/1954 1955/2142/1955
f 1949/2136/1949 1900/2087/1900 1908/2095/1908
f 1908/2095/1908 1956/2143/1956 1949/2136/1949
f 1950/2137/1950 1949/2136/1949 1956/2143/1956
f 1956/2143/1956 1957/2144/1957 1950/2137/1950
f 1951/2138/1951 1950/2137/1950 1957/2144/1957
f 1957/2144/1957 1958/2145/1958 1951/2138/1951
f 1952/2139/1952 1951/2138/1951 1958/2145/1958
f 1958/2145/1958 1959/2146/1959 1952/2139/1952
f 1953/2140/1953 1952/2139/1952 1959/2146/1959
f 1959/2146/1959 1960/2147/1960 1953/2140/1953
f 1954/2141/1954 1953/2140/1953 1960/2147/1960
f 1960/2147/1960 1961/2148/1961 1954/2141/1954
f 1955/2142/1955 1954/2141/1954 1961/2148/1961
f 1961/2148/1961 1962/2149/1962 1955/2142/1955
f 1956/2143/1956 1908/2095/1908 1916/2103/1916
f 1916/2103/1916 1963/2150/1963 1956/2143/1956
f 1957/2144/1957 1956/2143/1956 1963/2150/1963
f 1963/2150/1963 1964/2151/1964 1957/2144/1957
f 1958/2145/1958 1957/2144/1957 1964/2151/1964
f 1964/2151/1964 1965/2152/1965 1958/2145/1958
f 1959/2146/1959 1958/2145/1958 1965/2152/1965
f 1965/2152/1965 1966/2153/1966 1959/2146/1959
f 1960/2147/1960 1959/2146/1959 1966/2153/1966
f 1966/2153/1966 1967/2154/1967 1960/2147/1960
f 1961/2148/1961 1960/2147/1960 1967/2154/1967
f 1967/2154/1967 1968/2155/1968 1961/2148/1961
f 1962/2149/1962 1961/2148/1961 1968/2155/1968
f 1968/2155/1968 1969/2156/1969 1962/2149/1962
f 1963/2150/1963 1916/2103/1916 1924/2111/1924
f 1924/2111/1924 1970/2157/1970 1963/2150/1963
f 1964/2151/1964 1963/2150/1963 1970/2157/1970
f 1970/2157/1970 1971/2158/1971 1964/2151/1964
f 1965/2152/1965 1964/2151/1964 1971/2158/1971
f 1971/2158/1971 1972/2159/1972 1965/2152/1965
f 1966/2153/1966 1965/2152/1965 1972/2159/1972
f 1972/2159/1972 1973/2160/1973 1966/2153/1966
f 1967/2154/1967 1966/2153/1966 1973/2160/1973
f 1973/2160/1973 1974/2161/1974 1967/2154/1967
f 1968/2155/1968 1967/2154/1967 1974/2161/1974
f 1974/2161/1974 1975/2162/1975 1968/2155/1968
f 1969/2156/1969 1968/2155/1968 1975/2162/1975
f 1975/2162/1975 1976/2163/1976 1969/2156/1969
f 1970/2157/1970 1924/2111/1924 1932/2119/1932
f 1932/2119/1932 1977/2164/1977 1970/2157/1970
f 1971/2158/1971 1970/2157/1970 1977/2164/1977
f 1977/2164/1977 1978/2165/1978 1971/2158/1971
f 1972/2159/1972 1971/2158/1971 1978/2165/1978
f 1978/2165/1978 1979/2166/1979 1972/2159/1972
f 1973/2160/1973 1972/2159/1972 1979/2166/1979
f 1979/2166/1979 1980/2167/1980 1973/2160/1973
f 1974/2161/1974 1973/2160/1973 1980/2167/1980
f 1980/2167/1980 1981/2168/1981 1974/2161/1974
f 1975/2162/1975 1974/2161/1974 1981/2168/1981
f 1981/2168/1981 1982/2169/1982 1975/2162/1975
f 1976/2163/1976 1975/2162/1975 1982/2169/1982
f 1982/2169/1982 1983/2170/1983 1976/2163/1976
f 1977/2164/1977 1932/2119/1932 1940/2127/1940
f 1940/2127/1940 1984/2171/1984 1977/2164/1977
f 1978/2165/1978 1977/2164/1977 1984/2171/1984
f 1984/2171/1984 1985/2172/1985 1978/2165/1978
f 1979/2166/1979 1978/2165/1978 1985/2172/1985
f 1985/2172/1985 1986/2173/1986 1979/2166/1979
f 1980/2167/1980 1979/2166/1979 1986/2173/1986
f 1986/2173/1986 1987/2174/1987 1980/2167/1980
f 1981/2168/1981 1980/2167/1980 1987/2174/1987
f 1987/2174/1987 1988/2175/1988 1981/2168/1981
f 1982/2169/1982 1981/2168/1981 1988/2175/1988
f 1988/2175/1988 1989/2176/1989 1982/2169/1982
f 1983/2170/1983 1982/2169/1982 1989/2176/1989
f 1989/2176/1989 1990/2177/1990 1983/2170/1983
f 1984/2171/1984 1940/2127/1940 1948/2135/1948
f 1948/2135/1948 1991/2178/1991 1984/2171/1984
f 1985/2172/1985 1984/2171/1984 1991/2178/1991
f 1991/2178/1991 1992/2179/1992 1985/2172/1985
f 1986/2173/1986 1985/2172/1985 1992/2179/1992
f 1992/2179/1992 1993/2180/1993 1986/2173/1986
f 1987/2174/1987 1986/2173/1986 1993/2180/1993
f 1993/2180/1993 1994/2181/1994 1987/2174/1987
f 1988/2175/1988 1987/2174/1987 1994/2181/1994
f 1994/2181/1994 1995/2182/1995 1988/2175/1988
f 1989/2176/1989 1988/2175/1988 1995/2182/1995
f 1995/2182/1995 1996/2183/1996 1989/2176/1989
f 1990/2177/1990 1989/2176/1989 1996/2183/1996
f 1996/2183/1996 1997/2184/1997 1990/2177/1990
f 1998/2185/1998 1892/2079/1892 1999/2186/1999
f 1999/2186/1999 1892/2079/1892 2000/2187/2000
f 2000/2187/2000 1892/2079/1892 2001/2188/2001
f 2001/2188/2001 1892/2079/1892 2002/2189/2002
f 2002/2189/2002 1892/2079/1892 2003/2190/2003
f 2003/2190/2003 1892/2079/1892 2004/2191/2004
f 2004/2191/2004 1892/2079/1892 1955/2142/1955
f 2005/2192/2005 1998/2185/1998 1999/2186/1999
f 1999/2186/1999 2006/2193/2006 2005/2192/2005
f 2006/2193/2006 1999/2186/1999 2000/2187/2000
f 2000/2187/2000 2007/2194/2007 2006/2193/2006
f 2007/2194/2007 2000/2187/2000 2001/2188/2001
f 2001/2188/2001 2008/2195/2008 2007/2194/2007
f 2008/2195/2008 2001/2188/2001 2002/2189/2002
f 2002/2189/2002 2009/2196/2009 2008/2195/2008
f 2009/2196/2009 2002/2189/2002 2003/2190/2003
f 2003/2190/2003 2010/2197/2010 2009/2196/2009
f 2010/2197/2010 2003/2190/2003 2004/2191/2004
f 2004/2191/2004 2011/2198/2011 2010/2197/2010
f 2011/2198/2011 2004/2191/2004 1955/2142/1955
f 1955/2142/1955 1962/2149/1962 2011/2198/2011
f 2012/2199/2012 2005/2192/2005 2006/2193/2006
f 2006/2193/2006 2013/2200/2013 2012/2199/2012
f 2013/2200/2013 2006/2193/2006 2007/2194/2007
f 2007/2194/2007 2014/2201/2014 2013/2200/2013
f 2014/2201/2014 2007/2194/2007 2008/2195/2008
f 2008/2195/2008 2015/2202/2015 2014/2201/2014
f 2015/2202/2015 2008/2195/2008 2009/2196/2009
f 2009/2196/2009 2016/2203/2016 2015/2202/2015
f 2016/2203/2016 2009/2196/2009 2010/2197/2010
f 2010/2197/2010 2017/2204/2017 2016/2203/2016
f 2017/2204/2017 2010/2197/2010 2011/2198/2011
f 2011/2198/2011 2018/2205/2018 2017/2204/2017
f 2018/2205/2018 2011/2198/2011 1962/2149/1962
f 1962/2149/1962 1969/2156/1969 2018/2205/2018
f 2019/2206/2019 2012/2199/2012 2013/2200/2013
f 2013/2200/2013 2020/2207/2020 2019/2206/2019
f 2020/2207/2020 2013/2200/2013 2014/2201/2014
f 2014/2201/2014 2021/2208/2021 2020/2207/2020
f 2021/2208/2021 2014/2201/2014 2015/2202/2015
f 2015/2202/2015 2022/2209/2022 2021/2208/2021
f 2022/2209/2022 2015/2202/2015 2016/2203/2016
f 2016/2203/2016 2023/2210/2023 2022/2209/2022
f 2023/2210/2023 2016/2203/2016 2017/2204/2017
f 2017/2204/2017 2024/2211/2024 2023/2210/2023
f 2024/2211/2024 2017/2204/2017 2018/2205/2018
f 2018/2205/2018 2025/2212/2025 2024/2211/2024
f 2025/2212/2025 2018/2205/2018 1969/2156/1969
f 1969/2156/1969 1976/2163/1976 2025/2212/2025
f 2026/2213/2026 2019/2206/2019 2020/2207/2020
f 2020/2207/2020 2027/2214/2027 2026/2213/2026
f 2027/2214/2027 2020/2207/2020 2021/2208/2021
f 2021/2208/2021 2028/2215/2028 2027/2214/2027
f 2028/2215/2028 2021/2208/2021 2022/2209/2022
f 2022/2209/2022 2029/2216/2029 2028/2215/2028
f 2029/2216/2029 2022/2209/2022 2023/2210/2023
f 2023/2210/2023 2030/2217/2030 2029/2216/2029
f 2030/2217/2030 2023/2210/2023 2024/2211/2024
f 2024/2211/2024 2031/2218/2031 2030/2217/2030
f 2031/2218/2031 2024/2211/2024 2025/2212/2025
f 2025/2212/2025 2032/2219/2032 2031/2218/2031
f 2032/2219/2032 2025/2212/2025 1976/2163/1976
f 1976/2163/1976 1983/2170/1983 2032/2219/2032
f 2033/2220/2033 2026/2213/2026 2027/2214/2027
f 2027/2214/2027 2034/2221/2034 2033/2220/2033
f 2034/2221/2034 2027/2214/2027 2028/2215/2028
f 2028/2215/2028 2035/2222/2035 2034/2221/2034
f 2035/2222/2035 2028/2215/2028 2029/2216/2029
f 2029/2216/2029 2036/2223/2036 2035/2222/2035
f 2036/2223/2036 2029/2216/2029 2030/2217/2030
f 2030/2217/2030 2037/2224/2037 2036/2223/2036
f 2037/2224/2037 2030/2217/2030 2031/2218/2031
f 2031/2218/2031 2038/2225/2038 2037/2224/2037
f 2038/2225/2038 2031/2218/2031 2032/2219/2032
f 2032/2219/2032 2039/2226/2039 2038/2225/2038
f 2039/2226/2039 2032/2219/2032 1983/2170/1983
f 1983/2170/1983 1990/2177/1990 2039/2226/2039
f 2040/2227/2040 2033/2220/2033 2034/2221/2034
f 2034/2221/2034 2041/2228/2041 2040/2227/2040
f 2041/2228/2041 2034/2221/2034 2035/2222/2035
f 2035/2222/2035 2042/2229/2042 2041/2228/2041
f 2042/2229/2042 2035/2222/2035 2036/2223/2036
f 2036/2223/2036 2043/2230/2043 2042/2229/2042
f 2043/2230/2043 2036/2223/2036 2037/2224/2037
f 2037/2224/2037 2044/2231/2044 2043/2230/2043
f 2044/2231/2044 2037/2224/2037 2038/2225/2038
f 2038/2225/2038 2045/2232/2045 2044/2231/2044
f 2045/2232/2045 2038/2225/2038 2039/2226/2039
f 2039/2226/2039 2046/2233/2046 2045/2232/2045
f 2046/2233/2046 2039/2226/2039 1990/2177/1990
f 1990/2177/1990 1997/2184/1997 2046/2233/2046
f 1893/2080/1893 1892/2079/1892 2047/2234/2047
f 2047/2234/2047 1892/2079/1892 2048/2235/2048
f 2048/2235/2048 1892/2079/1892 2049/2236/2049
f 2049/2236/2049 1892/2079/1892 2050/2237/2050
f 2050/2237/2050 1892/2079/1892 2051/2238/2051
f 2051/2238/2051 1892/2079/1892 2052/2239/2052
f 2052/2239/2052 1892/2079/1892 1998/2185/1998
f 1901/2088/1901 1893/2080/1893 2047/2234/2047
f 2047/2234/2047 2053/2240/2053 1901/2088/1901
f 2053/2240/2053 2047/2234/2047 2048/2235/2048
f 2048/2235/2048 2054/2241/2054 2053/2240/2053
f 2054/2241/2054 2048/2235/2048 2049/2236/2049
f 2049/2236/2049 2055/2242/2055 2054/2241/2054
f 2055/2242/2055 2049/2236/2049 2050/2237/2050
f 2050/2237/2050 2056/2243/2056 2055/2242/2055
f 2056/2243/2056 2050/2237/2050 2051/2238/2051
f 2051/2238/2051 2057/2244/2057 2056/2243/2056
f 2057/2244/2057 2051/2238/2051 2052/2239/2052
f 2052/2239/2052 2058/2245/2058 2057/2244/2057
f 2058/2245/2058 2052/2239/2052 1998/2185/1998
f 1998/2185/1998 2005/2192/2005 2058/2245/2058
f 1909/2096/1909 1901/2088/1901 2053/2240/2053
f 2053/2240/2053 2059/2246/2059 1909/2096/1909
f 2059/2246/2059 2053/2240/2053 2054/2241/2054
f 2054/2241/2054 2060/2247/2060 2059/2246/2059
f 2060/2247/2060 2054/2241/2054 2055/2242/2055
f 2055/2242/2055 2061/2248/2061 2060/2247/2060
f 2061/2248/2061 2055/2242/2055 2056/2243/2056
f 2056/2243/2056 2062/2249/2062 2061/2248/2061
f 2062/2249/2062 2056/2243/2056 2057/2244/2057
f 2057/2244/2057 2063/2250/2063 2062/2249/2062
f 2063/2250/2063 2057/2244/2057 2058/2245/2058
f 2058/2245/2058 2064/2251/2064 2063/2250/2063
f 2064/2251/2064 2058/2245/2058 2005/2192/2005
f 2005/2192/2005 2012/2199/2012 2064/2251/2064
f 1917/2104/1917 1909/2096/1909 2059/2246/2059
f 2059/2246/2059 2065/2252/2065 1917/2104/1917
f 2065/2252/2065 2059/2246/2059 2060/2247/2060
f 2060/2247/2060 2066/2253/2066 2065/2252/2065
f 2066/2253/2066 2060/2247/2060 2061/2248/2061
f 2061/2248/2061 2067/2254/2067 2066/2253/2066
f 2067/2254/2067 2061/2248/2061 2062/2249/2062
f 2062/2249/2062 2068/2255/2068 2067/2254/2067
f 2068/2255/2068 2062/2249/2062 2063/2250/2063
f 2063/2250/2063 2069/2256/2069 2068/2255/2068
f 2069/2256/2069 2063/2250/2063 2064/2251/2064
f 2064/2251/2064 2070/2257/2070 2069/2256/2069
f 2070/2257/2070 2064/2251/2064 2012/2199/2012
f 2012/2199/2012 2019/2206/2019 2070/2257/2070
f 1925/2112/1925 1917/2104/1917 2065/2252/2065
f 2065/2252/2065 2071/2258/2071 1925/2112/1925
f 2071/2258/2071 2065/2252/2065 2066/2253/2066
f 2066/2253/2066 2072/2259/2072 2071/2258/2071
f 2072/2259/2072 2066/2253/2066 2067/2254/2067
f 2067/2254/2067 2073/2260/2073 2072/2259/2072
f 2073/2260/2073 2067/2254/2067 2068/2255/2068
f 2068/2255/2068 2074/2261/2074 2073/2260/2073
f 2074/2261/2074 2068/2255/2068 2069/2256/2069
f 2069/2256/2069 2075/2262/2075 2074/2261/2074
f 2075/2262/2075 2069/2256/2069 2070/2257/2070
f 2070/2257/2070 2076/2263/2076 2075/2262/2075
f 2076/2263/2076 2070/2257/2070 2019/2206/2019
f 2019/2206/2019 2026/2213/2026 2076/2263/2076
f 1933/2120/1933 1925/2112/1925 2071/2258/2071
f 2071/2258/2071 2077/2264/2077 1933/2120/1933
f 2077/2264/2077 2071/2258/2071 2072/2259/2072
f 2072/2259/2072 2078/2265/2078 2077/2264/2077
f 2078/2265/2078 2072/2259/2072 2073/2260/2073
f 2073/2260/2073 2079/2266/2079 2078/2265/2078
f 2079/2266/2079 2073/2260/2073 2074/2261/2074
f 2074/2261/2074 2080/2267/2080 2079/2266/2079
f 2080/2267/2080 2074/2261/2074 2075/2262/2075
f 2075/2262/2075 2081/2268/2081 2080/2267/2080
f 2081/2268/2081 2075/2262/2075 2076/2263/2076
f 2076/2263/2076 2082/2269/2082 2081/2268/2081
f 2082/2269/2082 2076/2263/2076 2026/2213/2026
f 2026/2213/2026 2033/2220/2033 2082/2269/2082
f 1941/2128/1941 1933/2120/1933 2077/2264/2077
f 2077/2264/2077 2083/2270/2083 1941/2128/1941
f 2083/2270/2083 2077/2264/2077 2078/2265/2078
f 2078/2265/2078 2084/2271/2084 2083/2270/2083
f 2084/2271/2084 2078/2265/2078 2079/2266/2079
f 2079/2266/2079 2085/2272/2085 2084/2271/2084
f 2085/2272/2085 2079/2266/2079 2080/2267/2080
f 2080/2267/2080 2086/2273/2086 2085/2272/2085
f 2086/2273/2086 2080/2267/2080 2081/2268/2081
f 2081/2268/2081 2087/2274/2087 2086/2273/2086
f 2087/2274/2087 2081/2268/2081 2082/2269/2082
f 2082/2269/2082 2088/2275/2088 2087/2274/2087
f 2088/2275/2088 2082/2269/2082 2033/2220/2033
f 2033/2220/2033 2040/2227/2040 2088/2275/2088
f 1942/2277/1942 1941/2276/1941 2089/2284/2089
f 2089/2284/2089 2090/2285/2090 1942/2277/1942
f 1943/2278/1943 1942/2277/1942 2090/2285/2090
f 2090/2285/2090 2091/2286/2091 1943/2278/1943
f 1944/2279/1944 1943/2278/1943 2091/2286/2091
f 2091/2286/2091 2092/2287/2092 1944/2279/1944
f 1945/2280/1945 1944/2279/1944 2092/2287/2092
f 2092/2287/2092 2093/2288/2093 1945/2280/1945
f 1946/2281/1946 1945/2280/1945 2093/2288/2093
f 2093/2288/2093 2094/2289/2094 1946/2281/1946
f 1947/2282/1947 1946/2281/1946 2094/2289/2094
f 2094/2289/2094 2095/2290/2095 1947/2282/1947
f 1948/2283/1948 1947/2282/1947 2095/2290/2095
f 2095/2290/2095 2096/2291/2096 1948/2283/1948
f 2090/2285/2090 2089/2284/2089 2097/2292/2097
f 2097/2292/2097 2098/2293/2098 2090/2285/2090
f 2091/2286/2091 2090/2285/2090 2098/2293/2098
f 2098/2293/2098 2099/2294/2099 2091/2286/2091
f 2092/2287/2092 2091/2286/2091 2099/2294/2099
f 2099/2294/2099 2100/2295/2100 2092/2287/2092
f 2093/2288/2093 2092/2287/2092 2100/2295/2100
f 2100/2295/2100 2101/2296/2101 2093/2288/2093
f 2094/2289/2094 2093/2288/2093 2101/2296/2101
f 2101/2296/2101 2102/2297/2102 2094/2289/2094
f 2095/2290/2095 2094/2289/2094 2102/2297/2102
f 2102/2297/2102 2103/2298/2103 2095/2290/2095
f 2096/2291/2096 2095/2290/2095 2103/2298/2103
f 2103/2298/2103 2104/2299/2104 2096/2291/2096
f 2098/2293/2098 2097/2292/2097 2105/2300/2105
f 2105/2300/2105 2106/2301/2106 2098/2293/2098
f 2099/2294/2099 2098/2293/2098 2106/2301/2106
f 2106/2301/2106 2107/2302/2107 2099/2294/2099
f 2100/2295/2100 2099/2294/2099 2107/2302/2107
f 2107/2302/2107 2108/2303/2108 2100/2295/2100
f 2101/2296/2101 2100/2295/2100 2108/2303/2108
f 2108/2303/2108 2109/2304/2109 2101/2296/2101
f 2102/2297/2102 2101/2296/2101 2109/2304/2109
f 2109/2304/2109 2110/2305/2110 2102/2297/2102
f 2103/2298/2103 2102/2297/2102 2110/2305/2110
f 2110/2305/2110 2111/2306/2111 2103/2298/2103
f 2104/2299/2104 2103/2298/2103 2111/2306/2111
f 2111/2306/2111 2112/2307/2112 2104/2299/2104
f 2106/2301/2106 2105/2300/2105 2113/2308/2113
f 2113/2308/2113 2114/2309/2114 2106/2301/2106
f 2107/2302/2107 2106/2301/2106 2114/2309/2114
f 2114/2309/2114 2115/2310/2115 2107/2302/2107
f 2108/2303/2108 2107/2302/2107 2115/2310/2115
f 2115/2310/2115 2116/2311/2116 2108/2303/2108
f 2109/2304/2109 2108/2303/2108 2116/2311/2116
f 2116/2311/2116 2117/2312/2117 2109/2304/2109
f 2110/2305/2110 2109/2304/2109 2117/2312/2117
f 2117/2312/2117 2118/2313/2118 2110/2305/2110
f 2111/2306/2111 2110/2305/2110 2118/2313/2118
f 2118/2313/2118 2119/2314/2119 2111/2306/2111
f 2112/2307/2112 2111/2306/2111 2119/2314/2119
f 2119/2314/2119 2120/2315/2120 2112/2307/2112
f 2114/2309/2114 2113/2308/2113 2121/2316/2121
f 2121/2316/2121 2122/2317/2122 2114/2309/2114
f 2115/2310/2115 2114/2309/2114 2122/2317/2122
f 2122/2317/2122 2123/2318/2123 2115/2310/2115
f 2116/2311/2116 2115/2310/2115 2123/2318/2123
f 2123/2318/2123 2124/2319/2124 2116/2311/2116
f 2117/2312/2117 2116/2311/2116 2124/2319/2124
f 2124/2319/2124 2125/2320/2125 2117/2312/2117
f 2118/2313/2118 2117/2312/2117 2125/2320/2125
f 2125/2320/2125 2126/2321/2126 2118/2313/2118
f 2119/2314/2119 2118/2313/2118 2126/2321/2126
f 2126/2321/2126 2127/2322/2127 2119/2314/2119
f 2120/2315/2120 2119/2314/2119 2127/2322/2127
f 2127/2322/2127 2128/2323/2128 2120/2315/2120
f 2122/2317/2122 2121/2316/2121 2129/2324/2129
f 2129/2324/2129 2130/2325/2130 2122/2317/2122
f 2123/2318/2123 2122/2317/2122 2130/2325/2130
f 2130/2325/2130 2131/2326/2131 2123/2318/2123
f 2124/2319/2124 2123/2318/2123 2131/2326/2131
f 2131/2326/2131 2132/2327/2132 2124/2319/2124
f 2125/2320/2125 2124/2319/2124 2132/2327/2132
f 2132/2327/2132 2133/2328/2133 2125/2320/2125
f 2126/2321/2126 2125/2320/2125 2133/2328/2133
f 2133/2328/2133 2134/2329/2134 2126/2321/2126
f 2127/2322/2127 2126/2321/2126 2134/2329/2134
f 2134/2329/2134 2135/2330/2135 2127/2322/2127
f 2128/2323/2128 2127/2322/2127 2135/2330/2135
f 2135/2330/2135 2136/2331/2136 2128/2323/2128
f 2130/2325/2130 2129/2324/2129 2137/2332/2137
f 2137/2332/2137 2138/2333/2138 2130/2325/2130
f 2131/2326/2131 2130/2325/2130 2138/2333/2138
f 2138/2333/2138 2139/2334/2139 2131/2326/2131
f 2132/2327/2132 2131/2326/2131 2139/2334/2139
f 2139/2334/2139 2140/2335/2140 2132/2327/2132
f 2133/2328/2133 2132/2327/2132 2140/2335/2140
f 2140/2335/2140 2141/2336/2141 2133/2328/2133
f 2134/2329/2134 2133/2328/2133 2141/2336/2141
f 2141/2336/2141 2142/2337/2142 2134/2329/2134
f 2135/2330/2135 2134/2329/2134 2142/2337/2142
f 2142/2337/2142 2143/2338/2143 2135/2330/2135
f 2136/2331/2136 2135/2330/2135 2143/2338/2143
f 2143/2338/2143 2144/2339/2144 2136/2331/2136
f 1991/2340/1991 1948/2283/1948 2096/2291/2096
f 2096/2291/2096 2145/2347/2145 1991/2340/1991
f 1992/2341/1992 1991/2340/1991 2145/2347/2145
f 2145/2347/2145 2146/2348/2146 1992/2341/1992
f 1993/2342/1993 1992/2341/1992 2146/2348/2146
f 2146/2348/2146 2147/2349/2147 1993/2342/1993
f 1994/2343/1994 1993/2342/1993 2147/2349/2147
f 2147/2349/2147 2148/2350/2148 1994/2343/1994
f 1995/2344/1995 1994/2343/1994 2148/2350/2148
f 2148/2350/2148 2149/2351/2149 1995/2344/1995
f 1996/2345/1996 1995/2344/1995 2149/2351/2149
f 2149/2351/2149 2150/2352/2150 1996/2345/1996
f 1997/2346/1997 1996/2345/1996 2150/2352/2150
f 2150/2352/2150 2151/2353/2151 1997/2346/1997
f 2145/2347/2145 2096/2291/2096 2104/2299/2104
f 2104/2299/2104 2152/2354/2152 2145/2347/2145
f 2146/2348/2146 2145/2347/2145 2152/2354/2152
f 2152/2354/2152 2153/2355/2153 2146/2348/2146
f 2147/2349/2147 2146/2348/2146 2153/2355/2153
f 2153/2355/2153 2154/2356/2154 2147/2349/2147
f 2148/2350/2148 2147/2349/2147 2154/2356/2154
f 2154/2356/2154 2155/2357/2155 2148/2350/2148
f 2149/2351/2149 2148/2350/2148 2155/2357/2155
f 2155/2357/2155 2156/2358/2156 2149/2351/2149
f 2150/2352/2150 2149/2351/2149 2156/2358/2156
f 2156/2358/2156 2157/2359/2157 2150/2352/2150
f 2151/2353/2151 2150/2352/2150 2157/2359/2157
f 2157/2359/2157 2158/2360/2158 2151/2353/2151
f 2152/2354/2152 2104/2299/2104 2112/2307/2112
f 2112/2307/2112 2159/2361/2159 2152/2354/2152
f 2153/2355/2153 2152/2354/2152 2159/2361/2159
f 2159/2361/2159 2160/2362/2160 2153/2355/2153
f 2154/2356/2154 2153/2355/2153 2160/2362/2160
f 2160/2362/2160 2161/2363/2161 2154/2356/2154
f 2155/2357/2155 2154/2356/2154 2161/2363/2161
f 2161/2363/2161 2162/2364/2162 2155/2357/2155
f 2156/2358/2156 2155/2357/2155 2162/2364/2162
f 2162/2364/2162 2163/2365/2163 2156/2358/2156
f 2157/2359/2157 2156/2358/2156 2163/2365/2163
f 2163/2365/2163 2164/2366/2164 2157/2359/2157
f 2158/2360/2158 2157/2359/2157 2164/2366/2164
f 2164/2366/2164 2165/2367/2165 2158/2360/2158
f 2159/2361/2159 2112/2307/2112 2120/2315/2120
f 2120/2315/2120 2166/2368/2166 2159/2361/2159
f 2160/2362/2160 2159/2361/2159 2166/2368/2166
f 2166/2368/2166 2167/2369/2167 2160/2362/2160
f 2161/2363/2161 2160/2362/2160 2167/2369/2167
f 2167/2369/2167 2168/2370/2168 2161/2363/2161
f 2162/2364/2162 2161/2363/2161 2168/2370/2168
f 2168/2370/2168 2169/2371/2169 2162/2364/2162
f 2163/2365/2163 2162/2364/2162 2169/2371/2169
f 2169/2371/2169 2170/2372/2170 2163/2365/2163
f 2164/2366/2164 2163/2365/2163 2170/2372/2170
f 2170/2372/2170 2171/2373/2171 2164/2366/2164
f 2165/2367/2165 2164/2366/2164 2171/2373/2171
f 2171/2373/2171 2172/2374/2172 2165/2367/2165
f 2166/2368/2166 2120/2315/2120 2128/2323/2128
f 2128/2323/2128 2173/2375/2173 2166/2368/2166
f 2167/2369/2167 2166/2368/2166 2173/2375/2173
f 2173/2375/2173 2174/2376/2174 2167/2369/2167
f 2168/2370/2168 2167/2369/2167 2174/2376/2174
f 2174/2376/2174 2175/2377/2175 2168/2370/2168
f 2169/2371/2169 2168/2370/2168 2175/2377/2175
f 2175/2377/2175 2176/2378/2176 2169/2371/2169
f 2170/2372/2170 2169/2371/2169 2176/2378/2176
f 2176/2378/2176 2177/2379/2177 2170/2372/2170
f 2171/2373/2171 2170/2372/2170 2177/2379/2177
f 2177/2379/2177 2178/2380/2178 2171/2373/2171
f 2172/2374/2172 2171/2373/2171 2178/2380/2178
f 2178/2380/2178 2179/2381/2179 2172/2374/2172
f 2173/2375/2173 2128/2323/2128 2136/2331/2136
f 2136/2331/2136 2180/2382/2180 2173/2375/2173
f 2174/2376/2174 2173/2375/2173 2180/2382/2180
f 2180/2382/2180 2181/2383/2181 2174/2376/2174
f 2175/2377/2175 2174/2376/2174 2181/2383/2181
f 2181/2383/2181 2182/2384/2182 2175/2377/2175
f 2176/2378/2176 2175/2377/2175 2182/2384/2182
f 2182/2384/2182 2183/2385/2183 2176/2378/2176
f 2177/2379/2177 2176/2378/2176 2183/2385/2183
f 2183/2385/2183 2184/2386/2184 2177/2379/2177
f 2178/2380/2178 2177/2379/2177 2184/2386/2184
f 2184/2386/2184 2185/2387/2185 2178/2380/2178
f 2180/2382/2180 2136/2331/2136 2144/2339/2144
f 2144/2339/2144 2186/2388/2186 2180/2382/2180
f 2181/2383/2181 2180/2382/2180 2186/2388/2186
f 2186/2388/2186 2187/2389/2187 2181/2383/2181
f 2182/2384/2182 2181/2383/2181 2187/2389/2187
f 2187/2389/2187 2188/2390/2188 2182/2384/2182
f 2183/2385/2183 2182/2384/2182 2188/2390/2188
f 2188/2390/2188 2189/2391/2189 2183/2385/2183
f 2184/2386/2184 2183/2385/2183 2189/2391/2189
f 2189/2391/2189 2190/2392/2190 2184/2386/2184
f 2185/2387/2185 2184/2386/2184 2190/2392/2190
f 2190/2392/2190 2191/2393/2191 2185/2387/2185
f 1813/2395/1813 2191/2393/2191 1811/2394/1811
f 1813/2395/1813 2185/2387/2185 2191/2393/2191
f 1813/2395/1813 1815/2396/1815 2185/2387/2185
f 1815/2396/1815 1817/2397/1817 2185/2387/2185
f 1817/2397/1817 1819/2398/1819 2179/2381/2179
f 1817/2397/1817 2179/2381/2179 2178/2380/2178
f 1817/2397/1817 2178/2380/2178 2185/2387/2185
f 2192/2406/2192 2040/2399/2040 2041/2400/2041
f 2041/2400/2041 2193/2407/2193 2192/2406/2192
f 2193/2407/2193 2041/2400/2041 2042/2401/2042
f 2042/2401/2042 2194/2408/2194 2193/2407/2193
f 2194/2408/2194 2042/2401/2042 2043/2402/2043
f 2043/2402/2043 2195/2409/2195 2194/2408/2194
f 2195/2409/2195 2043/2402/2043 2044/2403/2044
f 2044/2403/2044 2196/2410/2196 2195/2409/2195
f 2196/2410/2196 2044/2403/2044 2045/2404/2045
f 2045/2404/2045 2197/2411/2197 2196/2410/2196
f 2197/2411/2197 2045/2404/2045 2046/2405/2046
f 2046/2405/2046 2198/2412/2198 2197/2411/2197
f 2198/2412/2198 2046/2405/2046 1997/2346/1997
f 1997/2346/1997 2151/2353/2151 2198/2412/2198
f 2199/2413/2199 2192/2406/2192 2193/2407/2193
f 2193/2407/2193 2200/2414/2200 2199/2413/2199
f 2200/2414/2200 2193/2407/2193 2194/2408/2194
f 2194/2408/2194 2201/2415/2201 2200/2414/2200
f 2201/2415/2201 2194/2408/2194 2195/2409/2195
f 2195/2409/2195 2202/2416/2202 2201/2415/2201
f 2202/2416/2202 2195/2409/2195 2196/2410/2196
f 2196/2410/2196 2203/2417/2203 2202/2416/2202
f 2203/2417/2203 2196/2410/2196 2197/2411/2197
f 2197/2411/2197 2204/2418/2204 2203/2417/2203
f 2204/2418/2204 2197/2411/2197 2198/2412/2198
f 2198/2412/2198 2205/2419/2205 2204/2418/2204
f 2205/2419/2205 2198/2412/2198 2151/2353/2151
f 2151/2353/2151 2158/2360/2158 2205/2419/2205
f 2206/2420/2206 2199/2413/2199 2200/2414/2200
f 2200/2414/2200 2207/2421/2207 2206/2420/2206
f 2207/2421/2207 2200/2414/2200 2201/2415/2201
f 2201/2415/2201 2208/2422/2208 2207/2421/2207
f 2208/2422/2208 2201/2415/2201 2202/2416/2202
f 2202/2416/2202 2209/2423/2209 2208/2422/2208
f 2209/2423/2209 2202/2416/2202 2203/2417/2203
f 2203/2417/2203 2210/2424/2210 2209/2423/2209
f 2210/2424/2210 2203/2417/2203 2204/2418/2204
f 2204/2418/2204 2211/2425/2211 2210/2424/2210
f 2211/2425/2211 2204/2418/2204 2205/2419/2205
f 2205/2419/2205 2212/2426/2212 2211/2425/2211
f 2212/2426/2212 2205/2419/2205 2158/2360/2158
f 2158/2360/2158 2165/2367/2165 2212/2426/2212
f 2213/2427/2213 2206/2420/2206 2207/2421/2207
f 2207/2421/2207 2214/2428/2214 2213/2427/2213
f 2214/2428/2214 2207/2421/2207 2208/2422/2208
f 2208/2422/2208 2215/2429/2215 2214/2428/2214
f 2215/2429/2215 2208/2422/2208 2209/2423/2209
f 2209/2423/2209 2216/2430/2216 2215/2429/2215
f 2216/2430/2216 2209/2423/2209 2210/2424/2210
f 2210/2424/2210 2217/2431/2217 2216/2430/2216
f 2217/2431/2217 2210/2424/2210 2211/2425/2211
f 2211/2425/2211 2218/2432/2218 2217/2431/2217
f 2218/2432/2218 2211/2425/2211 2212/2426/2212
f 2212/2426/2212 2219/2433/2219 2218/2432/2218
f 2219/2433/2219 2212/2426/2212 2165/2367/2165
f 2165/2367/2165 2172/2374/2172 2219/2433/2219
f 2220/2434/2220 2213/2427/2213 2214/2428/2214
f 2214/2428/2214 2221/2435/2221 2220/2434/2220
f 2221/2435/2221 2214/2428/2214 2215/2429/2215
f 2215/2429/2215 2222/2436/2222 2221/2435/2221
f 2222/2436/2222 2215/2429/2215 2216/2430/2216
f 2216/2430/2216 2223/2437/2223 2222/2436/2222
f 2223/2437/2223 2216/2430/2216 2217/2431/2217
f 2217/2431/2217 2224/2438/2224 2223/2437/2223
f 2224/2438/2224 2217/2431/2217 2218/2432/2218
f 2218/2432/2218 2225/2439/2225 2224/2438/2224
f 2225/2439/2225 2218/2432/2218 2219/2433/2219
f 2219/2433/2219 2226/2440/2226 2225/2439/2225
f 2226/2440/2226 2219/2433/2219 2172/2374/2172
f 2172/2374/2172 2179/2381/2179 2226/2440/2226
f 2227/2441/2227 2220/2434/2220 2221/2435/2221
f 2221/2435/2221 2228/2442/2228 2227/2441/2227
f 2228/2442/2228 2221/2435/2221 2222/2436/2222
f 2222/2436/2222 2229/2443/2229 2228/2442/2228
f 2229/2443/2229 2222/2436/2222 2223/2437/2223
f 2223/2437/2223 2230/2444/2230 2229/2443/2229
f 2230/2444/2230 2223/2437/2223 2224/2438/2224
f 2224/2438/2224 2231/2445/2231 2230/2444/2230
f 2231/2445/2231 2224/2438/2224 2225/2439/2225
f 2225/2439/2225 2232/2446/2232 2231/2445/2231
f 2232/2446/2232 2225/2439/2225 2226/2440/2226
f 2226/2440/2226 2233/2447/2233 2232/2446/2232
f 2234/2448/2234 2227/2441/2227 2228/2442/2228
f 2228/2442/2228 2235/2449/2235 2234/2448/2234
f 2235/2449/2235 2228/2442/2228 2229/2443/2229
f 2229/2443/2229 2236/2450/2236 2235/2449/2235
f 2236/2450/2236 2229/2443/2229 2230/2444/2230
f 2230/2444/2230 2237/2451/2237 2236/2450/2236
f 2237/2451/2237 2230/2444/2230 2231/2445/2231
f 2231/2445/2231 2238/2452/2238 2237/2451/2237
f 2238/2452/2238 2231/2445/2231 2232/2446/2232
f 2232/2446/2232 2239/2453/2239 2238/2452/2238
f 2239/2453/2239 2232/2446/2232 2233/2447/2233
f 2233/2447/2233 2240/2454/2240 2239/2453/2239
f 2240/2454/2240 1887/2456/1887 1885/2455/1885
f 2233/2447/2233 1887/2456/1887 2240/2454/2240
f 1889/2457/1889 1887/2456/1887 2233/2447/2233
f 1891/2458/1891 1889/2457/1889 2233/2447/2233
f 1819/2398/1819 1891/2458/1891 2179/2381/2179
f 2179/2381/2179 1891/2458/1891 2226/2440/2226
f 2226/2440/2226 1891/2458/1891 2233/2447/2233
f 2089/2466/2089 1941/2459/1941 2083/2460/2083
f 2083/2460/2083 2241/2467/2241 2089/2466/2089
f 2241/2467/2241 2083/2460/2083 2084/2461/2084
f 2084/2461/2084 2242/2468/2242 2241/2467/2241
f 2242/2468/2242 2084/2461/2084 2085/2462/2085
f 2085/2462/2085 2243/2469/2243 2242/2468/2242
f 2243/2469/2243 2085/2462/2085 2086/2463/2086
f 2086/2463/2086 2244/2470/2244 2243/2469/2243
f 2244/2470/2244 2086/2463/2086 2087/2464/2087
f 2087/2464/2087 2245/2471/2245 2244/2470/2244
f 2245/2471/2245 2087/2464/2087 2088/2465/2088
f 2088/2465/2088 2246/2472/2246 2245/2471/2245
f 2246/2472/2246 2088/2465/2088 2040/2399/2040
f 2040/2399/2040 2192/2406/2192 2246/2472/2246
f 2097/2473/2097 2089/2466/2089 2241/2467/2241
f 2241/2467/2241 2247/2474/2247 2097/2473/2097
f 2247/2474/2247 2241/2467/2241 2242/2468/2242
f 2242/2468/2242 2248/2475/2248 2247/2474/2247
f 2248/2475/2248 2242/2468/2242 2243/2469/2243
f 2243/2469/2243 2249/2476/2249 2248/2475/2248
f 2249/2476/2249 2243/2469/2243 2244/2470/2244
f 2244/2470/2244 2250/2477/2250 2249/2476/2249
f 2250/2477/2250 2244/2470/2244 2245/2471/2245
f 2245/2471/2245 2251/2478/2251 2250/2477/2250
f 2251/2478/2251 2245/2471/2245 2246/2472/2246
f 2246/2472/2246 2252/2479/2252 2251/2478/2251
f 2252/2479/2252 2246/2472/2246 2192/2406/2192
f 2192/2406/2192 2199/2413/2199 2252/2479/2252
f 2105/2480/2105 2097/2473/2097 2247/2474/2247
f 2247/2474/2247 2253/2481/2253 2105/2480/2105
f 2253/2481/2253 2247/2474/2247 2248/2475/2248
f 2248/2475/2248 2254/2482/2254 2253/2481/2253
f 2254/2482/2254 2248/2475/2248 2249/2476/2249
f 2249/2476/2249 2255/2483/2255 2254/2482/2254
f 2255/2483/2255 2249/2476/2249 2250/2477/2250
f 2250/2477/2250 2256/2484/2256 2255/2483/2255
f 2256/2484/2256 2250/2477/2250 2251/2478/2251
f 2251/2478/2251 2257/2485/2257 2256/2484/2256
f 2257/2485/2257 2251/2478/2251 2252/2479/2252
f 2252/2479/2252 2258/2486/2258 2257/2485/2257
f 2258/2486/2258 2252/2479/2252 2199/2413/2199
f 2199/2413/2199 2206/2420/2206 2258/2486/2258
f 2113/2487/2113 2105/2480/2105 2253/2481/2253
f 2253/2481/2253 2259/2488/2259 2113/2487/2113
f 2259/2488/2259 2253/2481/2253 2254/2482/2254
f 2254/2482/2254 2260/2489/2260 2259/2488/2259
f 2260/2489/2260 2254/2482/2254 2255/2483/2255
f 2255/2483/2255 2261/2490/2261 2260/2489/2260
f 2261/2490/2261 2255/2483/2255 2256/2484/2256
f 2256/2484/2256 2262/2491/2262 2261/2490/2261
f 2262/2491/2262 2256/2484/2256 2257/2485/2257
f 2257/2485/2257 2263/2492/2263 2262/2491/2262
f 2263/2492/2263 2257/2485/2257 2258/2486/2258
f 2258/2486/2258 2264/2493/2264 2263/2492/2263
f 2264/2493/2264 2258/2486/2258 2206/2420/2206
f 2206/2420/2206 2213/2427/2213 2264/2493/2264
f 2121/2494/2121 2113/2487/2113 2259/2488/2259
f 2259/2488/2259 2265/2495/2265 2121/2494/2121
f 2265/2495/2265 2259/2488/2259 2260/2489/2260
f 2260/2489/2260 2266/2496/2266 2265/2495/2265
f 2266/2496/2266 2260/2489/2260 2261/2490/2261
f 2261/2490/2261 2267/2497/2267 2266/2496/2266
f 2267/2497/2267 2261/2490/2261 2262/2491/2262
f 2262/2491/2262 2268/2498/2268 2267/2497/2267
f 2268/2498/2268 2262/2491/2262 2263/2492/2263
f 2263/2492/2263 2269/2499/2269 2268/2498/2268
f 2269/2499/2269 2263/2492/2263 2264/2493/2264
f 2264/2493/2264 2270/2500/2270 2269/2499/2269
f 2270/2500/2270 2264/2493/2264 2213/2427/2213
f 2213/2427/2213 2220/2434/2220 2270/2500/2270
f 2129/2501/2129 2121/2494/2121 2265/2495/2265
f 2265/2495/2265 2271/2502/2271 2129/2501/2129
f 2271/2502/2271 2265/2495/2265 2266/2496/2266
f 2266/2496/2266 2272/2503/2272 2271/2502/2271
f 2272/2503/2272 2266/2496/2266 2267/2497/2267
f 2267/2497/2267 2273/2504/2273 2272/2503/2272
f 2273/2504/2273 2267/2497/2267 2268/2498/2268
f 2268/2498/2268 2274/2505/2274 2273/2504/2273
f 2274/2505/2274 2268/2498/2268 2269/2499/2269
f 2269/2499/2269 2275/2506/2275 2274/2505/2274
f 2275/2506/2275 2269/2499/2269 2270/2500/2270
f 2270/2500/2270 2276/2507/2276 2275/2506/2275
f 2276/2507/2276 2270/2500/2270 2220/2434/2220
f 2220/2434/2220 2227/2441/2227 2276/2507/2276
f 2137/2508/2137 2129/2501/2129 2271/2502/2271
f 2271/2502/2271 2277/2509/2277 2137/2508/2137
f 2277/2509/2277 2271/2502/2271 2272/2503/2272
f 2272/2503/2272 2278/2510/2278 2277/2509/2277
f 2278/2510/2278 2272/2503/2272 2273/2504/2273
f 2273/2504/2273 2279/2511/2279 2278/2510/2278
f 2279/2511/2279 2273/2504/2273 2274/2505/2274
f 2274/2505/2274 2280/2512/2280 2279/2511/2279
f 2280/2512/2280 2274/2505/2274 2275/2506/2275
f 2275/2506/2275 2281/2513/2281 2280/2512/2280
f 2281/2513/2281 2275/2506/2275 2276/2507/2276
f 2276/2507/2276 2282/2514/2282 2281/2513/2281
f 2282/2514/2282 2276/2507/2276 2227/2441/2227
f 2227/2441/2227 2234/2448/2234 2282/2514/2282
f 2138/2333/2138 2137/2332/2137 2283/2515/2283
f 2283/2515/2283 2284/2516/2284 2138/2333/2138
f 2139/2334/2139 2138/2333/2138 2284/2516/2284
f 2284/2516/2284 2285/2517/2285 2139/2334/2139
f 2140/2335/2140 2139/2334/2139 2285/2517/2285
f 2285/2517/2285 2286/2518/2286 2140/2335/2140
f 2141/2336/2141 2140/2335/2140 2286/2518/2286
f 2286/2518/2286 2287/2519/2287 2141/2336/2141
f 2142/2337/2142 2141/2336/2141 2287/2519/2287
f 2287/2519/2287 2288/2520/2288 2142/2337/2142
f 2143/2338/2143 2142/2337/2142 2288/2520/2288
f 2288/2520/2288 2289/2521/2289 2143/2338/2143
f 2144/2339/2144 2143/2338/2143 2289/2521/2289
f 2289/2521/2289 2290/2522/2290 2144/2339/2144
f 2284/2516/2284 2283/2515/2283 2291/2523/2291
f 2291/2523/2291 2292/2524/2292 2284/2516/2284
f 2285/2517/2285 2284/2516/2284 2292/2524/2292
f 2292/2524/2292 2293/2525/2293 2285/2517/2285
f 2286/2518/2286 2285/2517/2285 2293/2525/2293
f 2293/2525/2293 2294/2526/2294 2286/2518/2286
f 2287/2519/2287 2286/2518/2286 2294/2526/2294
f 2294/2526/2294 2295/2527/2295 2287/2519/2287
f 2288/2520/2288 2287/2519/2287 2295/2527/2295
f 2295/2527/2295 2296/2528/2296 2288/2520/2288
f 2289/2521/2289 2288/2520/2288 2296/2528/2296
f 2296/2528/2296 2297/2529/2297 2289/2521/2289
f 2290/2522/2290 2289/2521/2289 2297/2529/2297
f 2297/2529/2297 2298/2530/2298 2290/2522/2290
f 2292/2524/2292 2291/2523/2291 2299/2531/2299
f 2299/2531/2299 2300/2532/2300 2292/2524/2292
f 2293/2525/2293 2292/2524/2292 2300/2532/2300
f 2300/2532/2300 2301/2533/2301 2293/2525/2293
f 2294/2526/2294 2293/2525/2293 2301/2533/2301
f 2301/2533/2301 2302/2534/2302 2294/2526/2294
f 2295/2527/2295 2294/2526/2294 2302/2534/2302
f 2302/2534/2302 2303/2535/2303 2295/2527/2295
f 2296/2528/2296 2295/2527/2295 2303/2535/2303
f 2303/2535/2303 2304/2536/2304 2296/2528/2296
f 2297/2529/2297 2296/2528/2296 2304/2536/2304
f 2304/2536/2304 2305/2537/2305 2297/2529/2297
f 2298/2530/2298 2297/2529/2297 2305/2537/2305
f 2305/2537/2305 2306/2538/2306 2298/2530/2298
f 2300/2532/2300 2299/2531/2299 2307/2539/2307
f 2307/2539/2307 2308/2540/2308 2300/2532/2300
f 2301/2533/2301 2300/2532/2300 2308/2540/2308
f 2308/2540/2308 2309/2541/2309 2301/2533/2301
f 2302/2534/2302 2301/2533/2301 2309/2541/2309
f 2309/2541/2309 2310/2542/2310 2302/2534/2302
f 2303/2535/2303 2302/2534/2302 2310/2542/2310
f 2310/2542/2310 2311/2543/2311 2303/2535/2303
f 2304/2536/2304 2303/2535/2303 2311/2543/2311
f 2311/2543/2311 2312/2544/2312 2304/2536/2304
f 2305/2537/2305 2304/2536/2304 2312/2544/2312
f 2312/2544/2312 2313/2545/2313 2305/2537/2305
f 2306/2538/2306 2305/2537/2305 2313/2545/2313
f 2313/2545/2313 2314/2546/2314 2306/2538/2306
f 2308/2540/2308 2307/2539/2307 2315/2547/2315
f 2315/2547/2315 2316/2548/2316 2308/2540/2308
f 2309/2541/2309 2308/2540/2308 2316/2548/2316
f 2316/2548/2316 2317/2549/2317 2309/2541/2309
f 2310/2542/2310 2309/2541/2309 2317/2549/2317
f 2317/2549/2317 2318/2550/2318 2310/2542/2310
f 2311/2543/2311 2310/2542/2310 2318/2550/2318
f 2318/2550/2318 2319/2551/2319 2311/2543/2311
f 2312/2544/2312 2311/2543/2311 2319/2551/2319
f 2319/2551/2319 2320/2552/2320 2312/2544/2312
f 2313/2545/2313 2312/2544/2312 2320/2552/2320
f 2320/2552/2320 2321/2553/2321 2313/2545/2313
f 2314/2546/2314 2313/2545/2313 2321/2553/2321
f 2321/2553/2321 2322/2554/2322 2314/2546/2314
f 2316/2548/2316 2315/2547/2315 2323/2555/2323
f 2323/2555/2323 2324/2556/2324 2316/2548/2316
f 2317/2549/2317 2316/2548/2316 2324/2556/2324
f 2324/2556/2324 2325/2557/2325 2317/2549/2317
f 2318/2550/2318 2317/2549/2317 2325/2557/2325
f 2325/2557/2325 2326/2558/2326 2318/2550/2318
f 2319/2551/2319 2318/2550/2318 2326/2558/2326
f 2326/2558/2326 2327/2559/2327 2319/2551/2319
f 2320/2552/2320 2319/2551/2319 2327/2559/2327
f 2327/2559/2327 2328/2560/2328 2320/2552/2320
f 2321/2553/2321 2320/2552/2320 2328/2560/2328
f 2328/2560/2328 2329/2561/2329 2321/2553/2321
f 2322/2554/2322 2321/2553/2321 2329/2561/2329
f 2329/2561/2329 2330/2562/2330 2322/2554/2322
f 2324/2556/2324 2323/2555/2323 2331/2563/2331
f 2331/2563/2331 2332/2564/2332 2324/2556/2324
f 2325/2557/2325 2324/2556/2324 2332/2564/2332
f 2332/2564/2332 2333/2565/2333 2325/2557/2325
f 2326/2558/2326 2325/2557/2325 2333/2565/2333
f 2333/2565/2333 2334/2566/2334 2326/2558/2326
f 2327/2559/2327 2326/2558/2326 2334/2566/2334
f 2334/2566/2334 2335/2567/2335 2327/2559/2327
f 2328/2560/2328 2327/2559/2327 2335/2567/2335
f 2335/2567/2335 2336/2568/2336 2328/2560/2328
f 2329/2561/2329 2328/2560/2328 2336/2568/2336
f 2336/2568/2336 2337/2569/2337 2329/2561/2329
f 2330/2562/2330 2329/2561/2329 2337/2569/2337
f 2337/2569/2337 2338/2570/2338 2330/2562/2330
f 2186/2388/2186 2144/2339/2144 2290/2522/2290
f 2290/2522/2290 2339/2571/2339 2186/2388/2186
f 2187/2389/2187 2186/2388/2186 2339/2571/2339
f 2339/2571/2339 2340/2572/2340 2187/2389/2187
f 2188/2390/2188 2187/2389/2187 2340/2572/2340
f 2340/2572/2340 2341/2573/2341 2188/2390/2188
f 2189/2391/2189 2188/2390/2188 2341/2573/2341
f 2341/2573/2341 2342/2574/2342 2189/2391/2189
f 2190/2392/2190 2189/2391/2189 2342/2574/2342
f 2342/2574/2342 2343/2575/2343 2190/2392/2190
f 2191/2393/2191 2190/2392/2190 2343/2575/2343
f 2343/2575/2343 2344/2576/2344 2191/2393/2191
f 2339/2571/2339 2290/2522/2290 2298/2530/2298
f 2298/2530/2298 2345/2577/2345 2339/2571/2339
f 2340/2572/2340 2339/2571/2339 2345/2577/2345
f 2345/2577/2345 2346/2578/2346 2340/2572/2340
f 2341/2573/2341 2340/2572/2340 2346/2578/2346
f 2346/2578/2346 2347/2579/2347 2341/2573/2341
f 2342/2574/2342 2341/2573/2341 2347/2579/2347
f 2347/2579/2347 2348/2580/2348 2342/2574/2342
f 2343/2575/2343 2342/2574/2342 2348/2580/2348
f 2348/2580/2348 2349/2581/2349 2343/2575/2343
f 2344/2576/2344 2343/2575/2343 2349/2581/2349
f 2349/2581/2349 2350/2582/2350 2344/2576/2344
f 2345/2577/2345 2298/2530/2298 2306/2538/2306
f 2306/2538/2306 2351/2583/2351 2345/2577/2345
f 2346/2578/2346 2345/2577/2345 2351/2583/2351
f 2351/2583/2351 2352/2584/2352 2346/2578/2346
f 2347/2579/2347 2346/2578/2346 2352/2584/2352
f 2352/2584/2352 2353/2585/2353 2347/2579/2347
f 2348/2580/2348 2347/2579/2347 2353/2585/2353
f 2353/2585/2353 2354/2586/2354 2348/2580/2348
f 2349/2581/2349 2348/2580/2348 2354/2586/2354
f 2354/2586/2354 2355/2587/2355 2349/2581/2349
f 2350/2582/2350 2349/2581/2349 2355/2587/2355
f 2355/2587/2355 2356/2588/2356 2350/2582/2350
f 2351/2583/2351 2306/2538/2306 2314/2546/2314
f 2314/2546/2314 2358/2590/2358 2351/2583/2351
f 2352/2584/2352 2351/2583/2351 2358/2590/2358
f 2358/2590/2358 2359/2591/2359 2352/2584/2352
f 2353/2585/2353 2352/2584/2352 2359/2591/2359
f 2359/2591/2359 2360/2592/2360 2353/2585/2353
f 2354/2586/2354 2353/2585/2353 2360/2592/2360
f 2360/2592/2360 2361/2593/2361 2354/2586/2354
f 2355/2587/2355 2354/2586/2354 2361/2593/2361
f 2361/2593/2361 2362/2594/2362 2355/2587/2355
f 2356/2588/2356 2355/2587/2355 2362/2594/2362
f 2362/2594/2362 2363/2595/2363 2356/2588/2356
f 2357/2589/2357 2356/2588/2356 2363/2595/2363
f 2363/2595/2363 2364/2596/2364 2357/2589/2357
f 2358/2590/2358 2314/2546/2314 2322/2554/2322
f 2322/2554/2322 2365/2597/2365 2358/2590/2358
f 2359/2591/2359 2358/2590/2358 2365/2597/2365
f 2365/2597/2365 2366/2598/2366 2359/2591/2359
f 2360/2592/2360 2359/2591/2359 2366/2598/2366
f 2366/2598/2366 2367/2599/2367 2360/2592/2360
f 2361/2593/2361 2360/2592/2360 2367/2599/2367
f 2367/2599/2367 2368/2600/2368 2361/2593/2361
f 2362/2594/2362 2361/2593/2361 2368/2600/2368
f 2368/2600/2368 2369/2601/2369 2362/2594/2362
f 2363/2595/2363 2362/2594/2362 2369/2601/2369
f 2369/2601/2369 2370/2602/2370 2363/2595/2363
f 2364/2596/2364 2363/2595/2363 2370/2602/2370
f 2370/2602/2370 2371/2603/2371 2364/2596/2364
f 2365/2597/2365 2322/2554/2322 2330/2562/2330
f 2330/2562/2330 2372/2604/2372 2365/2597/2365
f 2366/2598/2366 2365/2597/2365 2372/2604/2372
f 2372/2604/2372 2373/2605/2373 2366/2598/2366
f 2367/2599/2367 2366/2598/2366 2373/2605/2373
f 2373/2605/2373 2374/2606/2374 2367/2599/2367
f 2368/2600/2368 2367/2599/2367 2374/2606/2374
f 2374/2606/2374 2375/2607/2375 2368/2600/2368
f 2369/2601/2369 2368/2600/2368 2375/2607/2375
f 2375/2607/2375 2376/2608/2376 2369/2601/2369
f 2370/2602/2370 2369/2601/2369 2376/2608/2376
f 2376/2608/2376 2377/2609/2377 2370/2602/2370
f 2371/2603/2371 2370/2602/2370 2377/2609/2377
f 2377/2609/2377 2378/2610/2378 2371/2603/2371
f 2372/2604/2372 2330/2562/2330 2338/2570/2338
f 2338/2570/2338 2379/2611/2379 2372/2604/2372
f 2373/2605/2373 2372/2604/2372 2379/2611/2379
f 2379/2611/2379 2380/2612/2380 2373/2605/2373
f 2374/2606/2374 2373/2605/2373 2380/2612/2380
f 2380/2612/2380 2381/2613/2381 2374/2606/2374
f 2375/2607/2375 2374/2606/2374 2381/2613/2381
f 2381/2613/2381 2382/2614/2382 2375/2607/2375
f 2376/2608/2376 2375/2607/2375 2382/2614/2382
f 2382/2614/2382 2383/2615/2383 2376/2608/2376
f 2377/2609/2377 2376/2608/2376 2383/2615/2383
f 2383/2615/2383 2384/2616/2384 2377/2609/2377
f 2378/2610/2378 2377/2609/2377 2384/2616/2384
f 2384/2616/2384 2385/2617/2385 2378/2610/2378
f 1797/2618/1797 1799/2619/1799 2356/2588/2356
f 1797/2618/1797 2356/2588/2356 2357/2589/2357
f 1801/2620/1801 2356/2588/2356 1799/2619/1799
f 1801/2620/1801 2350/2582/2350 2356/2588/2356
f 1803/2621/1803 2350/2582/2350 1801/2620/1801
f 1805/2622/1805 2350/2582/2350 1803/2621/1803
f 1805/2622/1805 2344/2576/2344 2350/2582/2350
f 1807/2623/1807 2344/2576/2344 1805/2622/1805
f 1809/2624/1809 2344/2576/2344 1807/2623/1807
f 1809/2624/1809 2191/2393/2191 2344/2576/2344
f 1811/2394/1811 2191/2393/2191 1809/2624/1809
f 2386/2625/2386 2234/2448/2234 2235/2449/2235
f 2235/2449/2235 2387/2626/2387 2386/2625/2386
f 2387/2626/2387 2235/2449/2235 2236/2450/2236
f 2236/2450/2236 2388/2627/2388 2387/2626/2387
f 2388/2627/2388 2236/2450/2236 2237/2451/2237
f 2237/2451/2237 2389/2628/2389 2388/2627/2388
f 2389/2628/2389 2237/2451/2237 2238/2452/2238
f 2238/2452/2238 2390/2629/2390 2389/2628/2389
f 2390/2629/2390 2238/2452/2238 2239/2453/2239
f 2239/2453/2239 2391/2630/2391 2390/2629/2390
f 2391/2630/2391 2239/2453/2239 2240/2454/2240
f 2240/2454/2240 2392/2631/2392 2391/2630/2391
f 2393/2632/2393 2386/2625/2386 2387/2626/2387
f 2387/2626/2387 2394/2633/2394 2393/2632/2393
f 2394/2633/2394 2387/2626/2387 2388/2627/2388
f 2388/2627/2388 2395/2634/2395 2394/2633/2394
f 2395/2634/2395 2388/2627/2388 2389/2628/2389
f 2389/2628/2389 2396/2635/2396 2395/2634/2395
f 2396/2635/2396 2389/2628/2389 2390/2629/2390
f 2390/2629/2390 2397/2636/2397 2396/2635/2396
f 2397/2636/2397 2390/2629/2390 2391/2630/2391
f 2391/2630/2391 2398/2637/2398 2397/2636/2397
f 2398/2637/2398 2391/2630/2391 2392/2631/2392
f 2392/2631/2392 2399/2638/2399 2398/2637/2398
f 2400/2639/2400 2393/2632/2393 2394/2633/2394
f 2394/2633/2394 2401/2640/2401 2400/2639/2400
f 2401/2640/2401 2394/2633/2394 2395/2634/2395
f 2395/2634/2395 2402/2641/2402 2401/2640/2401
f 2402/2641/2402 2395/2634/2395 2396/2635/2396
f 2396/2635/2396 2403/2642/2403 2402/2641/2402
f 2403/2642/2403 2396/2635/2396 2397/2636/2397
f 2397/2636/2397 2404/2643/2404 2403/2642/2403
f 2404/2643/2404 2397/2636/2397 2398/2637/2398
f 2398/2637/2398 2405/2644/2405 2404/2643/2404
f 2405/2644/2405 2398/2637/2398 2399/2638/2399
f 2399/2638/2399 2406/2645/2406 2405/2644/2405
f 2407/2646/2407 2400/2639/2400 2401/2640/2401
f 2401/2640/2401 2408/2647/2408 2407/2646/2407
f 2408/2647/2408 2401/2640/2401 2402/2641/2402
f 2402/2641/2402 2409/2648/2409 2408/2647/2408
f 2409/2648/2409 2402/2641/2402 2403/2642/2403
f 2403/2642/2403 2410/2649/2410 2409/2648/2409
f 2410/2649/2410 2403/2642/2403 2404/2643/2404
f 2404/2643/2404 2411/2650/2411 2410/2649/2410
f 2411/2650/2411 2404/2643/2404 2405/2644/2405
f 2405/2644/2405 2412/2651/2412 2411/2650/2411
f 2412/2651/2412 2405/2644/2405 2406/2645/2406
f 2406/2645/2406 2413/2652/2413 2412/2651/2412
f 2413/2652/2413 2406/2645/2406 2357/2589/2357
f 2357/2589/2357 2364/2596/2364 2413/2652/2413
f 2414/2653/2414 2407/2646/2407 2408/2647/2408
f 2408/2647/2408 2415/2654/2415 2414/2653/2414
f 2415/2654/2415 2408/2647/2408 2409/2648/2409
f 2409/2648/2409 2416/2655/2416 2415/2654/2415
f 2416/2655/2416 2409/2648/2409 2410/2649/2410
f 2410/2649/2410 2417/2656/2417 2416/2655/2416
f 2417/2656/2417 2410/2649/2410 2411/2650/2411
f 2411/2650/2411 2418/2657/2418 2417/2656/2417
f 2418/2657/2418 2411/2650/2411 2412/2651/2412
f 2412/2651/2412 2419/2658/2419 2418/2657/2418
f 2419/2658/2419 2412/2651/2412 2413/2652/2413
f 2413/2652/2413 2420/2659/2420 2419/2658/2419
f 2420/2659/2420 2413/2652/2413 2364/2596/2364
f 2364/2596/2364 2371/2603/2371 2420/2659/2420
f 2421/2660/2421 2414/2653/2414 2415/2654/2415
f 2415/2654/2415 2422/2661/2422 2421/2660/2421
f 2422/2661/2422 2415/2654/2415 2416/2655/2416
f 2416/2655/2416 2423/2662/2423 2422/2661/2422
f 2423/2662/2423 2416/2655/2416 2417/2656/2417
f 2417/2656/2417 2424/2663/2424 2423/2662/2423
f 2424/2663/2424 2417/2656/2417 2418/2657/2418
f 2418/2657/2418 2425/2664/2425 2424/2663/2424
f 2425/2664/2425 2418/2657/2418 2419/2658/2419
f 2419/2658/2419 2426/2665/2426 2425/2664/2425
f 2426/2665/2426 2419/2658/2419 2420/2659/2420
f 2420/2659/2420 2427/2666/2427 2426/2665/2426
f 2427/2666/2427 2420/2659/2420 2371/2603/2371
f 2371/2603/2371 2378/2610/2378 2427/2666/2427
f 2428/2667/2428 2421/2660/2421 2422/2661/2422
f 2422/2661/2422 2429/2668/2429 2428/2667/2428
f 2429/2668/2429 2422/2661/2422 2423/2662/2423
f 2423/2662/2423 2430/2669/2430 2429/2668/2429
f 2430/2669/2430 2423/2662/2423 2424/2663/2424
f 2424/2663/2424 2431/2670/2431 2430/2669/2430
f 2431/2670/2431 2424/2663/2424 2425/2664/2425
f 2425/2664/2425 2432/2671/2432 2431/2670/2431
f 2432/2671/2432 2425/2664/2425 2426/2665/2426
f 2426/2665/2426 2433/2672/2433 2432/2671/2432
f 2433/2672/2433 2426/2665/2426 2427/2666/2427
f 2427/2666/2427 2434/2673/2434 2433/2672/2433
f 2434/2673/2434 2427/2666/2427 2378/2610/2378
f 2378/2610/2378 2385/2617/2385 2434/2673/2434
f 1873/2674/1873 1797/2618/1797 2406/2645/2406
f 2406/2645/2406 1797/2618/1797 2357/2589/2357
f 2406/2645/2406 1875/2675/1875 1873/2674/1873
f 2399/2638/2399 1875/2675/1875 2406/2645/2406
f 2399/2638/2399 1877/2676/1877 1875/2675/1875
f 2399/2638/2399 1879/2677/1879 1877/2676/1877
f 2392/2631/2392 1879/2677/1879 2399/2638/2399
f 2392/2631/2392 1881/2678/1881 1879/2677/1879
f 2392/2631/2392 1883/2679/1883 1881/2678/1881
f 2240/2454/2240 1883/2679/1883 2392/2631/2392
f 2240/2454/2240 1885/2455/1885 1883/2679/1883
f 2283/2680/2283 2137/2508/2137 2277/2509/2277
f 2277/2509/2277 2435/2681/2435 2283/2680/2283
f 2435/2681/2435 2277/2509/2277 2278/2510/2278
f 2278/2510/2278 2436/2682/2436 2435/2681/2435
f 2436/2682/2436 2278/2510/2278 2279/2511/2279
f 2279/2511/2279 2437/2683/2437 2436/2682/2436
f 2437/2683/2437 2279/2511/2279 2280/2512/2280
f 2280/2512/2280 2438/2684/2438 2437/2683/2437
f 2438/2684/2438 2280/2512/2280 2281/2513/2281
f 2281/2513/2281 2439/2685/2439 2438/2684/2438
f 2439/2685/2439 2281/2513/2281 2282/2514/2282
f 2282/2514/2282 2440/2686/2440 2439/2685/2439
f 2440/2686/2440 2282/2514/2282 2234/2448/2234
f 2234/2448/2234 2386/2625/2386 2440/2686/2440
f 2291/2687/2291 2283/2680/2283 2435/2681/2435
f 2435/2681/2435 2441/2688/2441 2291/2687/2291
f 2441/2688/2441 2435/2681/2435 2436/2682/2436
f 2436/2682/2436 2442/2689/2442 2441/2688/2441
f 2442/2689/2442 2436/2682/2436 2437/2683/2437
f 2437/2683/2437 2443/2690/2443 2442/2689/2442
f 2443/2690/2443 2437/2683/2437 2438/2684/2438
f 2438/2684/2438 2444/2691/2444 2443/2690/2443
f 2444/2691/2444 2438/2684/2438 2439/2685/2439
f 2439/2685/2439 2445/2692/2445 2444/2691/2444
f 2445/2692/2445 2439/2685/2439 2440/2686/2440
f 2440/2686/2440 2446/2693/2446 2445/2692/2445
f 2446/2693/2446 2440/2686/2440 2386/2625/2386
f 2386/2625/2386 2393/2632/2393 2446/2693/2446
f 2299/2694/2299 2291/2687/2291 2441/2688/2441
f 2441/2688/2441 2447/2695/2447 2299/2694/2299
f 2447/2695/2447 2441/2688/2441 2442/2689/2442
f 2442/2689/2442 2448/2696/2448 2447/2695/2447
f 2448/2696/2448 2442/2689/2442 2443/2690/2443
f 2443/2690/2443 2449/2697/2449 2448/2696/2448
f 2449/2697/2449 2443/2690/2443 2444/2691/2444
f 2444/2691/2444 2450/2698/2450 2449/2697/2449
f 2450/2698/2450 2444/2691/2444 2445/2692/2445
f 2445/2692/2445 2451/2699/2451 2450/2698/2450
f 2451/2699/2451 2445/2692/2445 2446/2693/2446
f 2446/2693/2446 2452/2700/2452 2451/2699/2451
f 2452/2700/2452 2446/2693/2446 2393/2632/2393
f 2393/2632/2393 2400/2639/2400 2452/2700/2452
f 2307/2701/2307 2299/2694/2299 2447/2695/2447
f 2447/2695/2447 2453/2702/2453 2307/2701/2307
f 2453/2702/2453 2447/2695/2447 2448/2696/2448
f 2448/2696/2448 2454/2703/2454 2453/2702/2453
f 2454/2703/2454 2448/2696/2448 2449/2697/2449
f 2449/2697/2449 2455/2704/2455 2454/2703/2454
f 2455/2704/2455 2449/2697/2449 2450/2698/2450
f 2450/2698/2450 2456/2705/2456 2455/2704/2455
f 2456/2705/2456 2450/2698/2450 2451/2699/2451
f 2451/2699/2451 2457/2706/2457 2456/2705/2456
f 2457/2706/2457 2451/2699/2451 2452/2700/2452
f 2452/2700/2452 2458/2707/2458 2457/2706/2457
f 2458/2707/2458 2452/2700/2452 2400/2639/2400
f 2400/2639/2400 2407/2646/2407 2458/2707/2458
f 2315/2708/2315 2307/2701/2307 2453/2702/2453
f 2453/2702/2453 2459/2709/2459 2315/2708/2315
f 2459/2709/2459 2453/2702/2453 2454/2703/2454
f 2454/2703/2454 2460/2710/2460 2459/2709/2459
f 2460/2710/2460 2454/2703/2454 2455/2704/2455
f 2455/2704/2455 2461/2711/2461 2460/2710/2460
f 2461/2711/2461 2455/2704/2455 2456/2705/2456
f 2456/2705/2456 2462/2712/2462 2461/2711/2461
f 2462/2712/2462 2456/2705/2456 2457/2706/2457
f 2457/2706/2457 2463/2713/2463 2462/2712/2462
f 2463/2713/2463 2457/2706/2457 2458/2707/2458
f 2458/2707/2458 2464/2714/2464 2463/2713/2463
f 2464/2714/2464 2458/2707/2458 2407/2646/2407
f 2407/2646/2407 2414/2653/2414 2464/2714/2464
f 2323/2715/2323 2315/2708/2315 2459/2709/2459
f 2459/2709/2459 2465/2716/2465 2323/2715/2323
f 2465/2716/2465 2459/2709/2459 2460/2710/2460
f 2460/2710/2460 2466/2717/2466 2465/2716/2465
f 2466/2717/2466 2460/2710/2460 2461/2711/2461
f 2461/2711/2461 2467/2718/2467 2466/2717/2466
f 2467/2718/2467 2461/2711/2461 2462/2712/2462
f 2462/2712/2462 2468/2719/2468 2467/2718/2467
f 2468/2719/2468 2462/2712/2462 2463/2713/2463
f 2463/2713/2463 2469/2720/2469 2468/2719/2468
f 2469/2720/2469 2463/2713/2463 2464/2714/2464
f 2464/2714/2464 2470/2721/2470 2469/2720/2469
f 2470/2721/2470 2464/2714/2464 2414/2653/2414
f 2414/2653/2414 2421/2660/2421 2470/2721/2470
f 2331/2722/2331 2323/2715/2323 2465/2716/2465
f 2465/2716/2465 2471/2723/2471 2331/2722/2331
f 2471/2723/2471 2465/2716/2465 2466/2717/2466
f 2466/2717/2466 2472/2724/2472 2471/2723/2471
f 2472/2724/2472 2466/2717/2466 2467/2718/2467
f 2467/2718/2467 2473/2725/2473 2472/2724/2472
f 2473/2725/2473 2467/2718/2467 2468/2719/2468
f 2468/2719/2468 2474/2726/2474 2473/2725/2473
f 2474/2726/2474 2468/2719/2468 2469/2720/2469
f 2469/2720/2469 2475/2727/2475 2474/2726/2474
f 2475/2727/2475 2469/2720/2469 2470/2721/2470
f 2470/2721/2470 2476/2728/2476 2475/2727/2475
f 2476/2728/2476 2470/2721/2470 2421/2660/2421
f 2421/2660/2421 2428/2667/2428 2476/2728/2476
f 2332/2564/2332 2331/2563/2331 2477/2729/2477
f 2477/2729/2477 2478/2730/2478 2332/2564/2332
f 2333/2565/2333 2332/2564/2332 2478/2730/2478
f 2478/2730/2478 2479/2731/2479 2333/2565/2333
f 2334/2566/2334 2333/2565/2333 2479/2731/2479
f 2479/2731/2479 2480/2732/2480 2334/2566/2334
f 2335/2567/2335 2334/2566/2334 2480/2732/2480
f 2480/2732/2480 2481/2733/2481 2335/2567/2335
f 2336/2568/2336 2335/2567/2335 2481/2733/2481
f 2481/2733/2481 2482/2734/2482 2336/2568/2336
f 2337/2569/2337 2336/2568/2336 2482/2734/2482
f 2482/2734/2482 2483/2735/2483 2337/2569/2337
f 2338/2570/2338 2337/2569/2337 2483/2735/2483
f 2483/2735/2483 2484/2736/2484 2338/2570/2338
f 2478/2730/2478 2477/2729/2477 2485/2737/2485
f 2485/2737/2485 2486/2738/2486 2478/2730/2478
f 2479/2731/2479 2478/2730/2478 2486/2738/2486
f 2486/2738/2486 2487/2739/2487 2479/2731/2479
f 2480/2732/2480 2479/2731/2479 2487/2739/2487
f 2487/2739/2487 2488/2740/2488 2480/2732/2480
f 2481/2733/2481 2480/2732/2480 2488/2740/2488
f 2488/2740/2488 2489/2741/2489 2481/2733/2481
f 2482/2734/2482 2481/2733/2481 2489/2741/2489
f 2489/2741/2489 2490/2742/2490 2482/2734/2482
f 2483/2735/2483 2482/2734/2482 2490/2742/2490
f 2490/2742/2490 2491/2743/2491 2483/2735/2483
f 2484/2736/2484 2483/2735/2483 2491/2743/2491
f 2491/2743/2491 2492/2744/2492 2484/2736/2484
f 2486/2738/2486 2485/2737/2485 2493/2745/2493
f 2493/2745/2493 2494/2746/2494 2486/2738/2486
f 2487/2739/2487 2486/2738/2486 2494/2746/2494
f 2494/2746/2494 2495/2747/2495 2487/2739/2487
f 2488/2740/2488 2487/2739/2487 2495/2747/2495
f 2495/2747/2495 2496/2748/2496 2488/2740/2488
f 2489/2741/2489 2488/2740/2488 2496/2748/2496
f 2496/2748/2496 2497/2749/2497 2489/2741/2489
f 2490/2742/2490 2489/2741/2489 2497/2749/2497
f 2497/2749/2497 2498/2750/2498 2490/2742/2490
f 2491/2743/2491 2490/2742/2490 2498/2750/2498
f 2498/2750/2498 2499/2751/2499 2491/2743/2491
f 2492/2744/2492 2491/2743/2491 2499/2751/2499
f 2499/2751/2499 2500/2752/2500 2492/2744/2492
f 2494/2746/2494 2493/2745/2493 2501/2753/2501
f 2501/2753/2501 2502/2754/2502 2494/2746/2494
f 2495/2747/2495 2494/2746/2494 2502/2754/2502
f 2502/2754/2502 2503/2755/2503 2495/2747/2495
f 2496/2748/2496 2495/2747/2495 2503/2755/2503
f 2503/2755/2503 2504/2756/2504 2496/2748/2496
f 2497/2749/2497 2496/2748/2496 2504/2756/2504
f 2504/2756/2504 2505/2757/2505 2497/2749/2497
f 2498/2750/2498 2497/2749/2497 2505/2757/2505
f 2505/2757/2505 2506/2758/2506 2498/2750/2498
f 2499/2751/2499 2498/2750/2498 2506/2758/2506
f 2506/2758/2506 2507/2759/2507 2499/2751/2499
f 2500/2752/2500 2499/2751/2499 2507/2759/2507
f 2507/2759/2507 2508/2760/2508 2500/2752/2500
f 2502/2754/2502 2501/2753/2501 2509/2761/2509
f 2509/2761/2509 2510/2762/2510 2502/2754/2502
f 2503/2755/2503 2502/2754/2502 2510/2762/2510
f 2510/2762/2510 2511/2763/2511 2503/2755/2503
f 2504/2756/2504 2503/2755/2503 2511/2763/2511
f 2511/2763/2511 2512/2764/2512 2504/2756/2504
f 2505/2757/2505 2504/2756/2504 2512/2764/2512
f 2512/2764/2512 2513/2765/2513 2505/2757/2505
f 2506/2758/2506 2505/2757/2505 2513/2765/2513
f 2513/2765/2513 2514/2766/2514 2506/2758/2506
f 2507/2759/2507 2506/2758/2506 2514/2766/2514
f 2514/2766/2514 2515/2767/2515 2507/2759/2507
f 2508/2760/2508 2507/2759/2507 2515/2767/2515
f 2515/2767/2515 2516/2768/2516 2508/2760/2508
f 2510/2762/2510 2509/2761/2509 2517/2769/2517
f 2517/2769/2517 2518/2770/2518 2510/2762/2510
f 2511/2763/2511 2510/2762/2510 2518/2770/2518
f 2518/2770/2518 2519/2771/2519 2511/2763/2511
f 2512/2764/2512 2511/2763/2511 2519/2771/2519
f 2519/2771/2519 2520/2772/2520 2512/2764/2512
f 2513/2765/2513 2512/2764/2512 2520/2772/2520
f 2520/2772/2520 2521/2773/2521 2513/2765/2513
f 2514/2766/2514 2513/2765/2513 2521/2773/2521
f 2521/2773/2521 2522/2774/2522 2514/2766/2514
f 2515/2767/2515 2514/2766/2514 2522/2774/2522
f 2522/2774/2522 2523/2775/2523 2515/2767/2515
f 2516/2768/2516 2515/2767/2515 2523/2775/2523
f 2523/2775/2523 2524/2776/2524 2516/2768/2516
f 2518/2770/2518 2517/2769/2517 2525/2777/2525
f 2525/2777/2525 2526/2778/2526 2518/2770/2518
f 2519/2771/2519 2518/2770/2518 2526/2778/2526
f 2526/2778/2526 2527/2779/2527 2519/2771/2519
f 2520/2772/2520 2519/2771/2519 2527/2779/2527
f 2527/2779/2527 2528/2780/2528 2520/2772/2520
f 2521/2773/2521 2520/2772/2520 2528/2780/2528
f 2528/2780/2528 2529/2781/2529 2521/2773/2521
f 2522/2774/2522 2521/2773/2521 2529/2781/2529
f 2529/2781/2529 2530/2782/2530 2522/2774/2522
f 2523/2775/2523 2522/2774/2522 2530/2782/2530
f 2530/2782/2530 2531/2783/2531 2523/2775/2523
f 2524/2776/2524 2523/2775/2523 2531/2783/2531
f 2531/2783/2531 2532/2784/2532 2524/2776/2524
f 2379/2611/2379 2338/2570/2338 2484/2736/2484
f 2484/2736/2484 2533/2785/2533 2379/2611/2379
f 2380/2612/2380 2379/2611/2379 2533/2785/2533
f 2533/2785/2533 2534/2786/2534 2380/2612/2380
f 2381/2613/2381 2380/2612/2380 2534/2786/2534
f 2534/2786/2534 2535/2787/2535 2381/2613/2381
f 2382/2614/2382 2381/2613/2381 2535/2787/2535
f 2535/2787/2535 2536/2788/2536 2382/2614/2382
f 2383/2615/2383 2382/2614/2382 2536/2788/2536
f 2536/2788/2536 2537/2789/2537 2383/2615/2383
f 2384/2616/2384 2383/2615/2383 2537/2789/2537
f 2537/2789/2537 2538/2790/2538 2384/2616/2384
f 2385/2617/2385 2384/2616/2384 2538/2790/2538
f 2538/2790/2538 2539/2791/2539 2385/2617/2385
f 2533/2785/2533 2484/2736/2484 2492/2744/2492
f 2492/2744/2492 2540/2792/2540 2533/2785/2533
f 2534/2786/2534 2533/2785/2533 2540/2792/2540
f 2540/2792/2540 2541/2793/2541 2534/2786/2534
f 2535/2787/2535 2534/2786/2534 2541/2793/2541
f 2541/2793/2541 2542/2794/2542 2535/2787/2535
f 2536/2788/2536 2535/2787/2535 2542/2794/2542
f 2542/2794/2542 2543/2795/2543 2536/2788/2536
f 2537/2789/2537 2536/2788/2536 2543/2795/2543
f 2543/2795/2543 2544/2796/2544 2537/2789/2537
f 2538/2790/2538 2537/2789/2537 2544/2796/2544
f 2544/2796/2544 2545/2797/2545 2538/2790/2538
f 2539/2791/2539 2538/2790/2538 2545/2797/2545
f 2545/2797/2545 2546/2798/2546 2539/2791/2539
f 2540/2792/2540 2492/2744/2492 2500/2752/2500
f 2500/2752/2500 2547/2799/2547 2540/2792/2540
f 2541/2793/2541 2540/2792/2540 2547/2799/2547
f 2547/2799/2547 2548/2800/2548 2541/2793/2541
f 2542/2794/2542 2541/2793/2541 2548/2800/2548
f 2548/2800/2548 2549/2801/2549 2542/2794/2542
f 2543/2795/2543 2542/2794/2542 2549/2801/2549
f 2549/2801/2549 2550/2802/2550 2543/2795/2543
f 2544/2796/2544 2543/2795/2543 2550/2802/2550
f 2550/2802/2550 2551/2803/2551 2544/2796/2544
f 2545/2797/2545 2544/2796/2544 2551/2803/2551
f 2551/2803/2551 2552/2804/2552 2545/2797/2545
f 2546/2798/2546 2545/2797/2545 2552/2804/2552
f 2552/2804/2552 2553/2805/2553 2546/2798/2546
f 2547/2799/2547 2500/2752/2500 2508/2760/2508
f 2508/2760/2508 2554/2806/2554 2547/2799/2547
f 2548/2800/2548 2547/2799/2547 2554/2806/2554
f 2554/2806/2554 2555/2807/2555 2548/2800/2548
f 2549/2801/2549 2548/2800/2548 2555/2807/2555
f 2555/2807/2555 2556/2808/2556 2549/2801/2549
f 2550/2802/2550 2549/2801/2549 2556/2808/2556
f 2556/2808/2556 2557/2809/2557 2550/2802/2550
f 2551/2803/2551 2550/2802/2550 2557/2809/2557
f 2557/2809/2557 2558/2810/2558 2551/2803/2551
f 2552/2804/2552 2551/2803/2551 2558/2810/2558
f 2558/2810/2558 2559/2811/2559 2552/2804/2552
f 2553/2805/2553 2552/2804/2552 2559/2811/2559
f 2559/2811/2559 2560/2812/2560 2553/2805/2553
f 2554/2806/2554 2508/2760/2508 2516/2768/2516
f 2516/2768/2516 2561/2813/2561 2554/2806/2554
f 2555/2807/2555 2554/2806/2554 2561/2813/2561
f 2561/2813/2561 2562/2814/2562 2555/2807/2555
f 2556/2808/2556 2555/2807/2555 2562/2814/2562
f 2562/2814/2562 2563/2815/2563 2556/2808/2556
f 2557/2809/2557 2556/2808/2556 2563/2815/2563
f 2563/2815/2563 2564/2816/2564 2557/2809/2557
f 2558/2810/2558 2557/2809/2557 2564/2816/2564
f 2564/2816/2564 2565/2817/2565 2558/2810/2558
f 2559/2811/2559 2558/2810/2558 2565/2817/2565
f 2565/2817/2565 2566/2818/2566 2559/2811/2559
f 2560/2812/2560 2559/2811/2559 2566/2818/2566
f 2566/2818/2566 2567/2819/2567 2560/2812/2560
f 2561/2813/2561 2516/2768/2516 2524/2776/2524
f 2524/2776/2524 2568/2820/2568 2561/2813/2561
f 2562/2814/2562 2561/2813/2561 2568/2820/2568
f 2568/2820/2568 2569/2821/2569 2562/2814/2562
f 2563/2815/2563 2562/2814/2562 2569/2821/2569
f 2569/2821/2569 2570/2822/2570 2563/2815/2563
f 2564/2816/2564 2563/2815/2563 2570/2822/2570
f 2570/2822/2570 2571/2823/2571 2564/2816/2564
f 2565/2817/2565 2564/2816/2564 2571/2823/2571
f 2571/2823/2571 2572/2824/2572 2565/2817/2565
f 2566/2818/2566 2565/2817/2565 2572/2824/2572
f 2572/2824/2572 2573/2825/2573 2566/2818/2566
f 2567/2819/2567 2566/2818/2566 2573/2825/2573
f 2573/2825/2573 2574/2826/2574 2567/2819/2567
f 2568/2820/2568 2524/2776/2524 2532/2784/2532
f 2532/2784/2532 2575/2827/2575 2568/2820/2568
f 2569/2821/2569 2568/2820/2568 2575/2827/2575
f 2575/2827/2575 2576/2828/2576 2569/2821/2569
f 2570/2822/2570 2569/2821/2569 2576/2828/2576
f 2576/2828/2576 2577/2829/2577 2570/2822/2570
f 2571/2823/2571 2570/2822/2570 2577/2829/2577
f 2577/2829/2577 2578/2830/2578 2571/2823/2571
f 2572/2824/2572 2571/2823/2571 2578/2830/2578
f 2578/2830/2578 2579/2831/2579 2572/2824/2572
f 2573/2825/2573 2572/2824/2572 2579/2831/2579
f 2579/2831/2579 2580/2832/2580 2573/2825/2573
f 2574/2826/2574 2573/2825/2573 2580/2832/2580
f 2580/2832/2580 2581/2833/2581 2574/2826/2574
f 2582/2834/2582 2428/2667/2428 2429/2668/2429
f 2429/2668/2429 2583/2835/2583 2582/2834/2582
f 2583/2835/2583 2429/2668/2429 2430/2669/2430
f 2430/2669/2430 2584/2836/2584 2583/2835/2583
f 2584/2836/2584 2430/2669/2430 2431/2670/2431
f 2431/2670/2431 2585/2837/2585 2584/2836/2584
f 2585/2837/2585 2431/2670/2431 2432/2671/2432
f 2432/2671/2432 2586/2838/2586 2585/2837/2585
f 2586/2838/2586 2432/2671/2432 2433/2672/2433
f 2433/2672/2433 2587/2839/2587 2586/2838/2586
f 2587/2839/2587 2433/2672/2433 2434/2673/2434
f 2434/2673/2434 2588/2840/2588 2587/2839/2587
f 2588/2840/2588 2434/2673/2434 2385/2617/2385
f 2385/2617/2385 2539/2791/2539 2588/2840/2588
f 2589/2841/2589 2582/2834/2582 2583/2835/2583
f 2583/2835/2583 2590/2842/2590 2589/2841/2589
f 2590/2842/2590 2583/2835/2583 2584/2836/2584
f 2584/2836/2584 2591/2843/2591 2590/2842/2590
f 2591/2843/2591 2584/2836/2584 2585/2837/2585
f 2585/2837/2585 2592/2844/2592 2591/2843/2591
f 2592/2844/2592 2585/2837/2585 2586/2838/2586
f 2586/2838/2586 2593/2845/2593 2592/2844/2592
f 2593/2845/2593 2586/2838/2586 2587/2839/2587
f 2587/2839/2587 2594/2846/2594 2593/2845/2593
f 2594/2846/2594 2587/2839/2587 2588/2840/2588
f 2588/2840/2588 2595/2847/2595 2594/2846/2594
f 2595/2847/2595 2588/2840/2588 2539/2791/2539
f 2539/2791/2539 2546/2798/2546 2595/2847/2595
f 2596/2848/2596 2589/2841/2589 2590/2842/2590
f 2590/2842/2590 2597/2849/2597 2596/2848/2596
f 2597/2849/2597 2590/2842/2590 2591/2843/2591
f 2591/2843/2591 2598/2850/2598 2597/2849/2597
f 2598/2850/2598 2591/2843/2591 2592/2844/2592
f 2592/2844/2592 2599/2851/2599 2598/2850/2598
f 2599/2851/2599 2592/2844/2592 2593/2845/2593
f 2593/2845/2593 2600/2852/2600 2599/2851/2599
f 2600/2852/2600 2593/2845/2593 2594/2846/2594
f 2594/2846/2594 2601/2853/2601 2600/2852/2600
f 2601/2853/2601 2594/2846/2594 2595/2847/2595
f 2595/2847/2595 2602/2854/2602 2601/2853/2601
f 2602/2854/2602 2595/2847/2595 2546/2798/2546
f 2546/2798/2546 2553/2805/2553 2602/2854/2602
f 2603/2855/2603 2596/2848/2596 2597/2849/2597
f 2597/2849/2597 2604/2856/2604 2603/2855/2603
f 2604/2856/2604 2597/2849/2597 2598/2850/2598
f 2598/2850/2598 2605/2857/2605 2604/2856/2604
f 2605/2857/2605 2598/2850/2598 2599/2851/2599
f 2599/2851/2599 2606/2858/2606 2605/2857/2605
f 2606/2858/2606 2599/2851/2599 2600/2852/2600
f 2600/2852/2600 2607/2859/2607 2606/2858/2606
f 2607/2859/2607 2600/2852/2600 2601/2853/2601
f 2601/2853/2601 2608/2860/2608 2607/2859/2607
f 2608/2860/2608 2601/2853/2601 2602/2854/2602
f 2602/2854/2602 2609/2861/2609 2608/2860/2608
f 2609/2861/2609 2602/2854/2602 2553/2805/2553
f 2553/2805/2553 2560/2812/2560 2609/2861/2609
f 2610/2862/2610 2603/2855/2603 2604/2856/2604
f 2604/2856/2604 2611/2863/2611 2610/2862/2610
f 2611/2863/2611 2604/2856/2604 2605/2857/2605
f 2605/2857/2605 2612/2864/2612 2611/2863/2611
f 2612/2864/2612 2605/2857/2605 2606/2858/2606
f 2606/2858/2606 2613/2865/2613 2612/2864/2612
f 2613/2865/2613 2606/2858/2606 2607/2859/2607
f 2607/2859/2607 2614/2866/2614 2613/2865/2613
f 2614/2866/2614 2607/2859/2607 2608/2860/2608
f 2608/2860/2608 2615/2867/2615 2614/2866/2614
f 2615/2867/2615 2608/2860/2608 2609/2861/2609
f 2609/2861/2609 2616/2868/2616 2615/2867/2615
f 2616/2868/2616 2609/2861/2609 2560/2812/2560
f 2560/2812/2560 2567/2819/2567 2616/2868/2616
f 2617/2869/2617 2610/2862/2610 2611/2863/2611
f 2611/2863/2611 2618/2870/2618 2617/2869/2617
f 2618/2870/2618 2611/2863/2611 2612/2864/2612
f 2612/2864/2612 2619/2871/2619 2618/2870/2618
f 2619/2871/2619 2612/2864/2612 2613/2865/2613
f 2613/2865/2613 2620/2872/2620 2619/2871/2619
f 2620/2872/2620 2613/2865/2613 2614/2866/2614
f 2614/2866/2614 2621/2873/2621 2620/2872/2620
f 2621/2873/2621 2614/2866/2614 2615/2867/2615
f 2615/2867/2615 2622/2874/2622 2621/2873/2621
f 2622/2874/2622 2615/2867/2615 2616/2868/2616
f 2616/2868/2616 2623/2875/2623 2622/2874/2622
f 2623/2875/2623 2616/2868/2616 2567/2819/2567
f 2567/2819/2567 2574/2826/2574 2623/2875/2623
f 2624/2876/2624 2617/2869/2617 2618/2870/2618
f 2618/2870/2618 2625/2877/2625 2624/2876/2624
f 2625/2877/2625 2618/2870/2618 2619/2871/2619
f 2619/2871/2619 2626/2878/2626 2625/2877/2625
f 2626/2878/2626 2619/2871/2619 2620/2872/2620
f 2620/2872/2620 2627/2879/2627 2626/2878/2626
f 2627/2879/2627 2620/2872/2620 2621/2873/2621
f 2621/2873/2621 2628/2880/2628 2627/2879/2627
f 2628/2880/2628 2621/2873/2621 2622/2874/2622
f 2622/2874/2622 2629/2881/2629 2628/2880/2628
f 2629/2881/2629 2622/2874/2622 2623/2875/2623
f 2623/2875/2623 2630/2882/2630 2629/2881/2629
f 2630/2882/2630 2623/2875/2623 2574/2826/2574
f 2574/2826/2574 2581/2833/2581 2630/2882/2630
f 2477/2883/2477 2331/2722/2331 2471/2723/2471
f 2471/2723/2471 2631/2884/2631 2477/2883/2477
f 2631/2884/2631 2471/2723/2471 2472/2724/2472
f 2472/2724/2472 2632/2885/2632 2631/2884/2631
f 2632/2885/2632 2472/2724/2472 2473/2725/2473
f 2473/2725/2473 2633/2886/2633 2632/2885/2632
f 2633/2886/2633 2473/2725/2473 2474/2726/2474
f 2474/2726/2474 2634/2887/2634 2633/2886/2633
f 2634/2887/2634 2474/2726/2474 2475/2727/2475
f 2475/2727/2475 2635/2888/2635 2634/2887/2634
f 2635/2888/2635 2475/2727/2475 2476/2728/2476
f 2476/2728/2476 2636/2889/2636 2635/2888/2635
f 2636/2889/2636 2476/2728/2476 2428/2667/2428
f 2428/2667/2428 2582/2834/2582 2636/2889/2636
f 2485/2890/2485 2477/2883/2477 2631/2884/2631
f 2631/2884/2631 2637/2891/2637 2485/2890/2485
f 2637/2891/2637 2631/2884/2631 2632/2885/2632
f 2632/2885/2632 2638/2892/2638 2637/2891/2637
f 2638/2892/2638 2632/2885/2632 2633/2886/2633
f 2633/2886/2633 2639/2893/2639 2638/2892/2638
f 2639/2893/2639 2633/2886/2633 2634/2887/2634
f 2634/2887/2634 2640/2894/2640 2639/2893/2639
f 2640/2894/2640 2634/2887/2634 2635/2888/2635
f 2635/2888/2635 2641/2895/2641 2640/2894/2640
f 2641/2895/2641 2635/2888/2635 2636/2889/2636
f 2636/2889/2636 2642/2896/2642 2641/2895/2641
f 2642/2896/2642 2636/2889/2636 2582/2834/2582
f 2582/2834/2582 2589/2841/2589 2642/2896/2642
f 2493/2897/2493 2485/2890/2485 2637/2891/2637
f 2637/2891/2637 2643/2898/2643 2493/2897/2493
f 2643/2898/2643 2637/2891/2637 2638/2892/2638
f 2638/2892/2638 2644/2899/2644 2643/2898/2643
f 2644/2899/2644 2638/2892/2638 2639/2893/2639
f 2639/2893/2639 2645/2900/2645 2644/2899/2644
f 2645/2900/2645 2639/2893/2639 2640/2894/2640
f 2640/2894/2640 2646/2901/2646 2645/2900/2645
f 2646/2901/2646 2640/2894/2640 2641/2895/2641
f 2641/2895/2641 2647/2902/2647 2646/2901/2646
f 2647/2902/2647 2641/2895/2641 2642/2896/2642
f 2642/2896/2642 2648/2903/2648 2647/2902/2647
f 2648/2903/2648 2642/2896/2642 2589/2841/2589
f 2589/2841/2589 2596/2848/2596 2648/2903/2648
f 2501/2904/2501 2493/2897/2493 2643/2898/2643
f 2643/2898/2643 2649/2905/2649 2501/2904/2501
f 2649/2905/2649 2643/2898/2643 2644/2899/2644
f 2644/2899/2644 2650/2906/2650 2649/2905/2649
f 2650/2906/2650 2644/2899/2644 2645/2900/2645
f 2645/2900/2645 2651/2907/2651 2650/2906/2650
f 2651/2907/2651 2645/2900/2645 2646/2901/2646
f 2646/2901/2646 2652/2908/2652 2651/2907/2651
f 2652/2908/2652 2646/2901/2646 2647/2902/2647
f 2647/2902/2647 2653/2909/2653 2652/2908/2652
f 2653/2909/2653 2647/2902/2647 2648/2903/2648
f 2648/2903/2648 2654/2910/2654 2653/2909/2653
f 2654/2910/2654 2648/2903/2648 2596/2848/2596
f 2596/2848/2596 2603/2855/2603 2654/2910/2654
f 2509/2911/2509 2501/2904/2501 2649/2905/2649
f 2649/2905/2649 2655/2912/2655 2509/2911/2509
f 2655/2912/2655 2649/2905/2649 2650/2906/2650
f 2650/2906/2650 2656/2913/2656 2655/2912/2655
f 2656/2913/2656 2650/2906/2650 2651/2907/2651
f 2651/2907/2651 2657/2914/2657 2656/2913/2656
f 2657/2914/2657 2651/2907/2651 2652/2908/2652
f 2652/2908/2652 2658/2915/2658 2657/2914/2657
f 2658/2915/2658 2652/2908/2652 2653/2909/2653
f 2653/2909/2653 2659/2916/2659 2658/2915/2658
f 2659/2916/2659 2653/2909/2653 2654/2910/2654
f 2654/2910/2654 2660/2917/2660 2659/2916/2659
f 2660/2917/2660 2654/2910/2654 2603/2855/2603
f 2603/2855/2603 2610/2862/2610 2660/2917/2660
f 2517/2918/2517 2509/2911/2509 2655/2912/2655
f 2655/2912/2655 2661/2919/2661 2517/2918/2517
f 2661/2919/2661 2655/2912/2655 2656/2913/2656
f 2656/2913/2656 2662/2920/2662 2661/2919/2661
f 2662/2920/2662 2656/2913/2656 2657/2914/2657
f 2657/2914/2657 2663/2921/2663 2662/2920/2662
f 2663/2921/2663 2657/2914/2657 2658/2915/2658
f 2658/2915/2658 2664/2922/2664 2663/2921/2663
f 2664/2922/2664 2658/2915/2658 2659/2916/2659
f 2659/2916/2659 2665/2923/2665 2664/2922/2664
f 2665/2923/2665 2659/2916/2659 2660/2917/2660
f 2660/2917/2660 2666/2924/2666 2665/2923/2665
f 2666/2924/2666 2660/2917/2660 2610/2862/2610
f 2610/2862/2610 2617/2869/2617 2666/2924/2666
f 2525/2925/2525 2517/2918/2517 2661/2919/2661
f 2661/2919/2661 2667/2926/2667 2525/2925/2525
f 2667/2926/2667 2661/2919/2661 2662/2920/2662
f 2662/2920/2662 2668/2927/2668 2667/2926/2667
f 2668/2927/2668 2662/2920/2662 2663/2921/2663
f 2663/2921/2663 2669/2928/2669 2668/2927/2668
f 2669/2928/2669 2663/2921/2663 2664/2922/2664
f 2664/2922/2664 2670/2929/2670 2669/2928/2669
f 2670/2929/2670 2664/2922/2664 2665/2923/2665
f 2665/2923/2665 2671/2930/2671 2670/2929/2670
f 2671/2930/2671 2665/2923/2665 2666/2924/2666
f 2666/2924/2666 2672/2931/2672 2671/2930/2671
f 2672/2931/2672 2666/2924/2666 2617/2869/2617
f 2617/2869/2617 2624/2876/2624 2672/2931/2672
f 2526/2778/2526 2525/2777/2525 2673/2932/2673
f 2673/2932/2673 2674/2933/2674 2526/2778/2526
f 2527/2779/2527 2526/2778/2526 2674/2933/2674
f 2674/2933/2674 2675/2934/2675 2527/2779/2527
f 2528/2780/2528 2527/2779/2527 2675/2934/2675
f 2675/2934/2675 2676/2935/2676 2528/2780/2528
f 2529/2781/2529 2528/2780/2528 2676/2935/2676
f 2676/2935/2676 2677/2936/2677 2529/2781/2529
f 2530/2782/2530 2529/2781/2529 2677/2936/2677
f 2677/2936/2677 2678/2937/2678 2530/2782/2530
f 2531/2783/2531 2530/2782/2530 2678/2937/2678
f 2678/2937/2678 2679/2938/2679 2531/2783/2531
f 2532/2784/2532 2531/2783/2531 2679/2938/2679
f 2679/2938/2679 2680/2939/2680 2532/2784/2532
f 2674/2933/2674 2673/2932/2673 2681/2940/2681
f 2681/2940/2681 2682/2941/2682 2674/2933/2674
f 2675/2934/2675 2674/2933/2674 2682/2941/2682
f 2682/2941/2682 2683/2942/2683 2675/2934/2675
f 2676/2935/2676 2675/2934/2675 2683/2942/2683
f 2683/2942/2683 2684/2943/2684 2676/2935/2676
f 2677/2936/2677 2676/2935/2676 2684/2943/2684
f 2684/2943/2684 2685/2944/2685 2677/2936/2677
f 2678/2937/2678 2677/2936/2677 2685/2944/2685
f 2685/2944/2685 2686/2945/2686 2678/2937/2678
f 2679/2938/2679 2678/2937/2678 2686/2945/2686
f 2686/2945/2686 2687/2946/2687 2679/2938/2679
f 2680/2939/2680 2679/2938/2679 2687/2946/2687
f 2687/2946/2687 2688/2947/2688 2680/2939/2680
f 2682/2941/2682 2681/2940/2681 2689/2948/2689
f 2689/2948/2689 2690/2949/2690 2682/2941/2682
f 2683/2942/2683 2682/2941/2682 2690/2949/2690
f 2690/2949/2690 2691/2950/2691 2683/2942/2683
f 2684/2943/2684 2683/2942/2683 2691/2950/2691
f 2691/2950/2691 2692/2951/2692 2684/2943/2684
f 2685/2944/2685 2684/2943/2684 2692/2951/2692
f 2692/2951/2692 2693/2952/2693 2685/2944/2685
f 2686/2945/2686 2685/2944/2685 2693/2952/2693
f 2693/2952/2693 2694/2953/2694 2686/2945/2686
f 2687/2946/2687 2686/2945/2686 2694/2953/2694
f 2694/2953/2694 2695/2954/2695 2687/2946/2687
f 2688/2947/2688 2687/2946/2687 2695/2954/2695
f 2695/2954/2695 2696/2955/2696 2688/2947/2688
f 2690/2949/2690 2689/2948/2689 2697/2956/2697
f 2697/2956/2697 2698/2957/2698 2690/2949/2690
f 2691/2950/2691 2690/2949/2690 2698/2957/2698
f 2698/2957/2698 2699/2958/2699 2691/2950/2691
f 2692/2951/2692 2691/2950/2691 2699/2958/2699
f 2699/2958/2699 2700/2959/2700 2692/2951/2692
f 2693/2952/2693 2692/2951/2692 2700/2959/2700
f 2700/2959/2700 2701/2960/2701 2693/2952/2693
f 2694/2953/2694 2693/2952/2693 2701/2960/2701
f 2701/2960/2701 2702/2961/2702 2694/2953/2694
f 2695/2954/2695 2694/2953/2694 2702/2961/2702
f 2702/2961/2702 2703/2962/2703 2695/2954/2695
f 2696/2955/2696 2695/2954/2695 2703/2962/2703
f 2703/2962/2703 2704/2963/2704 2696/2955/2696
f 2698/2957/2698 2697/2956/2697 2705/2964/2705
f 2705/2964/2705 2706/2965/2706 2698/2957/2698
f 2699/2958/2699 2698/2957/2698 2706/2965/2706
f 2706/2965/2706 2707/2966/2707 2699/2958/2699
f 2700/2959/2700 2699/2958/2699 2707/2966/2707
f 2707/2966/2707 2708/2967/2708 2700/2959/2700
f 2701/2960/2701 2700/2959/2700 2708/2967/2708
f 2708/2967/2708 2709/2968/2709 2701/2960/2701
f 2702/2961/2702 2701/2960/2701 2709/2968/2709
f 2709/2968/2709 2710/2969/2710 2702/2961/2702
f 2703/2962/2703 2702/2961/2702 2710/2969/2710
f 2710/2969/2710 2711/2970/2711 2703/2962/2703
f 2704/2963/2704 2703/2962/2703 2711/2970/2711
f 2711/2970/2711 2712/2971/2712 2704/2963/2704
f 2706/2965/2706 2705/2964/2705 2713/2972/2713
f 2713/2972/2713 2714/2973/2714 2706/2965/2706
f 2707/2966/2707 2706/2965/2706 2714/2973/2714
f 2714/2973/2714 2715/2974/2715 2707/2966/2707
f 2708/2967/2708 2707/2966/2707 2715/2974/2715
f 2715/2974/2715 2716/2975/2716 2708/2967/2708
f 2709/2968/2709 2708/2967/2708 2716/2975/2716
f 2716/2975/2716 2717/2976/2717 2709/2968/2709
f 2710/2969/2710 2709/2968/2709 2717/2976/2717
f 2717/2976/2717 2718/2977/2718 2710/2969/2710
f 2711/2970/2711 2710/2969/2710 2718/2977/2718
f 2718/2977/2718 2719/2978/2719 2711/2970/2711
f 2712/2971/2712 2711/2970/2711 2719/2978/2719
f 2719/2978/2719 2720/2979/2720 2712/2971/2712
f 2714/2973/2714 2713/2972/2713 964/1028/2721
f 964/1028/2721 965/1029/2722 2714/2973/2714
f 2715/2974/2715 2714/2973/2714 965/1029/2722
f 965/1029/2722 966/1030/2723 2715/2974/2715
f 2716/2975/2716 2715/2974/2715 966/1030/2723
f 966/1030/2723 967/1031/2724 2716/2975/2716
f 2717/2976/2717 2716/2975/2716 967/1031/2724
f 967/1031/2724 968/1032/2725 2717/2976/2717
f 2718/2977/2718 2717/2976/2717 968/1032/2725
f 968/1032/2725 969/1033/2726 2718/2977/2718
f 2719/2978/2719 2718/2977/2718 969/1033/2726
f 969/1033/2726 970/1034/2727 2719/2978/2719
f 2720/2979/2720 2719/2978/2719 970/1034/2727
f 970/1034/2727 971/1035/2728 2720/2979/2720
f 2575/2827/2575 2532/2784/2532 2680/2939/2680
f 2680/2939/2680 2721/2980/2729 2575/2827/2575
f 2576/2828/2576 2575/2827/2575 2721/2980/2729
f 2721/2980/2729 2722/2981/2730 2576/2828/2576
f 2577/2829/2577 2576/2828/2576 2722/2981/2730
f 2722/2981/2730 2723/2982/2731 2577/2829/2577
f 2578/2830/2578 2577/2829/2577 2723/2982/2731
f 2723/2982/2731 2724/2983/2732 2578/2830/2578
f 2579/2831/2579 2578/2830/2578 2724/2983/2732
f 2724/2983/2732 2725/2984/2733 2579/2831/2579
f 2580/2832/2580 2579/2831/2579 2725/2984/2733
f 2725/2984/2733 2726/2985/2734 2580/2832/2580
f 2581/2833/2581 2580/2832/2580 2726/2985/2734
f 2726/2985/2734 2727/2986/2735 2581/2833/2581
f 2721/2980/2729 2680/2939/2680 2688/2947/2688
f 2688/2947/2688 2728/2987/2736 2721/2980/2729
f 2722/2981/2730 2721/2980/2729 2728/2987/2736
f 2728/2987/2736 2729/2988/2737 2722/2981/2730
f 2723/2982/2731 2722/2981/2730 2729/2988/2737
f 2729/2988/2737 2730/2989/2738 2723/2982/2731
f 2724/2983/2732 2723/2982/2731 2730/2989/2738
f 2730/2989/2738 2731/2990/2739 2724/2983/2732
f 2725/2984/2733 2724/2983/2732 2731/2990/2739
f 2731/2990/2739 2732/2991/2740 2725/2984/2733
f 2726/2985/2734 2725/2984/2733 2732/2991/2740
f 2732/2991/2740 2733/2992/2741 2726/2985/2734
f 2727/2986/2735 2726/2985/2734 2733/2992/2741
f 2733/2992/2741 2734/2993/2742 2727/2986/2735
f 2728/2987/2736 2688/2947/2688 2696/2955/2696
f 2696/2955/2696 2735/2994/2743 2728/2987/2736
f 2729/2988/2737 2728/2987/2736 2735/2994/2743
f 2735/2994/2743 2736/2995/2744 2729/2988/2737
f 2730/2989/2738 2729/2988/2737 2736/2995/2744
f 2736/2995/2744 2737/2996/2745 2730/2989/2738
f 2731/2990/2739 2730/2989/2738 2737/2996/2745
f 2737/2996/2745 2738/2997/2746 2731/2990/2739
f 2732/2991/2740 2731/2990/2739 2738/2997/2746
f 2738/2997/2746 2739/2998/2747 2732/2991/2740
f 2733/2992/2741 2732/2991/2740 2739/2998/2747
f 2739/2998/2747 2740/2999/2748 2733/2992/2741
f 2734/2993/2742 2733/2992/2741 2740/2999/2748
f 2740/2999/2748 2741/3000/2749 2734/2993/2742
f 2735/2994/2743 2696/2955/2696 2704/2963/2704
f 2704/2963/2704 2742/3001/2750 2735/2994/2743
f 2736/2995/2744 2735/2994/2743 2742/3001/2750
f 2742/3001/2750 2743/3002/2751 2736/2995/2744
f 2737/2996/2745 2736/2995/2744 2743/3002/2751
f 2743/3002/2751 2744/3003/2752 2737/2996/2745
f 2738/2997/2746 2737/2996/2745 2744/3003/2752
f 2744/3003/2752 2745/3004/2753 2738/2997/2746
f 2739/2998/2747 2738/2997/2746 2745/3004/2753
f 2745/3004/2753 2746/3005/2754 2739/2998/2747
f 2740/2999/2748 2739/2998/2747 2746/3005/2754
f 2746/3005/2754 2747/3006/2755 2740/2999/2748
f 2741/3000/2749 2740/2999/2748 2747/3006/2755
f 2747/3006/2755 2748/3007/2756 2741/3000/2749
f 2742/3001/2750 2704/2963/2704 2712/2971/2712
f 2712/2971/2712 2749/3008/2757 2742/3001/2750
f 2743/3002/2751 2742/3001/2750 2749/3008/2757
f 2749/3008/2757 2750/3009/2758 2743/3002/2751
f 2744/3003/2752 2743/3002/2751 2750/3009/2758
f 2750/3009/2758 2751/3010/2759 2744/3003/2752
f 2745/3004/2753 2744/3003/2752 2751/3010/2759
f 2751/3010/2759 2752/3011/2760 2745/3004/2753
f 2746/3005/2754 2745/3004/2753 2752/3011/2760
f 2752/3011/2760 2753/3012/2761 2746/3005/2754
f 2747/3006/2755 2746/3005/2754 2753/3012/2761
f 2753/3012/2761 2754/3013/2762 2747/3006/2755
f 2748/3007/2756 2747/3006/2755 2754/3013/2762
f 2754/3013/2762 2755/3014/2763 2748/3007/2756
f 2749/3008/2757 2712/2971/2712 2720/2979/2720
f 2720/2979/2720 2756/3015/2764 2749/3008/2757
f 2750/3009/2758 2749/3008/2757 2756/3015/2764
f 2756/3015/2764 2757/3016/2765 2750/3009/2758
f 2751/3010/2759 2750/3009/2758 2757/3016/2765
f 2757/3016/2765 2758/3017/2766 2751/3010/2759
f 2752/3011/2760 2751/3010/2759 2758/3017/2766
f 2758/3017/2766 2759/3018/2767 2752/3011/2760
f 2753/3012/2761 2752/3011/2760 2759/3018/2767
f 2759/3018/2767 2760/3019/2768 2753/3012/2761
f 2754/3013/2762 2753/3012/2761 2760/3019/2768
f 2760/3019/2768 2761/3020/2769 2754/3013/2762
f 2755/3014/2763 2754/3013/2762 2761/3020/2769
f 2761/3020/2769 2762/3021/2770 2755/3014/2763
f 2756/3015/2764 2720/2979/2720 971/1035/2728
f 971/1035/2728 1028/1092/2771 2756/3015/2764
f 2757/3016/2765 2756/3015/2764 1028/1092/2771
f 1028/1092/2771 1029/1093/2772 2757/3016/2765
f 2758/3017/2766 2757/3016/2765 1029/1093/2772
f 1029/1093/2772 1030/1094/2773 2758/3017/2766
f 2759/3018/2767 2758/3017/2766 1030/1094/2773
f 1030/1094/2773 1031/1095/2774 2759/3018/2767
f 2760/3019/2768 2759/3018/2767 1031/1095/2774
f 1031/1095/2774 1032/1096/2775 2760/3019/2768
f 2761/3020/2769 2760/3019/2768 1032/1096/2775
f 1032/1096/2775 1033/1097/2776 2761/3020/2769
f 2762/3021/2770 2761/3020/2769 1033/1097/2776
f 1033/1097/2776 1034/1098/2777 2762/3021/2770
f 2763/3022/2778 2624/2876/2624 2625/2877/2625
f 2625/2877/2625 2764/3023/2779 2763/3022/2778
f 2764/3023/2779 2625/2877/2625 2626/2878/2626
f 2626/2878/2626 2765/3024/2780 2764/3023/2779
f 2765/3024/2780 2626/2878/2626 2627/2879/2627
f 2627/2879/2627 2766/3025/2781 2765/3024/2780
f 2766/3025/2781 2627/2879/2627 2628/2880/2628
f 2628/2880/2628 2767/3026/2782 2766/3025/2781
f 2767/3026/2782 2628/2880/2628 2629/2881/2629
f 2629/2881/2629 2768/3027/2783 2767/3026/2782
f 2768/3027/2783 2629/2881/2629 2630/2882/2630
f 2630/2882/2630 2769/3028/2784 2768/3027/2783
f 2769/3028/2784 2630/2882/2630 2581/2833/2581
f 2581/2833/2581 2727/2986/2735 2769/3028/2784
f 2770/3029/2785 2763/3022/2778 2764/3023/2779
f 2764/3023/2779 2771/3030/2786 2770/3029/2785
f 2771/3030/2786 2764/3023/2779 2765/3024/2780
f 2765/3024/2780 2772/3031/2787 2771/3030/2786
f 2772/3031/2787 2765/3024/2780 2766/3025/2781
f 2766/3025/2781 2773/3032/2788 2772/3031/2787
f 2773/3032/2788 2766/3025/2781 2767/3026/2782
f 2767/3026/2782 2774/3033/2789 2773/3032/2788
f 2774/3033/2789 2767/3026/2782 2768/3027/2783
f 2768/3027/2783 2775/3034/2790 2774/3033/2789
f 2775/3034/2790 2768/3027/2783 2769/3028/2784
f 2769/3028/2784 2776/3035/2791 2775/3034/2790
f 2776/3035/2791 2769/3028/2784 2727/2986/2735
f 2727/2986/2735 2734/2993/2742 2776/3035/2791
f 2777/3036/2792 2770/3029/2785 2771/3030/2786
f 2771/3030/2786 2778/3037/2793 2777/3036/2792
f 2778/3037/2793 2771/3030/2786 2772/3031/2787
f 2772/3031/2787 2779/3038/2794 2778/3037/2793
f 2779/3038/2794 2772/3031/2787 2773/3032/2788
f 2773/3032/2788 2780/3039/2795 2779/3038/2794
f 2780/3039/2795 2773/3032/2788 2774/3033/2789
f 2774/3033/2789 2781/3040/2796 2780/3039/2795
f 2781/3040/2796 2774/3033/2789 2775/3034/2790
f 2775/3034/2790 2782/3041/2797 2781/3040/2796
f 2782/3041/2797 2775/3034/2790 2776/3035/2791
f 2776/3035/2791 2783/3042/2798 2782/3041/2797
f 2783/3042/2798 2776/3035/2791 2734/2993/2742
f 2734/2993/2742 2741/3000/2749 2783/3042/2798
f 2784/3043/2799 2777/3036/2792 2778/3037/2793
f 2778/3037/2793 2785/3044/2800 2784/3043/2799
f 2785/3044/2800 2778/3037/2793 2779/3038/2794
f 2779/3038/2794 2786/3045/2801 2785/3044/2800
f 2786/3045/2801 2779/3038/2794 2780/3039/2795
f 2780/3039/2795 2787/3046/2802 2786/3045/2801
f 2787/3046/2802 2780/3039/2795 2781/3040/2796
f 2781/3040/2796 2788/3047/2803 2787/3046/2802
f 2788/3047/2803 2781/3040/2796 2782/3041/2797
f 2782/3041/2797 2789/3048/2804 2788/3047/2803
f 2789/3048/2804 2782/3041/2797 2783/3042/2798
f 2783/3042/2798 2790/3049/2805 2789/3048/2804
f 2790/3049/2805 2783/3042/2798 2741/3000/2749
f 2741/3000/2749 2748/3007/2756 2790/3049/2805
f 2791/3050/2806 2784/3043/2799 2785/3044/2800
f 2785/3044/2800 2792/3051/2807 2791/3050/2806
f 2792/3051/2807 2785/3044/2800 2786/3045/2801
f 2786/3045/2801 2793/3052/2808 2792/3051/2807
f 2793/3052/2808 2786/3045/2801 2787/3046/2802
f 2787/3046/2802 2794/3053/2809 2793/3052/2808
f 2794/3053/2809 2787/3046/2802 2788/3047/2803
f 2788/3047/2803 2795/3054/2810 2794/3053/2809
f 2795/3054/2810 2788/3047/2803 2789/3048/2804
f 2789/3048/2804 2796/3055/2811 2795/3054/2810
f 2796/3055/2811 2789/3048/2804 2790/3049/2805
f 2790/3049/2805 2797/3056/2812 2796/3055/2811
f 2797/3056/2812 2790/3049/2805 2748/3007/2756
f 2748/3007/2756 2755/3014/2763 2797/3056/2812
f 2798/3057/2813 2791/3050/2806 2792/3051/2807
f 2792/3051/2807 2799/3058/2814 2798/3057/2813
f 2799/3058/2814 2792/3051/2807 2793/3052/2808
f 2793/3052/2808 2800/3059/2815 2799/3058/2814
f 2800/3059/2815 2793/3052/2808 2794/3053/2809
f 2794/3053/2809 2801/3060/2816 2800/3059/2815
f 2801/3060/2816 2794/3053/2809 2795/3054/2810
f 2795/3054/2810 2802/3061/2817 2801/3060/2816
f 2802/3061/2817 2795/3054/2810 2796/3055/2811
f 2796/3055/2811 2803/3062/2818 2802/3061/2817
f 2803/3062/2818 2796/3055/2811 2797/3056/2812
f 2797/3056/2812 2804/3063/2819 2803/3062/2818
f 2804/3063/2819 2797/3056/2812 2755/3014/2763
f 2755/3014/2763 2762/3021/2770 2804/3063/2819
f 1084/1148/2820 2798/3057/2813 2799/3058/2814
f 2799/3058/2814 1085/1149/2821 1084/1148/2820
f 1085/1149/2821 2799/3058/2814 2800/3059/2815
f 2800/3059/2815 1086/1150/2822 1085/1149/2821
f 1086/1150/2822 2800/3059/2815 2801/3060/2816
f 2801/3060/2816 1087/1151/2823 1086/1150/2822
f 1087/1151/2823 2801/3060/2816 2802/3061/2817
f 2802/3061/2817 1088/1152/2824 1087/1151/2823
f 1088/1152/2824 2802/3061/2817 2803/3062/2818
f 2803/3062/2818 1089/1153/2825 1088/1152/2824
f 1089/1153/2825 2803/3062/2818 2804/3063/2819
f 2804/3063/2819 1090/1154/2826 1089/1153/2825
f 1090/1154/2826 2804/3063/2819 2762/3021/2770
f 2762/3021/2770 1034/1098/2777 1090/1154/2826
f 2673/3064/2673 2525/2925/2525 2667/2926/2667
f 2667/2926/2667 2805/3065/2827 2673/3064/2673
f 2805/3065/2827 2667/2926/2667 2668/2927/2668
f 2668/2927/2668 2806/3066/2828 2805/3065/2827
f 2806/3066/2828 2668/2927/2668 2669/2928/2669
f 2669/2928/2669 2807/3067/2829 2806/3066/2828
f 2807/3067/2829 2669/2928/2669 2670/2929/2670
f 2670/2929/2670 2808/3068/2830 2807/3067/2829
f 2808/3068/2830 2670/2929/2670 2671/2930/2671
f 2671/2930/2671 2809/3069/2831 2808/3068/2830
f 2809/3069/2831 2671/2930/2671 2672/2931/2672
f 2672/2931/2672 2810/3070/2832 2809/3069/2831
f 2810/3070/2832 2672/2931/2672 2624/2876/2624
f 2624/2876/2624 2763/3022/2778 2810/3070/2832
f 2681/3071/2681 2673/3064/2673 2805/3065/2827
f 2805/3065/2827 2811/3072/2833 2681/3071/2681
f 2811/3072/2833 2805/3065/2827 2806/3066/2828
f 2806/3066/2828 2812/3073/2834 2811/3072/2833
f 2812/3073/2834 2806/3066/2828 2807/3067/2829
f 2807/3067/2829 2813/3074/2835 2812/3073/2834
f 2813/3074/2835 2807/3067/2829 2808/3068/2830
f 2808/3068/2830 2814/3075/2836 2813/3074/2835
f 2814/3075/2836 2808/3068/2830 2809/3069/2831
f 2809/3069/2831 2815/3076/2837 2814/3075/2836
f 2815/3076/2837 2809/3069/2831 2810/3070/2832
f 2810/3070/2832 2816/3077/2838 2815/3076/2837
f 2816/3077/2838 2810/3070/2832 2763/3022/2778
f 2763/3022/2778 2770/3029/2785 2816/3077/2838
f 2689/3078/2689 2681/3071/2681 2811/3072/2833
f 2811/3072/2833 2817/3079/2839 2689/3078/2689
f 2817/3079/2839 2811/3072/2833 2812/3073/2834
f 2812/3073/2834 2818/3080/2840 2817/3079/2839
f 2818/3080/2840 2812/3073/2834 2813/3074/2835
f 2813/3074/2835 2819/3081/2841 2818/3080/2840
f 2819/3081/2841 2813/3074/2835 2814/3075/2836
f 2814/3075/2836 2820/3082/2842 2819/3081/2841
f 2820/3082/2842 2814/3075/2836 2815/3076/2837
f 2815/3076/2837 2821/3083/2843 2820/3082/2842
f 2821/3083/2843 2815/3076/2837 2816/3077/2838
f 2816/3077/2838 2822/3084/2844 2821/3083/2843
f 2822/3084/2844 2816/3077/2838 2770/3029/2785
f 2770/3029/2785 2777/3036/2792 2822/3084/2844
f 2697/3085/2697 2689/3078/2689 2817/3079/2839
f 2817/3079/2839 2823/3086/2845 2697/3085/2697
f 2823/3086/2845 2817/3079/2839 2818/3080/2840
f 2818/3080/2840 2824/3087/2846 2823/3086/2845
f 2824/3087/2846 2818/3080/2840 2819/3081/2841
f 2819/3081/2841 2825/3088/2847 2824/3087/2846
f 2825/3088/2847 2819/3081/2841 2820/3082/2842
f 2820/3082/2842 2826/3089/2848 2825/3088/2847
f 2826/3089/2848 2820/3082/2842 2821/3083/2843
f 2821/3083/2843 2827/3090/2849 2826/3089/2848
f 2827/3090/2849 2821/3083/2843 2822/3084/2844
f 2822/3084/2844 2828/3091/2850 2827/3090/2849
f 2828/3091/2850 2822/3084/2844 2777/3036/2792
f 2777/3036/2792 2784/3043/2799 2828/3091/2850
f 2705/3092/2705 2697/3085/2697 2823/3086/2845
f 2823/3086/2845 2829/3093/2851 2705/3092/2705
f 2829/3093/2851 2823/3086/2845 2824/3087/2846
f 2824/3087/2846 2830/3094/2852 2829/3093/2851
f 2830/3094/2852 2824/3087/2846 2825/3088/2847
f 2825/3088/2847 2831/3095/2853 2830/3094/2852
f 2831/3095/2853 2825/3088/2847 2826/3089/2848
f 2826/3089/2848 2832/3096/2854 2831/3095/2853
f 2832/3096/2854 2826/3089/2848 2827/3090/2849
f 2827/3090/2849 2833/3097/2855 2832/3096/2854
f 2833/3097/2855 2827/3090/2849 2828/3091/2850
f 2828/3091/2850 2834/3098/2856 2833/3097/2855
f 2834/3098/2856 2828/3091/2850 2784/3043/2799
f 2784/3043/2799 2791/3050/2806 2834/3098/2856
f 2713/3099/2713 2705/3092/2705 2829/3093/2851
f 2829/3093/2851 2835/3100/2857 2713/3099/2713
f 2835/3100/2857 2829/3093/2851 2830/3094/2852
f 2830/3094/2852 2836/3101/2858 2835/3100/2857
f 2836/3101/2858 2830/3094/2852 2831/3095/2853
f 2831/3095/2853 2837/3102/2859 2836/3101/2858
f 2837/3102/2859 2831/3095/2853 2832/3096/2854
f 2832/3096/2854 2838/3103/2860 2837/3102/2859
f 2838/3103/2860 2832/3096/2854 2833/3097/2855
f 2833/3097/2855 2839/3104/2861 2838/3103/2860
f 2839/3104/2861 2833/3097/2855 2834/3098/2856
f 2834/3098/2856 2840/3105/2862 2839/3104/2861
f 2840/3105/2862 2834/3098/2856 2791/3050/2806
f 2791/3050/2806 2798/3057/2813 2840/3105/2862
f 964/1204/2721 2713/3099/2713 2835/3100/2857
f 2835/3100/2857 1140/1205/2863 964/1204/2721
f 1140/1205/2863 2835/3100/2857 2836/3101/2858
f 2836/3101/2858 1141/1206/2864 1140/1205/2863
f 1141/1206/2864 2836/3101/2858 2837/3102/2859
f 2837/3102/2859 1142/1207/2865 1141/1206/2864
f 1142/1207/2865 2837/3102/2859 2838/3103/2860
f 2838/3103/2860 1143/1208/2866 1142/1207/2865
f 1143/1208/2866 2838/3103/2860 2839/3104/2861
f 2839/3104/2861 1144/1209/2867 1143/1208/2866
f 1144/1209/2867 2839/3104/2861 2840/3105/2862
f 2840/3105/2862 1145/1210/2868 1144/1209/2867
f 1145/1210/2868 2840/3105/2862 2798/3057/2813
f 2798/3057/2813 1084/1148/2820 1145/1210/2868
f 817/3107/2870 816/3106/2869 2841/3114/2877
f 2841/3114/2877 2842/3115/2878 817/3107/2870
f 818/3108/2871 817/3107/2870 2842/3115/2878
f 2842/3115/2878 2843/3116/2879 818/3108/2871
f 819/3109/2872 818/3108/2871 2843/3116/2879
f 2843/3116/2879 2844/3117/2880 819/3109/2872
f 820/3110/2873 819/3109/2872 2844/3117/2880
f 2844/3117/2880 2845/3118/2881 820/3110/2873
f 821/3111/2874 820/3110/2873 2845/3118/2881
f 2845/3118/2881 2846/3119/2882 821/3111/2874
f 822/3112/2875 821/3111/2874 2846/3119/2882
f 2846/3119/2882 2847/3120/2883 822/3112/2875
f 823/3113/2876 822/3112/2875 2847/3120/2883
f 2847/3120/2883 2848/3121/2884 823/3113/2876
f 2842/3115/2878 2841/3114/2877 2849/3122/2885
f 2849/3122/2885 2850/3123/2886 2842/3115/2878
f 2843/3116/2879 2842/3115/2878 2850/3123/2886
f 2850/3123/2886 2851/3124/2887 2843/3116/2879
f 2844/3117/2880 2843/3116/2879 2851/3124/2887
f 2851/3124/2887 2852/3125/2888 2844/3117/2880
f 2845/3118/2881 2844/3117/2880 2852/3125/2888
f 2852/3125/2888 2853/3126/2889 2845/3118/2881
f 2846/3119/2882 2845/3118/2881 2853/3126/2889
f 2853/3126/2889 2854/3127/2890 2846/3119/2882
f 2847/3120/2883 2846/3119/2882 2854/3127/2890
f 2854/3127/2890 2855/3128/2891 2847/3120/2883
f 2848/3121/2884 2847/3120/2883 2855/3128/2891
f 2855/3128/2891 2856/3129/2892 2848/3121/2884
f 2850/3123/2886 2849/3122/2885 2857/3130/2893
f 2857/3130/2893 2858/3131/2894 2850/3123/2886
f 2851/3124/2887 2850/3123/2886 2858/3131/2894
f 2858/3131/2894 2859/3132/2895 2851/3124/2887
f 2852/3125/2888 2851/3124/2887 2859/3132/2895
f 2859/3132/2895 2860/3133/2896 2852/3125/2888
f 2853/3126/2889 2852/3125/2888 2860/3133/2896
f 2860/3133/2896 2861/3134/2897 2853/3126/2889
f 2854/3127/2890 2853/3126/2889 2861/3134/2897
f 2861/3134/2897 2862/3135/2898 2854/3127/2890
f 2855/3128/2891 2854/3127/2890 2862/3135/2898
f 2862/3135/2898 2863/3136/2899 2855/3128/2891
f 2856/3129/2892 2855/3128/2891 2863/3136/2899
f 2863/3136/2899 2864/3137/2900 2856/3129/2892
f 2858/3131/2894 2857/3130/2893 2865/3138/2901
f 2865/3138/2901 2866/3139/2902 2858/3131/2894
f 2859/3132/2895 2858/3131/2894 2866/3139/2902
f 2866/3139/2902 2867/3140/2903 2859/3132/2895
f 2860/3133/2896 2859/3132/2895 2867/3140/2903
f 2867/3140/2903 2868/3141/2904 2860/3133/2896
f 2861/3134/2897 2860/3133/2896 2868/3141/2904
f 2868/3141/2904 2869/3142/2905 2861/3134/2897
f 2862/3135/2898 2861/3134/2897 2869/3142/2905
f 2869/3142/2905 2870/3143/2906 2862/3135/2898
f 2863/3136/2899 2862/3135/2898 2870/3143/2906
f 2870/3143/2906 2871/3144/2907 2863/3136/2899
f 2864/3137/2900 2863/3136/2899 2871/3144/2907
f 2871/3144/2907 2872/3145/2908 2864/3137/2900
f 2866/3139/2902 2865/3138/2901 2873/3146/2909
f 2873/3146/2909 2874/3147/2910 2866/3139/2902
f 2867/3140/2903 2866/3139/2902 2874/3147/2910
f 2874/3147/2910 2875/3148/2911 2867/3140/2903
f 2868/3141/2904 2867/3140/2903 2875/3148/2911
f 2875/3148/2911 2876/3149/2912 2868/3141/2904
f 2869/3142/2905 2868/3141/2904 2876/3149/2912
f 2876/3149/2912 2877/3150/2913 2869/3142/2905
f 2870/3143/2906 2869/3142/2905 2877/3150/2913
f 2877/3150/2913 2878/3151/2914 2870/3143/2906
f 2871/3144/2907 2870/3143/2906 2878/3151/2914
f 2878/3151/2914 2879/3152/2915 2871/3144/2907
f 2872/3145/2908 2871/3144/2907 2879/3152/2915
f 2879/3152/2915 2880/3153/2916 2872/3145/2908
f 2874/3147/2910 2873/3146/2909 2881/3154/2917
f 2881/3154/2917 2882/3155/2918 2874/3147/2910
f 2875/3148/2911 2874/3147/2910 2882/3155/2918
f 2882/3155/2918 2883/3156/2919 2875/3148/2911
f 2876/3149/2912 2875/3148/2911 2883/3156/2919
f 2883/3156/2919 2884/3157/2920 2876/3149/2912
f 2877/3150/2913 2876/3149/2912 2884/3157/2920
f 2884/3157/2920 2885/3158/2921 2877/3150/2913
f 2878/3151/2914 2877/3150/2913 2885/3158/2921
f 2885/3158/2921 2886/3159/2922 2878/3151/2914
f 2879/3152/2915 2878/3151/2914 2886/3159/2922
f 2886/3159/2922 2887/3160/2923 2879/3152/2915
f 2880/3153/2916 2879/3152/2915 2887/3160/2923
f 2887/3160/2923 2888/3161/2924 2880/3153/2916
f 2882/3155/2918 2881/3154/2917 2889/3162/2925
f 2889/3162/2925 2890/3163/2926 2882/3155/2918
f 2883/3156/2919 2882/3155/2918 2890/3163/2926
f 2890/3163/2926 2891/3164/2927 2883/3156/2919
f 2884/3157/2920 2883/3156/2919 2891/3164/2927
f 2891/3164/2927 2892/3165/2928 2884/3157/2920
f 2885/3158/2921 2884/3157/2920 2892/3165/2928
f 2892/3165/2928 2893/3166/2929 2885/3158/2921
f 2886/3159/2922 2885/3158/2921 2893/3166/2929
f 2893/3166/2929 2894/3167/2930 2886/3159/2922
f 2887/3160/2923 2886/3159/2922 2894/3167/2930
f 2894/3167/2930 2895/3168/2931 2887/3160/2923
f 2888/3161/2924 2887/3160/2923 2895/3168/2931
f 2895/3168/2931 2896/3169/2932 2888/3161/2924
f 866/3170/2933 823/3113/2876 2848/3121/2884
f 2848/3121/2884 2897/3177/2940 866/3170/2933
f 867/3171/2934 866/3170/2933 2897/3177/2940
f 2897/3177/2940 2898/3178/2941 867/3171/2934
f 868/3172/2935 867/3171/2934 2898/3178/2941
f 2898/3178/2941 2899/3179/2942 868/3172/2935
f 869/3173/2936 868/3172/2935 2899/3179/2942
f 2899/3179/2942 2900/3180/2943 869/3173/2936
f 870/3174/2937 869/3173/2936 2900/3180/2943
f 2900/3180/2943 2901/3181/2944 870/3174/2937
f 871/3175/2938 870/3174/2937 2901/3181/2944
f 2901/3181/2944 2902/3182/2945 871/3175/2938
f 872/3176/2939 871/3175/2938 2902/3182/2945
f 2902/3182/2945 2903/3183/2946 872/3176/2939
f 2897/3177/2940 2848/3121/2884 2856/3129/2892
f 2856/3129/2892 2904/3184/2947 2897/3177/2940
f 2898/3178/2941 2897/3177/2940 2904/3184/2947
f 2904/3184/2947 2905/3185/2948 2898/3178/2941
f 2899/3179/2942 2898/3178/2941 2905/3185/2948
f 2905/3185/2948 2906/3186/2949 2899/3179/2942
f 2900/3180/2943 2899/3179/2942 2906/3186/2949
f 2906/3186/2949 2907/3187/2950 2900/3180/2943
f 2901/3181/2944 2900/3180/2943 2907/3187/2950
f 2907/3187/2950 2908/3188/2951 2901/3181/2944
f 2902/3182/2945 2901/3181/2944 2908/3188/2951
f 2908/3188/2951 2909/3189/2952 2902/3182/2945
f 2903/3183/2946 2902/3182/2945 2909/3189/2952
f 2909/3189/2952 2910/3190/2953 2903/3183/2946
f 2904/3184/2947 2856/3129/2892 2864/3137/2900
f 2864/3137/2900 2911/3191/2954 2904/3184/2947
f 2905/3185/2948 2904/3184/2947 2911/3191/2954
f 2911/3191/2954 2912/3192/2955 2905/3185/2948
f 2906/3186/2949 2905/3185/2948 2912/3192/2955
f 2912/3192/2955 2913/3193/2956 2906/3186/2949
f 2907/3187/2950 2906/3186/2949 2913/3193/2956
f 2913/3193/2956 2914/3194/2957 2907/3187/2950
f 2908/3188/2951 2907/3187/2950 2914/3194/2957
f 2914/3194/2957 2915/3195/2958 2908/3188/2951
f 2909/3189/2952 2908/3188/2951 2915/3195/2958
f 2915/3195/2958 2916/3196/2959 2909/3189/2952
f 2910/3190/2953 2909/3189/2952 2916/3196/2959
f 2916/3196/2959 2917/3197/2960 2910/3190/2953
f 2911/3191/2954 2864/3137/2900 2872/3145/2908
f 2872/3145/2908 2918/3198/2961 2911/3191/2954
f 2912/3192/2955 2911/3191/2954 2918/3198/2961
f 2918/3198/2961 2919/3199/2962 2912/3192/2955
f 2913/3193/2956 2912/3192/2955 2919/3199/2962
f 2919/3199/2962 2920/3200/2963 2913/3193/2956
f 2914/3194/2957 2913/3193/2956 2920/3200/2963
f 2920/3200/2963 2921/3201/2964 2914/3194/2957
f 2915/3195/2958 2914/3194/2957 2921/3201/2964
f 2921/3201/2964 2922/3202/2965 2915/3195/2958
f 2916/3196/2959 2915/3195/2958 2922/3202/2965
f 2922/3202/2965 2923/3203/2966 2916/3196/2959
f 2917/3197/2960 2916/3196/2959 2923/3203/2966
f 2923/3203/2966 2924/3204/2967 2917/3197/2960
f 2918/3198/2961 2872/3145/2908 2880/3153/2916
f 2880/3153/2916 2925/3205/2968 2918/3198/2961
f 2919/3199/2962 2918/3198/2961 2925/3205/2968
f 2925/3205/2968 2926/3206/2969 2919/3199/2962
f 2920/3200/2963 2919/3199/2962 2926/3206/2969
f 2926/3206/2969 2927/3207/2970 2920/3200/2963
f 2921/3201/2964 2920/3200/2963 2927/3207/2970
f 2927/3207/2970 2928/3208/2971 2921/3201/2964
f 2922/3202/2965 2921/3201/2964 2928/3208/2971
f 2928/3208/2971 2929/3209/2972 2922/3202/2965
f 2923/3203/2966 2922/3202/2965 2929/3209/2972
f 2929/3209/2972 2930/3210/2973 2923/3203/2966
f 2924/3204/2967 2923/3203/2966 2930/3210/2973
f 2930/3210/2973 2931/3211/2974 2924/3204/2967
f 2925/3205/2968 2880/3153/2916 2888/3161/2924
f 2888/3161/2924 2932/3212/2975 2925/3205/2968
f 2926/3206/2969 2925/3205/2968 2932/3212/2975
f 2932/3212/2975 2933/3213/2976 2926/3206/2969
f 2927/3207/2970 2926/3206/2969 2933/3213/2976
f 2933/3213/2976 2934/3214/2977 2927/3207/2970
f 2928/3208/2971 2927/3207/2970 2934/3214/2977
f 2934/3214/2977 2935/3215/2978 2928/3208/2971
f 2929/3209/2972 2928/3208/2971 2935/3215/2978
f 2935/3215/2978 2936/3216/2979 2929/3209/2972
f 2930/3210/2973 2929/3209/2972 2936/3216/2979
f 2936/3216/2979 2937/3217/2980 2930/3210/2973
f 2931/3211/2974 2930/3210/2973 2937/3217/2980
f 2937/3217/2980 2938/3218/2981 2931/3211/2974
f 2932/3212/2975 2888/3161/2924 2896/3169/2932
f 2896/3169/2932 2939/3219/2982 2932/3212/2975
f 2933/3213/2976 2932/3212/2975 2939/3219/2982
f 2939/3219/2982 2940/3220/2983 2933/3213/2976
f 2934/3214/2977 2933/3213/2976 2940/3220/2983
f 2940/3220/2983 2941/3221/2984 2934/3214/2977
f 2935/3215/2978 2934/3214/2977 2941/3221/2984
f 2941/3221/2984 2942/3222/2985 2935/3215/2978
f 2936/3216/2979 2935/3215/2978 2942/3222/2985
f 2942/3222/2985 2943/3223/2986 2936/3216/2979
f 2937/3217/2980 2936/3216/2979 2943/3223/2986
f 2943/3223/2986 2944/3224/2987 2937/3217/2980
f 2938/3218/2981 2937/3217/2980 2944/3224/2987
f 2944/3224/2987 2945/3225/2988 2938/3218/2981
f 2946/3233/2996 915/3226/2989 916/3227/2990
f 916/3227/2990 2947/3234/2997 2946/3233/2996
f 2947/3234/2997 916/3227/2990 917/3228/2991
f 917/3228/2991 2948/3235/2998 2947/3234/2997
f 2948/3235/2998 917/3228/2991 918/3229/2992
f 918/3229/2992 2949/3236/2999 2948/3235/2998
f 2949/3236/2999 918/3229/2992 919/3230/2993
f 919/3230/2993 2950/3237/3000 2949/3236/2999
f 2950/3237/3000 919/3230/2993 920/3231/2994
f 920/3231/2994 2951/3238/3001 2950/3237/3000
f 2951/3238/3001 920/3231/2994 921/3232/2995
f 921/3232/2995 2952/3239/3002 2951/3238/3001
f 2952/3239/3002 921/3232/2995 872/3176/2939
f 872/3176/2939 2903/3183/2946 2952/3239/3002
f 2953/3240/3003 2946/3233/2996 2947/3234/2997
f 2947/3234/2997 2954/3241/3004 2953/3240/3003
f 2954/3241/3004 2947/3234/2997 2948/3235/2998
f 2948/3235/2998 2955/3242/3005 2954/3241/3004
f 2955/3242/3005 2948/3235/2998 2949/3236/2999
f 2949/3236/2999 2956/3243/3006 2955/3242/3005
f 2956/3243/3006 2949/3236/2999 2950/3237/3000
f 2950/3237/3000 2957/3244/3007 2956/3243/3006
f 2957/3244/3007 2950/3237/3000 2951/3238/3001
f 2951/3238/3001 2958/3245/3008 2957/3244/3007
f 2958/3245/3008 2951/3238/3001 2952/3239/3002
f 2952/3239/3002 2959/3246/3009 2958/3245/3008
f 2959/3246/3009 2952/3239/3002 2903/3183/2946
f 2903/3183/2946 2910/3190/2953 2959/3246/3009
f 2960/3247/3010 2953/3240/3003 2954/3241/3004
f 2954/3241/3004 2961/3248/3011 2960/3247/3010
f 2961/3248/3011 2954/3241/3004 2955/3242/3005
f 2955/3242/3005 2962/3249/3012 2961/3248/3011
f 2962/3249/3012 2955/3242/3005 2956/3243/3006
f 2956/3243/3006 2963/3250/3013 2962/3249/3012
f 2963/3250/3013 2956/3243/3006 2957/3244/3007
f 2957/3244/3007 2964/3251/3014 2963/3250/3013
f 2964/3251/3014 2957/3244/3007 2958/3245/3008
f 2958/3245/3008 2965/3252/3015 2964/3251/3014
f 2965/3252/3015 2958/3245/3008 2959/3246/3009
f 2959/3246/3009 2966/3253/3016 2965/3252/3015
f 2966/3253/3016 2959/3246/3009 2910/3190/2953
f 2910/3190/2953 2917/3197/2960 2966/3253/3016
f 2967/3254/3017 2960/3247/3010 2961/3248/3011
f 2961/3248/3011 2968/3255/3018 2967/3254/3017
f 2968/3255/3018 2961/3248/3011 2962/3249/3012
f 2962/3249/3012 2969/3256/3019 2968/3255/3018
f 2969/3256/3019 2962/3249/3012 2963/3250/3013
f 2963/3250/3013 2970/3257/3020 2969/3256/3019
f 2970/3257/3020 2963/3250/3013 2964/3251/3014
f 2964/3251/3014 2971/3258/3021 2970/3257/3020
f 2971/3258/3021 2964/3251/3014 2965/3252/3015
f 2965/3252/3015 2972/3259/3022 2971/3258/3021
f 2972/3259/3022 2965/3252/3015 2966/3253/3016
f 2966/3253/3016 2973/3260/3023 2972/3259/3022
f 2973/3260/3023 2966/3253/3016 2917/3197/2960
f 2917/3197/2960 2924/3204/2967 2973/3260/3023
f 2974/3261/3024 2967/3254/3017 2968/3255/3018
f 2968/3255/3018 2975/3262/3025 2974/3261/3024
f 2975/3262/3025 2968/3255/3018 2969/3256/3019
f 2969/3256/3019 2976/3263/3026 2975/3262/3025
f 2976/3263/3026 2969/3256/3019 2970/3257/3020
f 2970/3257/3020 2977/3264/3027 2976/3263/3026
f 2977/3264/3027 2970/3257/3020 2971/3258/3021
f 2971/3258/3021 2978/3265/3028 2977/3264/3027
f 2978/3265/3028 2971/3258/3021 2972/3259/3022
f 2972/3259/3022 2979/3266/3029 2978/3265/3028
f 2979/3266/3029 2972/3259/3022 2973/3260/3023
f 2973/3260/3023 2980/3267/3030 2979/3266/3029
f 2980/3267/3030 2973/3260/3023 2924/3204/2967
f 2924/3204/2967 2931/3211/2974 2980/3267/3030
f 2981/3268/3031 2974/3261/3024 2975/3262/3025
f 2975/3262/3025 2982/3269/3032 2981/3268/3031
f 2982/3269/3032 2975/3262/3025 2976/3263/3026
f 2976/3263/3026 2983/3270/3033 2982/3269/3032
f 2983/3270/3033 2976/3263/3026 2977/3264/3027
f 2977/3264/3027 2984/3271/3034 2983/3270/3033
f 2984/3271/3034 2977/3264/3027 2978/3265/3028
f 2978/3265/3028 2985/3272/3035 2984/3271/3034
f 2985/3272/3035 2978/3265/3028 2979/3266/3029
f 2979/3266/3029 2986/3273/3036 2985/3272/3035
f 2986/3273/3036 2979/3266/3029 2980/3267/3030
f 2980/3267/3030 2987/3274/3037 2986/3273/3036
f 2987/3274/3037 2980/3267/3030 2931/3211/2974
f 2931/3211/2974 2938/3218/2981 2987/3274/3037
f 2988/3275/3038 2981/3268/3031 2982/3269/3032
f 2982/3269/3032 2989/3276/3039 2988/3275/3038
f 2989/3276/3039 2982/3269/3032 2983/3270/3033
f 2983/3270/3033 2990/3277/3040 2989/3276/3039
f 2990/3277/3040 2983/3270/3033 2984/3271/3034
f 2984/3271/3034 2991/3278/3041 2990/3277/3040
f 2991/3278/3041 2984/3271/3034 2985/3272/3035
f 2985/3272/3035 2992/3279/3042 2991/3278/3041
f 2992/3279/3042 2985/3272/3035 2986/3273/3036
f 2986/3273/3036 2993/3280/3043 2992/3279/3042
f 2993/3280/3043 2986/3273/3036 2987/3274/3037
f 2987/3274/3037 2994/3281/3044 2993/3280/3043
f 2994/3281/3044 2987/3274/3037 2938/3218/2981
f 2938/3218/2981 2945/3225/2988 2994/3281/3044
f 2841/3114/2877 816/3106/2869 958/3282/3045
f 958/3282/3045 2995/3288/3051 2841/3114/2877
f 2995/3288/3051 958/3282/3045 959/3283/3046
f 959/3283/3046 2996/3289/3052 2995/3288/3051
f 2996/3289/3052 959/3283/3046 960/3284/3047
f 960/3284/3047 2997/3290/3053 2996/3289/3052
f 2997/3290/3053 960/3284/3047 961/3285/3048
f 961/3285/3048 2998/3291/3054 2997/3290/3053
f 2998/3291/3054 961/3285/3048 962/3286/3049
f 962/3286/3049 2999/3292/3055 2998/3291/3054
f 2999/3292/3055 962/3286/3049 963/3287/3050
f 963/3287/3050 3000/3293/3056 2999/3292/3055
f 3000/3293/3056 963/3287/3050 915/3226/2989
f 915/3226/2989 2946/3233/2996 3000/3293/3056
f 2849/3122/2885 2841/3114/2877 2995/3288/3051
f 2995/3288/3051 3001/3294/3057 2849/3122/2885
f 3001/3294/3057 2995/3288/3051 2996/3289/3052
f 2996/3289/3052 3002/3295/3058 3001/3294/3057
f 3002/3295/3058 2996/3289/3052 2997/3290/3053
f 2997/3290/3053 3003/3296/3059 3002/3295/3058
f 3003/3296/3059 2997/3290/3053 2998/3291/3054
f 2998/3291/3054 3004/3297/3060 3003/3296/3059
f 3004/3297/3060 2998/3291/3054 2999/3292/3055
f 2999/3292/3055 3005/3298/3061 3004/3297/3060
f 3005/3298/3061 2999/3292/3055 3000/3293/3056
f 3000/3293/3056 3006/3299/3062 3005/3298/3061
f 3006/3299/3062 3000/3293/3056 2946/3233/2996
f 2946/3233/2996 2953/3240/3003 3006/3299/3062
f 2857/3130/2893 2849/3122/2885 3001/3294/3057
f 3001/3294/3057 3007/3300/3063 2857/3130/2893
f 3007/3300/3063 3001/3294/3057 3002/3295/3058
f 3002/3295/3058 3008/3301/3064 3007/3300/3063
f 3008/3301/3064 3002/3295/3058 3003/3296/3059
f 3003/3296/3059 3009/3302/3065 3008/3301/3064
f 3009/3302/3065 3003/3296/3059 3004/3297/3060
f 3004/3297/3060 3010/3303/3066 3009/3302/3065
f 3010/3303/3066 3004/3297/3060 3005/3298/3061
f 3005/3298/3061 3011/3304/3067 3010/3303/3066
f 3011/3304/3067 3005/3298/3061 3006/3299/3062
f 3006/3299/3062 3012/3305/3068 3011/3304/3067
f 3012/3305/3068 3006/3299/3062 2953/3240/3003
f 2953/3240/3003 2960/3247/3010 3012/3305/3068
f 2865/3138/2901 2857/3130/2893 3007/3300/3063
f 3007/3300/3063 3013/3306/3069 2865/3138/2901
f 3013/3306/3069 3007/3300/3063 3008/3301/3064
f 3008/3301/3064 3014/3307/3070 3013/3306/3069
f 3014/3307/3070 3008/3301/3064 3009/3302/3065
f 3009/3302/3065 3015/3308/3071 3014/3307/3070
f 3015/3308/3071 3009/3302/3065 3010/3303/3066
f 3010/3303/3066 3016/3309/3072 3015/3308/3071
f 3016/3309/3072 3010/3303/3066 3011/3304/3067
f 3011/3304/3067 3017/3310/3073 3016/3309/3072
f 3017/3310/3073 3011/3304/3067 3012/3305/3068
f 3012/3305/3068 3018/3311/3074 3017/3310/3073
f 3018/3311/3074 3012/3305/3068 2960/3247/3010
f 2960/3247/3010 2967/3254/3017 3018/3311/3074
f 2873/3146/2909 2865/3138/2901 3013/3306/3069
f 3013/3306/3069 3019/3312/3075 2873/3146/2909
f 3019/3312/3075 3013/3306/3069 3014/3307/3070
f 3014/3307/3070 3020/3313/3076 3019/3312/3075
f 3020/3313/3076 3014/3307/3070 3015/3308/3071
f 3015/3308/3071 3021/3314/3077 3020/3313/3076
f 3021/3314/3077 3015/3308/3071 3016/3309/3072
f 3016/3309/3072 3022/3315/3078 3021/3314/3077
f 3022/3315/3078 3016/3309/3072 3017/3310/3073
f 3017/3310/3073 3023/3316/3079 3022/3315/3078
f 3023/3316/3079 3017/3310/3073 3018/3311/3074
f 3018/3311/3074 3024/3317/3080 3023/3316/3079
f 3024/3317/3080 3018/3311/3074 2967/3254/3017
f 2967/3254/3017 2974/3261/3024 3024/3317/3080
f 2881/3154/2917 2873/3146/2909 3019/3312/3075
f 3019/3312/3075 3025/3318/3081 2881/3154/2917
f 3025/3318/3081 3019/3312/3075 3020/3313/3076
f 3020/3313/3076 3026/3319/3082 3025/3318/3081
f 3026/3319/3082 3020/3313/3076 3021/3314/3077
f 3021/3314/3077 3027/3320/3083 3026/3319/3082
f 3027/3320/3083 3021/3314/3077 3022/3315/3078
f 3022/3315/3078 3028/3321/3084 3027/3320/3083
f 3028/3321/3084 3022/3315/3078 3023/3316/3079
f 3023/3316/3079 3029/3322/3085 3028/3321/3084
f 3029/3322/3085 3023/3316/3079 3024/3317/3080
f 3024/3317/3080 3030/3323/3086 3029/3322/3085
f 3030/3323/3086 3024/3317/3080 2974/3261/3024
f 2974/3261/3024 2981/3268/3031 3030/3323/3086
f 2889/3162/2925 2881/3154/2917 3025/3318/3081
f 3025/3318/3081 3031/3324/3087 2889/3162/2925
f 3031/3324/3087 3025/3318/3081 3026/3319/3082
f 3026/3319/3082 3032/3325/3088 3031/3324/3087
f 3032/3325/3088 3026/3319/3082 3027/3320/3083
f 3027/3320/3083 3033/3326/3089 3032/3325/3088
f 3033/3326/3089 3027/3320/3083 3028/3321/3084
f 3028/3321/3084 3034/3327/3090 3033/3326/3089
f 3034/3327/3090 3028/3321/3084 3029/3322/3085
f 3029/3322/3085 3035/3328/3091 3034/3327/3090
f 3035/3328/3091 3029/3322/3085 3030/3323/3086
f 3030/3323/3086 3036/3329/3092 3035/3328/3091
f 3036/3329/3092 3030/3323/3086 2981/3268/3031
f 2981/3268/3031 2988/3275/3038 3036/3329/3092
f 2890/3163/2926 2889/3162/2925 3037/3330/3093
f 3037/3330/3093 3038/3331/3094 2890/3163/2926
f 2891/3164/2927 2890/3163/2926 3038/3331/3094
f 3038/3331/3094 3039/3332/3095 2891/3164/2927
f 2892/3165/2928 2891/3164/2927 3039/3332/3095
f 3039/3332/3095 3040/3333/3096 2892/3165/2928
f 2893/3166/2929 2892/3165/2928 3040/3333/3096
f 3040/3333/3096 3041/3334/3097 2893/3166/2929
f 2894/3167/2930 2893/3166/2929 3041/3334/3097
f 3041/3334/3097 3042/3335/3098 2894/3167/2930
f 2895/3168/2931 2894/3167/2930 3042/3335/3098
f 3042/3335/3098 3043/3336/3099 2895/3168/2931
f 2896/3169/2932 2895/3168/2931 3043/3336/3099
f 3043/3336/3099 3044/3337/3100 2896/3169/2932
f 3038/3331/3094 3037/3330/3093 3045/3338/3101
f 3045/3338/3101 3046/3339/3102 3038/3331/3094
f 3039/3332/3095 3038/3331/3094 3046/3339/3102
f 3046/3339/3102 3047/3340/3103 3039/3332/3095
f 3040/3333/3096 3039/3332/3095 3047/3340/3103
f 3047/3340/3103 3048/3341/3104 3040/3333/3096
f 3041/3334/3097 3040/3333/3096 3048/3341/3104
f 3048/3341/3104 3049/3342/3105 3041/3334/3097
f 3042/3335/3098 3041/3334/3097 3049/3342/3105
f 3049/3342/3105 3050/3343/3106 3042/3335/3098
f 3043/3336/3099 3042/3335/3098 3050/3343/3106
f 3050/3343/3106 3051/3344/3107 3043/3336/3099
f 3044/3337/3100 3043/3336/3099 3051/3344/3107
f 3051/3344/3107 3052/3345/3108 3044/3337/3100
f 3046/3339/3102 3045/3338/3101 3053/3346/3109
f 3053/3346/3109 3054/3347/3110 3046/3339/3102
f 3047/3340/3103 3046/3339/3102 3054/3347/3110
f 3054/3347/3110 3055/3348/3111 3047/3340/3103
f 3048/3341/3104 3047/3340/3103 3055/3348/3111
f 3055/3348/3111 3056/3349/3112 3048/3341/3104
f 3049/3342/3105 3048/3341/3104 3056/3349/3112
f 3056/3349/3112 3057/3350/3113 3049/3342/3105
f 3050/3343/3106 3049/3342/3105 3057/3350/3113
f 3057/3350/3113 3058/3351/3114 3050/3343/3106
f 3051/3344/3107 3050/3343/3106 3058/3351/3114
f 3058/3351/3114 3059/3352/3115 3051/3344/3107
f 3052/3345/3108 3051/3344/3107 3059/3352/3115
f 3059/3352/3115 3060/3353/3116 3052/3345/3108
f 3054/3347/3110 3053/3346/3109 3061/3354/3117
f 3061/3354/3117 3062/3355/3118 3054/3347/3110
f 3055/3348/3111 3054/3347/3110 3062/3355/3118
f 3062/3355/3118 3063/3356/3119 3055/3348/3111
f 3056/3349/3112 3055/3348/3111 3063/3356/3119
f 3063/3356/3119 3064/3357/3120 3056/3349/3112
f 3057/3350/3113 3056/3349/3112 3064/3357/3120
f 3064/3357/3120 3065/3358/3121 3057/3350/3113
f 3058/3351/3114 3057/3350/3113 3065/3358/3121
f 3065/3358/3121 3066/3359/3122 3058/3351/3114
f 3059/3352/3115 3058/3351/3114 3066/3359/3122
f 3066/3359/3122 3067/3360/3123 3059/3352/3115
f 3060/3353/3116 3059/3352/3115 3067/3360/3123
f 3067/3360/3123 3068/3361/3124 3060/3353/3116
f 3062/3355/3118 3061/3354/3117 3069/3362/3125
f 3069/3362/3125 3070/3363/3126 3062/3355/3118
f 3063/3356/3119 3062/3355/3118 3070/3363/3126
f 3070/3363/3126 3071/3364/3127 3063/3356/3119
f 3064/3357/3120 3063/3356/3119 3071/3364/3127
f 3071/3364/3127 3072/3365/3128 3064/3357/3120
f 3065/3358/3121 3064/3357/3120 3072/3365/3128
f 3072/3365/3128 3073/3366/3129 3065/3358/3121
f 3066/3359/3122 3065/3358/3121 3073/3366/3129
f 3073/3366/3129 3074/3367/3130 3066/3359/3122
f 3067/3360/3123 3066/3359/3122 3074/3367/3130
f 3074/3367/3130 3075/3368/3131 3067/3360/3123
f 3068/3361/3124 3067/3360/3123 3075/3368/3131
f 3075/3368/3131 3076/3369/3132 3068/3361/3124
f 3070/3363/3126 3069/3362/3125 3077/3370/3133
f 3077/3370/3133 3078/3371/3134 3070/3363/3126
f 3071/3364/3127 3070/3363/3126 3078/3371/3134
f 3078/3371/3134 3079/3372/3135 3071/3364/3127
f 3072/3365/3128 3071/3364/3127 3079/3372/3135
f 3079/3372/3135 3080/3373/3136 3072/3365/3128
f 3073/3366/3129 3072/3365/3128 3080/3373/3136
f 3080/3373/3136 3081/3374/3137 3073/3366/3129
f 3074/3367/3130 3073/3366/3129 3081/3374/3137
f 3081/3374/3137 3082/3375/3138 3074/3367/3130
f 3075/3368/3131 3074/3367/3130 3082/3375/3138
f 3082/3375/3138 3083/3376/3139 3075/3368/3131
f 3076/3369/3132 3075/3368/3131 3083/3376/3139
f 3083/3376/3139 3084/3377/3140 3076/3369/3132
f 3078/3371/3134 3077/3370/3133 3085/3378/3141
f 3085/3378/3141 3086/3379/3142 3078/3371/3134
f 3079/3372/3135 3078/3371/3134 3086/3379/3142
f 3086/3379/3142 3087/3380/3143 3079/3372/3135
f 3080/3373/3136 3079/3372/3135 3087/3380/3143
f 3087/3380/3143 3088/3381/3144 3080/3373/3136
f 3081/3374/3137 3080/3373/3136 3088/3381/3144
f 3088/3381/3144 3089/3382/3145 3081/3374/3137
f 3082/3375/3138 3081/3374/3137 3089/3382/3145
f 3089/3382/3145 3090/3383/3146 3082/3375/3138
f 3083/3376/3139 3082/3375/3138 3090/3383/3146
f 3090/3383/3146 3091/3384/3147 3083/3376/3139
f 3084/3377/3140 3083/3376/3139 3091/3384/3147
f 3091/3384/3147 3092/3385/3148 3084/3377/3140
f 2939/3219/2982 2896/3169/2932 3044/3337/3100
f 3044/3337/3100 3093/3386/3149 2939/3219/2982
f 2940/3220/2983 2939/3219/2982 3093/3386/3149
f 3093/3386/3149 3094/3387/3150 2940/3220/2983
f 2941/3221/2984 2940/3220/2983 3094/3387/3150
f 3094/3387/3150 3095/3388/3151 2941/3221/2984
f 2942/3222/2985 2941/3221/2984 3095/3388/3151
f 3095/3388/3151 3096/3389/3152 2942/3222/2985
f 2943/3223/2986 2942/3222/2985 3096/3389/3152
f 3096/3389/3152 3097/3390/3153 2943/3223/2986
f 2944/3224/2987 2943/3223/2986 3097/3390/3153
f 3097/3390/3153 3098/3391/3154 2944/3224/2987
f 2945/3225/2988 2944/3224/2987 3098/3391/3154
f 3098/3391/3154 3099/3392/3155 2945/3225/2988
f 3093/3386/3149 3044/3337/3100 3052/3345/3108
f 3052/3345/3108 3100/3393/3156 3093/3386/3149
f 3094/3387/3150 3093/3386/3149 3100/3393/3156
f 3100/3393/3156 3101/3394/3157 3094/3387/3150
f 3095/3388/3151 3094/3387/3150 3101/3394/3157
f 3101/3394/3157 3102/3395/3158 3095/3388/3151
f 3096/3389/3152 3095/3388/3151 3102/3395/3158
f 3102/3395/3158 3103/3396/3159 3096/3389/3152
f 3097/3390/3153 3096/3389/3152 3103/3396/3159
f 3103/3396/3159 3104/3397/3160 3097/3390/3153
f 3098/3391/3154 3097/3390/3153 3104/3397/3160
f 3104/3397/3160 3105/3398/3161 3098/3391/3154
f 3099/3392/3155 3098/3391/3154 3105/3398/3161
f 3105/3398/3161 3106/3399/3162 3099/3392/3155
f 3100/3393/3156 3052/3345/3108 3060/3353/3116
f 3060/3353/3116 3107/3400/3163 3100/3393/3156
f 3101/3394/3157 3100/3393/3156 3107/3400/3163
f 3107/3400/3163 3108/3401/3164 3101/3394/3157
f 3102/3395/3158 3101/3394/3157 3108/3401/3164
f 3108/3401/3164 3109/3402/3165 3102/3395/3158
f 3103/3396/3159 3102/3395/3158 3109/3402/3165
f 3109/3402/3165 3110/3403/3166 3103/3396/3159
f 3104/3397/3160 3103/3396/3159 3110/3403/3166
f 3110/3403/3166 3111/3404/3167 3104/3397/3160
f 3105/3398/3161 3104/3397/3160 3111/3404/3167
f 3111/3404/3167 3112/3405/3168 3105/3398/3161
f 3106/3399/3162 3105/3398/3161 3112/3405/3168
f 3112/3405/3168 3113/3406/3169 3106/3399/3162
f 3107/3400/3163 3060/3353/3116 3068/3361/3124
f 3068/3361/3124 3114/3407/3170 3107/3400/3163
f 3108/3401/3164 3107/3400/3163 3114/3407/3170
f 3114/3407/3170 3115/3408/3171 3108/3401/3164
f 3109/3402/3165 3108/3401/3164 3115/3408/3171
f 3115/3408/3171 3116/3409/3172 3109/3402/3165
f 3110/3403/3166 3109/3402/3165 3116/3409/3172
f 3116/3409/3172 3117/3410/3173 3110/3403/3166
f 3111/3404/3167 3110/3403/3166 3117/3410/3173
f 3117/3410/3173 3118/3411/3174 3111/3404/3167
f 3112/3405/3168 3111/3404/3167 3118/3411/3174
f 3118/3411/3174 3119/3412/3175 3112/3405/3168
f 3113/3406/3169 3112/3405/3168 3119/3412/3175
f 3119/3412/3175 3120/3413/3176 3113/3406/3169
f 3114/3407/3170 3068/3361/3124 3076/3369/3132
f 3076/3369/3132 3121/3414/3177 3114/3407/3170
f 3115/3408/3171 3114/3407/3170 3121/3414/3177
f 3121/3414/3177 3122/3415/3178 3115/3408/3171
f 3116/3409/3172 3115/3408/3171 3122/3415/3178
f 3122/3415/3178 3123/3416/3179 3116/3409/3172
f 3117/3410/3173 3116/3409/3172 3123/3416/3179
f 3123/3416/3179 3124/3417/3180 3117/3410/3173
f 3118/3411/3174 3117/3410/3173 3124/3417/3180
f 3124/3417/3180 3125/3418/3181 3118/3411/3174
f 3119/3412/3175 3118/3411/3174 3125/3418/3181
f 3125/3418/3181 3126/3419/3182 3119/3412/3175
f 3120/3413/3176 3119/3412/3175 3126/3419/3182
f 3126/3419/3182 3127/3420/3183 3120/3413/3176
f 3121/3414/3177 3076/3369/3132 3084/3377/3140
f 3084/3377/3140 3128/3421/3184 3121/3414/3177
f 3122/3415/3178 3121/3414/3177 3128/3421/3184
f 3128/3421/3184 3129/3422/3185 3122/3415/3178
f 3123/3416/3179 3122/3415/3178 3129/3422/3185
f 3129/3422/3185 3130/3423/3186 3123/3416/3179
f 3124/3417/3180 3123/3416/3179 3130/3423/3186
f 3130/3423/3186 3131/3424/3187 3124/3417/3180
f 3125/3418/3181 3124/3417/3180 3131/3424/3187
f 3131/3424/3187 3132/3425/3188 3125/3418/3181
f 3126/3419/3182 3125/3418/3181 3132/3425/3188
f 3132/3425/3188 3133/3426/3189 3126/3419/3182
f 3127/3420/3183 3126/3419/3182 3133/3426/3189
f 3133/3426/3189 3134/3427/3190 3127/3420/3183
f 3128/3421/3184 3084/3377/3140 3092/3385/3148
f 3092/3385/3148 3135/3428/3191 3128/3421/3184
f 3129/3422/3185 3128/3421/3184 3135/3428/3191
f 3135/3428/3191 3136/3429/3192 3129/3422/3185
f 3130/3423/3186 3129/3422/3185 3136/3429/3192
f 3136/3429/3192 3137/3430/3193 3130/3423/3186
f 3131/3424/3187 3130/3423/3186 3137/3430/3193
f 3137/3430/3193 3138/3431/3194 3131/3424/3187
f 3132/3425/3188 3131/3424/3187 3138/3431/3194
f 3138/3431/3194 3139/3432/3195 3132/3425/3188
f 3133/3426/3189 3132/3425/3188 3139/3432/3195
f 3139/3432/3195 3140/3433/3196 3133/3426/3189
f 3134/3427/3190 3133/3426/3189 3140/3433/3196
f 3140/3433/3196 3141/3434/3197 3134/3427/3190
f 3142/3435/3198 2988/3275/3038 2989/3276/3039
f 2989/3276/3039 3143/3436/3199 3142/3435/3198
f 3143/3436/3199 2989/3276/3039 2990/3277/3040
f 2990/3277/3040 3144/3437/3200 3143/3436/3199
f 3144/3437/3200 2990/3277/3040 2991/3278/3041
f 2991/3278/3041 3145/3438/3201 3144/3437/3200
f 3145/3438/3201 2991/3278/3041 2992/3279/3042
f 2992/3279/3042 3146/3439/3202 3145/3438/3201
f 3146/3439/3202 2992/3279/3042 2993/3280/3043
f 2993/3280/3043 3147/3440/3203 3146/3439/3202
f 3147/3440/3203 2993/3280/3043 2994/3281/3044
f 2994/3281/3044 3148/3441/3204 3147/3440/3203
f 3148/3441/3204 2994/3281/3044 2945/3225/2988
f 2945/3225/2988 3099/3392/3155 3148/3441/3204
f 3149/3442/3205 3142/3435/3198 3143/3436/3199
f 3143/3436/3199 3150/3443/3206 3149/3442/3205
f 3150/3443/3206 3143/3436/3199 3144/3437/3200
f 3144/3437/3200 3151/3444/3207 3150/3443/3206
f 3151/3444/3207 3144/3437/3200 3145/3438/3201
f 3145/3438/3201 3152/3445/3208 3151/3444/3207
f 3152/3445/3208 3145/3438/3201 3146/3439/3202
f 3146/3439/3202 3153/3446/3209 3152/3445/3208
f 3153/3446/3209 3146/3439/3202 3147/3440/3203
f 3147/3440/3203 3154/3447/3210 3153/3446/3209
f 3154/3447/3210 3147/3440/3203 3148/3441/3204
f 3148/3441/3204 3155/3448/3211 3154/3447/3210
f 3155/3448/3211 3148/3441/3204 3099/3392/3155
f 3099/3392/3155 3106/3399/3162 3155/3448/3211
f 3156/3449/3212 3149/3442/3205 3150/3443/3206
f 3150/3443/3206 3157/3450/3213 3156/3449/3212
f 3157/3450/3213 3150/3443/3206 3151/3444/3207
f 3151/3444/3207 3158/3451/3214 3157/3450/3213
f 3158/3451/3214 3151/3444/3207 3152/3445/3208
f 3152/3445/3208 3159/3452/3215 3158/3451/3214
f 3159/3452/3215 3152/3445/3208 3153/3446/3209
f 3153/3446/3209 3160/3453/3216 3159/3452/3215
f 3160/3453/3216 3153/3446/3209 3154/3447/3210
f 3154/3447/3210 3161/3454/3217 3160/3453/3216
f 3161/3454/3217 3154/3447/3210 3155/3448/3211
f 3155/3448/3211 3162/3455/3218 3161/3454/3217
f 3162/3455/3218 3155/3448/3211 3106/3399/3162
f 3106/3399/3162 3113/3406/3169 3162/3455/3218
f 3163/3456/3219 3156/3449/3212 3157/3450/3213
f 3157/3450/3213 3164/3457/3220 3163/3456/3219
f 3164/3457/3220 3157/3450/3213 3158/3451/3214
f 3158/3451/3214 3165/3458/3221 3164/3457/3220
f 3165/3458/3221 3158/3451/3214 3159/3452/3215
f 3159/3452/3215 3166/3459/3222 3165/3458/3221
f 3166/3459/3222 3159/3452/3215 3160/3453/3216
f 3160/3453/3216 3167/3460/3223 3166/3459/3222
f 3167/3460/3223 3160/3453/3216 3161/3454/3217
f 3161/3454/3217 3168/3461/3224 3167/3460/3223
f 3168/3461/3224 3161/3454/3217 3162/3455/3218
f 3162/3455/3218 3169/3462/3225 3168/3461/3224
f 3169/3462/3225 3162/3455/3218 3113/3406/3169
f 3113/3406/3169 3120/3413/3176 3169/3462/3225
f 3170/3463/3226 3163/3456/3219 3164/3457/3220
f 3164/3457/3220 3171/3464/3227 3170/3463/3226
f 3171/3464/3227 3164/3457/3220 3165/3458/3221
f 3165/3458/3221 3172/3465/3228 3171/3464/3227
f 3172/3465/3228 3165/3458/3221 3166/3459/3222
f 3166/3459/3222 3173/3466/3229 3172/3465/3228
f 3173/3466/3229 3166/3459/3222 3167/3460/3223
f 3167/3460/3223 3174/3467/3230 3173/3466/3229
f 3174/3467/3230 3167/3460/3223 3168/3461/3224
f 3168/3461/3224 3175/3468/3231 3174/3467/3230
f 3175/3468/3231 3168/3461/3224 3169/3462/3225
f 3169/3462/3225 3176/3469/3232 3175/3468/3231
f 3176/3469/3232 3169/3462/3225 3120/3413/3176
f 3120/3413/3176 3127/3420/3183 3176/3469/3232
f 3177/3470/3233 3170/3463/3226 3171/3464/3227
f 3171/3464/3227 3178/3471/3234 3177/3470/3233
f 3178/3471/3234 3171/3464/3227 3172/3465/3228
f 3172/3465/3228 3179/3472/3235 3178/3471/3234
f 3179/3472/3235 3172/3465/3228 3173/3466/3229
f 3173/3466/3229 3180/3473/3236 3179/3472/3235
f 3180/3473/3236 3173/3466/3229 3174/3467/3230
f 3174/3467/3230 3181/3474/3237 3180/3473/3236
f 3181/3474/3237 3174/3467/3230 3175/3468/3231
f 3175/3468/3231 3182/3475/3238 3181/3474/3237
f 3182/3475/3238 3175/3468/3231 3176/3469/3232
f 3176/3469/3232 3183/3476/3239 3182/3475/3238
f 3183/3476/3239 3176/3469/3232 3127/3420/3183
f 3127/3420/3183 3134/3427/3190 3183/3476/3239
f 3184/3477/3240 3177/3470/3233 3178/3471/3234
f 3178/3471/3234 3185/3478/3241 3184/3477/3240
f 3185/3478/3241 3178/3471/3234 3179/3472/3235
f 3179/3472/3235 3186/3479/3242 3185/3478/3241
f 3186/3479/3242 3179/3472/3235 3180/3473/3236
f 3180/3473/3236 3187/3480/3243 3186/3479/3242
f 3187/3480/3243 3180/3473/3236 3181/3474/3237
f 3181/3474/3237 3188/3481/3244 3187/3480/3243
f 3188/3481/3244 3181/3474/3237 3182/3475/3238
f 3182/3475/3238 3189/3482/3245 3188/3481/3244
f 3189/3482/3245 3182/3475/3238 3183/3476/3239
f 3183/3476/3239 3190/3483/3246 3189/3482/3245
f 3190/3483/3246 3183/3476/3239 3134/3427/3190
f 3134/3427/3190 3141/3434/3197 3190/3483/3246
f 3037/3330/3093 2889/3162/2925 3031/3324/3087
f 3031/3324/3087 3191/3484/3247 3037/3330/3093
f 3191/3484/3247 3031/3324/3087 3032/3325/3088
f 3032/3325/3088 3192/3485/3248 3191/3484/3247
f 3192/3485/3248 3032/3325/3088 3033/3326/3089
f 3033/3326/3089 3193/3486/3249 3192/3485/3248
f 3193/3486/3249 3033/3326/3089 3034/3327/3090
f 3034/3327/3090 3194/3487/3250 3193/3486/3249
f 3194/3487/3250 3034/3327/3090 3035/3328/3091
f 3035/3328/3091 3195/3488/3251 3194/3487/3250
f 3195/3488/3251 3035/3328/3091 3036/3329/3092
f 3036/3329/3092 3196/3489/3252 3195/3488/3251
f 3196/3489/3252 3036/3329/3092 2988/3275/3038
f 2988/3275/3038 3142/3435/3198 3196/3489/3252
f 3045/3338/3101 3037/3330/3093 3191/3484/3247
f 3191/3484/3247 3197/3490/3253 3045/3338/3101
f 3197/3490/3253 3191/3484/3247 3192/3485/3248
f 3192/3485/3248 3198/3491/3254 3197/3490/3253
f 3198/3491/3254 3192/3485/3248 3193/3486/3249
f 3193/3486/3249 3199/3492/3255 3198/3491/3254
f 3199/3492/3255 3193/3486/3249 3194/3487/3250
f 3194/3487/3250 3200/3493/3256 3199/3492/3255
f 3200/3493/3256 3194/3487/3250 3195/3488/3251
f 3195/3488/3251 3201/3494/3257 3200/3493/3256
f 3201/3494/3257 3195/3488/3251 3196/3489/3252
f 3196/3489/3252 3202/3495/3258 3201/3494/3257
f 3202/3495/3258 3196/3489/3252 3142/3435/3198
f 3142/3435/3198 3149/3442/3205 3202/3495/3258
f 3053/3346/3109 3045/3338/3101 3197/3490/3253
f 3197/3490/3253 3203/3496/3259 3053/3346/3109
f 3203/3496/3259 3197/3490/3253 3198/3491/3254
f 3198/3491/3254 3204/3497/3260 3203/3496/3259
f 3204/3497/3260 3198/3491/3254 3199/3492/3255
f 3199/3492/3255 3205/3498/3261 3204/3497/3260
f 3205/3498/3261 3199/3492/3255 3200/3493/3256
f 3200/3493/3256 3206/3499/3262 3205/3498/3261
f 3206/3499/3262 3200/3493/3256 3201/3494/3257
f 3201/3494/3257 3207/3500/3263 3206/3499/3262
f 3207/3500/3263 3201/3494/3257 3202/3495/3258
f 3202/3495/3258 3208/3501/3264 3207/3500/3263
f 3208/3501/3264 3202/3495/3258 3149/3442/3205
f 3149/3442/3205 3156/3449/3212 3208/3501/3264
f 3061/3354/3117 3053/3346/3109 3203/3496/3259
f 3203/3496/3259 3209/3502/3265 3061/3354/3117
f 3209/3502/3265 3203/3496/3259 3204/3497/3260
f 3204/3497/3260 3210/3503/3266 3209/3502/3265
f 3210/3503/3266 3204/3497/3260 3205/3498/3261
f 3205/3498/3261 3211/3504/3267 3210/3503/3266
f 3211/3504/3267 3205/3498/3261 3206/3499/3262
f 3206/3499/3262 3212/3505/3268 3211/3504/3267
f 3212/3505/3268 3206/3499/3262 3207/3500/3263
f 3207/3500/3263 3213/3506/3269 3212/3505/3268
f 3213/3506/3269 3207/3500/3263 3208/3501/3264
f 3208/3501/3264 3214/3507/3270 3213/3506/3269
f 3214/3507/3270 3208/3501/3264 3156/3449/3212
f 3156/3449/3212 3163/3456/3219 3214/3507/3270
f 3069/3362/3125 3061/3354/3117 3209/3502/3265
f 3209/3502/3265 3215/3508/3271 3069/3362/3125
f 3215/3508/3271 3209/3502/3265 3210/3503/3266
f 3210/3503/3266 3216/3509/3272 3215/3508/3271
f 3216/3509/3272 3210/3503/3266 3211/3504/3267
f 3211/3504/3267 3217/3510/3273 3216/3509/3272
f 3217/3510/3273 3211/3504/3267 3212/3505/3268
f 3212/3505/3268 3218/3511/3274 3217/3510/3273
f 3218/3511/3274 3212/3505/3268 3213/3506/3269
f 3213/3506/3269 3219/3512/3275 3218/3511/3274
f 3219/3512/3275 3213/3506/3269 3214/3507/3270
f 3214/3507/3270 3220/3513/3276 3219/3512/3275
f 3220/3513/3276 3214/3507/3270 3163/3456/3219
f 3163/3456/3219 3170/3463/3226 3220/3513/3276
f 3077/3370/3133 3069/3362/3125 3215/3508/3271
f 3215/3508/3271 3221/3514/3277 3077/3370/3133
f 3221/3514/3277 3215/3508/3271 3216/3509/3272
f 3216/3509/3272 3222/3515/3278 3221/3514/3277
f 3222/3515/3278 3216/3509/3272 3217/3510/3273
f 3217/3510/3273 3223/3516/3279 3222/3515/3278
f 3223/3516/3279 3217/3510/3273 3218/3511/3274
f 3218/3511/3274 3224/3517/3280 3223/3516/3279
f 3224/3517/3280 3218/3511/3274 3219/3512/3275
f 3219/3512/3275 3225/3518/3281 3224/3517/3280
f 3225/3518/3281 3219/3512/3275 3220/3513/3276
f 3220/3513/3276 3226/3519/3282 3225/3518/3281
f 3226/3519/3282 3220/3513/3276 3170/3463/3226
f 3170/3463/3226 3177/3470/3233 3226/3519/3282
f 3085/3378/3141 3077/3370/3133 3221/3514/3277
f 3221/3514/3277 3227/3520/3283 3085/3378/3141
f 3227/3520/3283 3221/3514/3277 3222/3515/3278
f 3222/3515/3278 3228/3521/3284 3227/3520/3283
f 3228/3521/3284 3222/3515/3278 3223/3516/3279
f 3223/3516/3279 3229/3522/3285 3228/3521/3284
f 3229/3522/3285 3223/3516/3279 3224/3517/3280
f 3224/3517/3280 3230/3523/3286 3229/3522/3285
f 3230/3523/3286 3224/3517/3280 3225/3518/3281
f 3225/3518/3281 3231/3524/3287 3230/3523/3286
f 3231/3524/3287 3225/3518/3281 3226/3519/3282
f 3226/3519/3282 3232/3525/3288 3231/3524/3287
f 3232/3525/3288 3226/3519/3282 3177/3470/3233
f 3177/3470/3233 3184/3477/3240 3232/3525/3288
f 3086/3379/3142 3085/3378/3141 3233/3526/3289
f 3233/3526/3289 3234/3527/3290 3086/3379/3142
f 3087/3380/3143 3086/3379/3142 3234/3527/3290
f 3234/3527/3290 3235/3528/3291 3087/3380/3143
f 3088/3381/3144 3087/3380/3143 3235/3528/3291
f 3235/3528/3291 3236/3529/3292 3088/3381/3144
f 3089/3382/3145 3088/3381/3144 3236/3529/3292
f 3236/3529/3292 3237/3530/3293 3089/3382/3145
f 3090/3383/3146 3089/3382/3145 3237/3530/3293
f 3237/3530/3293 3238/3531/3294 3090/3383/3146
f 3091/3384/3147 3090/3383/3146 3238/3531/3294
f 3238/3531/3294 3239/3532/3295 3091/3384/3147
f 3092/3385/3148 3091/3384/3147 3239/3532/3295
f 3239/3532/3295 3240/3533/3296 3092/3385/3148
f 3234/3527/3290 3233/3526/3289 3241/3534/3297
f 3241/3534/3297 3242/3535/3298 3234/3527/3290
f 3235/3528/3291 3234/3527/3290 3242/3535/3298
f 3242/3535/3298 3243/3536/3299 3235/3528/3291
f 3236/3529/3292 3235/3528/3291 3243/3536/3299
f 3243/3536/3299 3244/3537/3300 3236/3529/3292
f 3237/3530/3293 3236/3529/3292 3244/3537/3300
f 3244/3537/3300 3245/3538/3301 3237/3530/3293
f 3238/3531/3294 3237/3530/3293 3245/3538/3301
f 3245/3538/3301 3246/3539/3302 3238/3531/3294
f 3239/3532/3295 3238/3531/3294 3246/3539/3302
f 3246/3539/3302 3247/3540/3303 3239/3532/3295
f 3240/3533/3296 3239/3532/3295 3247/3540/3303
f 3247/3540/3303 3248/3541/3304 3240/3533/3296
f 3242/3535/3298 3241/3534/3297 3249/3542/3305
f 3249/3542/3305 3250/3543/3306 3242/3535/3298
f 3243/3536/3299 3242/3535/3298 3250/3543/3306
f 3250/3543/3306 3251/3544/3307 3243/3536/3299
f 3244/3537/3300 3243/3536/3299 3251/3544/3307
f 3251/3544/3307 3252/3545/3308 3244/3537/3300
f 3245/3538/3301 3244/3537/3300 3252/3545/3308
f 3252/3545/3308 3253/3546/3309 3245/3538/3301
f 3246/3539/3302 3245/3538/3301 3253/3546/3309
f 3253/3546/3309 3254/3547/3310 3246/3539/3302
f 3247/3540/3303 3246/3539/3302 3254/3547/3310
f 3254/3547/3310 3255/3548/3311 3247/3540/3303
f 3248/3541/3304 3247/3540/3303 3255/3548/3311
f 3255/3548/3311 3256/3549/3312 3248/3541/3304
f 3250/3543/3306 3249/3542/3305 3257/3550/3313
f 3257/3550/3313 3258/3551/3314 3250/3543/3306
f 3251/3544/3307 3250/3543/3306 3258/3551/3314
f 3258/3551/3314 3259/3552/3315 3251/3544/3307
f 3252/3545/3308 3251/3544/3307 3259/3552/3315
f 3259/3552/3315 3260/3553/3316 3252/3545/3308
f 3253/3546/3309 3252/3545/3308 3260/3553/3316
f 3260/3553/3316 3261/3554/3317 3253/3546/3309
f 3254/3547/3310 3253/3546/3309 3261/3554/3317
f 3261/3554/3317 3262/3555/3318 3254/3547/3310
f 3255/3548/3311 3254/3547/3310 3262/3555/3318
f 3262/3555/3318 3263/3556/3319 3255/3548/3311
f 3256/3549/3312 3255/3548/3311 3263/3556/3319
f 3263/3556/3319 3264/3557/3320 3256/3549/3312
f 3258/3551/3314 3257/3550/3313 3265/3558/3321
f 3265/3558/3321 3266/3559/3322 3258/3551/3314
f 3259/3552/3315 3258/3551/3314 3266/3559/3322
f 3266/3559/3322 3267/3560/3323 3259/3552/3315
f 3260/3553/3316 3259/3552/3315 3267/3560/3323
f 3267/3560/3323 3268/3561/3324 3260/3553/3316
f 3261/3554/3317 3260/3553/3316 3268/3561/3324
f 3268/3561/3324 3269/3562/3325 3261/3554/3317
f 3262/3555/3318 3261/3554/3317 3269/3562/3325
f 3269/3562/3325 3270/3563/3326 3262/3555/3318
f 3263/3556/3319 3262/3555/3318 3270/3563/3326
f 3270/3563/3326 3271/3564/3327 3263/3556/3319
f 3264/3557/3320 3263/3556/3319 3271/3564/3327
f 3271/3564/3327 3272/3565/3328 3264/3557/3320
f 3266/3559/3322 3265/3558/3321 3273/3566/3329
f 3273/3566/3329 3274/3567/3330 3266/3559/3322
f 3267/3560/3323 3266/3559/3322 3274/3567/3330
f 3274/3567/3330 3275/3568/3331 3267/3560/3323
f 3268/3561/3324 3267/3560/3323 3275/3568/3331
f 3275/3568/3331 3276/3569/3332 3268/3561/3324
f 3269/3562/3325 3268/3561/3324 3276/3569/3332
f 3276/3569/3332 3277/3570/3333 3269/3562/3325
f 3270/3563/3326 3269/3562/3325 3277/3570/3333
f 3277/3570/3333 3278/3571/3334 3270/3563/3326
f 3271/3564/3327 3270/3563/3326 3278/3571/3334
f 3278/3571/3334 3279/3572/3335 3271/3564/3327
f 3272/3565/3328 3271/3564/3327 3279/3572/3335
f 3279/3572/3335 3280/3573/3336 3272/3565/3328
f 3274/3567/3330 3273/3566/3329 3281/3574/3337
f 3275/3568/3331 3274/3567/3330 3281/3574/3337
f 3276/3569/3332 3275/3568/3331 3281/3574/3337
f 3277/3570/3333 3276/3569/3332 3281/3574/3337
f 3278/3571/3334 3277/3570/3333 3281/3574/3337
f 3279/3572/3335 3278/3571/3334 3281/3574/3337
f 3280/3573/3336 3279/3572/3335 3281/3574/3337
f 3135/3428/3191 3092/3385/3148 3240/3533/3296
f 3240/3533/3296 3282/3575/3338 3135/3428/3191
f 3136/3429/3192 3135/3428/3191 3282/3575/3338
f 3282/3575/3338 3283/3576/3339 3136/3429/3192
f 3137/3430/3193 3136/3429/3192 3283/3576/3339
f 3283/3576/3339 3284/3577/3340 3137/3430/3193
f 3138/3431/3194 3137/3430/3193 3284/3577/3340
f 3284/3577/3340 3285/3578/3341 3138/3431/3194
f 3139/3432/3195 3138/3431/3194 3285/3578/3341
f 3285/3578/3341 3286/3579/3342 3139/3432/3195
f 3140/3433/3196 3139/3432/3195 3286/3579/3342
f 3286/3579/3342 3287/3580/3343 3140/3433/3196
f 3141/3434/3197 3140/3433/3196 3287/3580/3343
f 3287/3580/3343 3288/3581/3344 3141/3434/3197
f 3282/3575/3338 3240/3533/3296 3248/3541/3304
f 3248/3541/3304 3289/3582/3345 3282/3575/3338
f 3283/3576/3339 3282/3575/3338 3289/3582/3345
f 3289/3582/3345 3290/3583/3346 3283/3576/3339
f 3284/3577/3340 3283/3576/3339 3290/3583/3346
f 3290/3583/3346 3291/3584/3347 3284/3577/3340
f 3285/3578/3341 3284/3577/3340 3291/3584/3347
f 3291/3584/3347 3292/3585/3348 3285/3578/3341
f 3286/3579/3342 3285/3578/3341 3292/3585/3348
f 3292/3585/3348 3293/3586/3349 3286/3579/3342
f 3287/3580/3343 3286/3579/3342 3293/3586/3349
f 3293/3586/3349 3294/3587/3350 3287/3580/3343
f 3288/3581/3344 3287/3580/3343 3294/3587/3350
f 3294/3587/3350 3295/3588/3351 3288/3581/3344
f 3289/3582/3345 3248/3541/3304 3256/3549/3312
f 3256/3549/3312 3296/3589/3352 3289/3582/3345
f 3290/3583/3346 3289/3582/3345 3296/3589/3352
f 3296/3589/3352 3297/3590/3353 3290/3583/3346
f 3291/3584/3347 3290/3583/3346 3297/3590/3353
f 3297/3590/3353 3298/3591/3354 3291/3584/3347
f 3292/3585/3348 3291/3584/3347 3298/3591/3354
f 3298/3591/3354 3299/3592/3355 3292/3585/3348
f 3293/3586/3349 3292/3585/3348 3299/3592/3355
f 3299/3592/3355 3300/3593/3356 3293/3586/3349
f 3294/3587/3350 3293/3586/3349 3300/3593/3356
f 3300/3593/3356 3301/3594/3357 3294/3587/3350
f 3295/3588/3351 3294/3587/3350 3301/3594/3357
f 3301/3594/3357 3302/3595/3358 3295/3588/3351
f 3296/3589/3352 3256/3549/3312 3264/3557/3320
f 3264/3557/3320 3303/3596/3359 3296/3589/3352
f 3297/3590/3353 3296/3589/3352 3303/3596/3359
f 3303/3596/3359 3304/3597/3360 3297/3590/3353
f 3298/3591/3354 3297/3590/3353 3304/3597/3360
f 3304/3597/3360 3305/3598/3361 3298/3591/3354
f 3299/3592/3355 3298/3591/3354 3305/3598/3361
f 3305/3598/3361 3306/3599/3362 3299/3592/3355
f 3300/3593/3356 3299/3592/3355 3306/3599/3362
f 3306/3599/3362 3307/3600/3363 3300/3593/3356
f 3301/3594/3357 3300/3593/3356 3307/3600/3363
f 3307/3600/3363 3308/3601/3364 3301/3594/3357
f 3302/3595/3358 3301/3594/3357 3308/3601/3364
f 3308/3601/3364 3309/3602/3365 3302/3595/3358
f 3303/3596/3359 3264/3557/3320 3272/3565/3328
f 3272/3565/3328 3310/3603/3366 3303/3596/3359
f 3304/3597/3360 3303/3596/3359 3310/3603/3366
f 3310/3603/3366 3311/3604/3367 3304/3597/3360
f 3305/3598/3361 3304/3597/3360 3311/3604/3367
f 3311/3604/3367 3312/3605/3368 3305/3598/3361
f 3306/3599/3362 3305/3598/3361 3312/3605/3368
f 3312/3605/3368 3313/3606/3369 3306/3599/3362
f 3307/3600/3363 3306/3599/3362 3313/3606/3369
f 3313/3606/3369 3314/3607/3370 3307/3600/3363
f 3308/3601/3364 3307/3600/3363 3314/3607/3370
f 3314/3607/3370 3315/3608/3371 3308/3601/3364
f 3309/3602/3365 3308/3601/3364 3315/3608/3371
f 3315/3608/3371 3316/3609/3372 3309/3602/3365
f 3310/3603/3366 3272/3565/3328 3280/3573/3336
f 3280/3573/3336 3317/3610/3373 3310/3603/3366
f 3311/3604/3367 3310/3603/3366 3317/3610/3373
f 3317/3610/3373 3318/3611/3374 3311/3604/3367
f 3312/3605/3368 3311/3604/3367 3318/3611/3374
f 3318/3611/3374 3319/3612/3375 3312/3605/3368
f 3313/3606/3369 3312/3605/3368 3319/3612/3375
f 3319/3612/3375 3320/3613/3376 3313/3606/3369
f 3314/3607/3370 3313/3606/3369 3320/3613/3376
f 3320/3613/3376 3321/3614/3377 3314/3607/3370
f 3315/3608/3371 3314/3607/3370 3321/3614/3377
f 3321/3614/3377 3322/3615/3378 3315/3608/3371
f 3316/3609/3372 3315/3608/3371 3322/3615/3378
f 3322/3615/3378 3323/3616/3379 3316/3609/3372
f 3317/3610/3373 3280/3573/3336 3281/3574/3337
f 3318/3611/3374 3317/3610/3373 3281/3574/3337
f 3319/3612/3375 3318/3611/3374 3281/3574/3337
f 3320/3613/3376 3319/3612/3375 3281/3574/3337
f 3321/3614/3377 3320/3613/3376 3281/3574/3337
f 3322/3615/3378 3321/3614/3377 3281/3574/3337
f 3323/3616/3379 3322/3615/3378 3281/3574/3337
f 3324/3617/3380 3184/3477/3240 3185/3478/3241
f 3185/3478/3241 3325/3618/3381 3324/3617/3380
f 3325/3618/3381 3185/3478/3241 3186/3479/3242
f 3186/3479/3242 3326/3619/3382 3325/3618/3381
f 3326/3619/3382 3186/3479/3242 3187/3480/3243
f 3187/3480/3243 3327/3620/3383 3326/3619/3382
f 3327/3620/3383 3187/3480/3243 3188/3481/3244
f 3188/3481/3244 3328/3621/3384 3327/3620/3383
f 3328/3621/3384 3188/3481/3244 3189/3482/3245
f 3189/3482/3245 3329/3622/3385 3328/3621/3384
f 3329/3622/3385 3189/3482/3245 3190/3483/3246
f 3190/3483/3246 3330/3623/3386 3329/3622/3385
f 3330/3623/3386 3190/3483/3246 3141/3434/3197
f 3141/3434/3197 3288/3581/3344 3330/3623/3386
f 3331/3624/3387 3324/3617/3380 3325/3618/3381
f 3325/3618/3381 3332/3625/3388 3331/3624/3387
f 3332/3625/3388 3325/3618/3381 3326/3619/3382
f 3326/3619/3382 3333/3626/3389 3332/3625/3388
f 3333/3626/3389 3326/3619/3382 3327/3620/3383
f 3327/3620/3383 3334/3627/3390 3333/3626/3389
f 3334/3627/3390 3327/3620/3383 3328/3621/3384
f 3328/3621/3384 3335/3628/3391 3334/3627/3390
f 3335/3628/3391 3328/3621/3384 3329/3622/3385
f 3329/3622/3385 3336/3629/3392 3335/3628/3391
f 3336/3629/3392 3329/3622/3385 3330/3623/3386
f 3330/3623/3386 3337/3630/3393 3336/3629/3392
f 3337/3630/3393 3330/3623/3386 3288/3581/3344
f 3288/3581/3344 3295/3588/3351 3337/3630/3393
f 3338/3631/3394 3331/3624/3387 3332/3625/3388
f 3332/3625/3388 3339/3632/3395 3338/3631/3394
f 3339/3632/3395 3332/3625/3388 3333/3626/3389
f 3333/3626/3389 3340/3633/3396 3339/3632/3395
f 3340/3633/3396 3333/3626/3389 3334/3627/3390
f 3334/3627/3390 3341/3634/3397 3340/3633/3396
f 3341/3634/3397 3334/3627/3390 3335/3628/3391
f 3335/3628/3391 3342/3635/3398 3341/3634/3397
f 3342/3635/3398 3335/3628/3391 3336/3629/3392
f 3336/3629/3392 3343/3636/3399 3342/3635/3398
f 3343/3636/3399 3336/3629/3392 3337/3630/3393
f 3337/3630/3393 3344/3637/3400 3343/3636/3399
f 3344/3637/3400 3337/3630/3393 3295/3588/3351
f 3295/3588/3351 3302/3595/3358 3344/3637/3400
f 3345/3638/3401 3338/3631/3394 3339/3632/3395
f 3339/3632/3395 3346/3639/3402 3345/3638/3401
f 3346/3639/3402 3339/3632/3395 3340/3633/3396
f 3340/3633/3396 3347/3640/3403 3346/3639/3402
f 3347/3640/3403 3340/3633/3396 3341/3634/3397
f 3341/3634/3397 3348/3641/3404 3347/3640/3403
f 3348/3641/3404 3341/3634/3397 3342/3635/3398
f 3342/3635/3398 3349/3642/3405 3348/3641/3404
f 3349/3642/3405 3342/3635/3398 3343/3636/3399
f 3343/3636/3399 3350/3643/3406 3349/3642/3405
f 3350/3643/3406 3343/3636/3399 3344/3637/3400
f 3344/3637/3400 3351/3644/3407 3350/3643/3406
f 3351/3644/3407 3344/3637/3400 3302/3595/3358
f 3302/3595/3358 3309/3602/3365 3351/3644/3407
f 3352/3645/3408 3345/3638/3401 3346/3639/3402
f 3346/3639/3402 3353/3646/3409 3352/3645/3408
f 3353/3646/3409 3346/3639/3402 3347/3640/3403
f 3347/3640/3403 3354/3647/3410 3353/3646/3409
f 3354/3647/3410 3347/3640/3403 3348/3641/3404
f 3348/3641/3404 3355/3648/3411 3354/3647/3410
f 3355/3648/3411 3348/3641/3404 3349/3642/3405
f 3349/3642/3405 3356/3649/3412 3355/3648/3411
f 3356/3649/3412 3349/3642/3405 3350/3643/3406
f 3350/3643/3406 3357/3650/3413 3356/3649/3412
f 3357/3650/3413 3350/3643/3406 3351/3644/3407
f 3351/3644/3407 3358/3651/3414 3357/3650/3413
f 3358/3651/3414 3351/3644/3407 3309/3602/3365
f 3309/3602/3365 3316/3609/3372 3358/3651/3414
f 3359/3652/3415 3352/3645/3408 3353/3646/3409
f 3353/3646/3409 3360/3653/3416 3359/3652/3415
f 3360/3653/3416 3353/3646/3409 3354/3647/3410
f 3354/3647/3410 3361/3654/3417 3360/3653/3416
f 3361/3654/3417 3354/3647/3410 3355/3648/3411
f 3355/3648/3411 3362/3655/3418 3361/3654/3417
f 3362/3655/3418 3355/3648/3411 3356/3649/3412
f 3356/3649/3412 3363/3656/3419 3362/3655/3418
f 3363/3656/3419 3356/3649/3412 3357/3650/3413
f 3357/3650/3413 3364/3657/3420 3363/3656/3419
f 3364/3657/3420 3357/3650/3413 3358/3651/3414
f 3358/3651/3414 3365/3658/3421 3364/3657/3420
f 3365/3658/3421 3358/3651/3414 3316/3609/3372
f 3316/3609/3372 3323/3616/3379 3365/3658/3421
f 3359/3652/3415 3360/3653/3416 3281/3574/3337
f 3360/3653/3416 3361/3654/3417 3281/3574/3337
f 3361/3654/3417 3362/3655/3418 3281/3574/3337
f 3362/3655/3418 3363/3656/3419 3281/3574/3337
f 3363/3656/3419 3364/3657/3420 3281/3574/3337
f 3364/3657/3420 3365/3658/3421 3281/3574/3337
f 3365/3658/3421 3323/3616/3379 3281/3574/3337
f 3233/3526/3289 3085/3378/3141 3227/3520/3283
f 3227/3520/3283 3366/3659/3422 3233/3526/3289
f 3366/3659/3422 3227/3520/3283 3228/3521/3284
f 3228/3521/3284 3367/3660/3423 3366/3659/3422
f 3367/3660/3423 3228/3521/3284 3229/3522/3285
f 3229/3522/3285 3368/3661/3424 3367/3660/3423
f 3368/3661/3424 3229/3522/3285 3230/3523/3286
f 3230/3523/3286 3369/3662/3425 3368/3661/3424
f 3369/3662/3425 3230/3523/3286 3231/3524/3287
f 3231/3524/3287 3370/3663/3426 3369/3662/3425
f 3370/3663/3426 3231/3524/3287 3232/3525/3288
f 3232/3525/3288 3371/3664/3427 3370/3663/3426
f 3371/3664/3427 3232/3525/3288 3184/3477/3240
f 3184/3477/3240 3324/3617/3380 3371/3664/3427
f 3241/3534/3297 3233/3526/3289 3366/3659/3422
f 3366/3659/3422 3372/3665/3428 3241/3534/3297
f 3372/3665/3428 3366/3659/3422 3367/3660/3423
f 3367/3660/3423 3373/3666/3429 3372/3665/3428
f 3373/3666/3429 3367/3660/3423 3368/3661/3424
f 3368/3661/3424 3374/3667/3430 3373/3666/3429
f 3374/3667/3430 3368/3661/3424 3369/3662/3425
f 3369/3662/3425 3375/3668/3431 3374/3667/3430
f 3375/3668/3431 3369/3662/3425 3370/3663/3426
f 3370/3663/3426 3376/3669/3432 3375/3668/3431
f 3376/3669/3432 3370/3663/3426 3371/3664/3427
f 3371/3664/3427 3377/3670/3433 3376/3669/3432
f 3377/3670/3433 3371/3664/3427 3324/3617/3380
f 3324/3617/3380 3331/3624/3387 3377/3670/3433
f 3249/3542/3305 3241/3534/3297 3372/3665/3428
f 3372/3665/3428 3378/3671/3434 3249/3542/3305
f 3378/3671/3434 3372/3665/3428 3373/3666/3429
f 3373/3666/3429 3379/3672/3435 3378/3671/3434
f 3379/3672/3435 3373/3666/3429 3374/3667/3430
f 3374/3667/3430 3380/3673/3436 3379/3672/3435
f 3380/3673/3436 3374/3667/3430 3375/3668/3431
f 3375/3668/3431 3381/3674/3437 3380/3673/3436
f 3381/3674/3437 3375/3668/3431 3376/3669/3432
f 3376/3669/3432 3382/3675/3438 3381/3674/3437
f 3382/3675/3438 3376/3669/3432 3377/3670/3433
f 3377/3670/3433 3383/3676/3439 3382/3675/3438
f 3383/3676/3439 3377/3670/3433 3331/3624/3387
f 3331/3624/3387 3338/3631/3394 3383/3676/3439
f 3257/3550/3313 3249/3542/3305 3378/3671/3434
f 3378/3671/3434 3384/3677/3440 3257/3550/3313
f 3384/3677/3440 3378/3671/3434 3379/3672/3435
f 3379/3672/3435 3385/3678/3441 3384/3677/3440
f 3385/3678/3441 3379/3672/3435 3380/3673/3436
f 3380/3673/3436 3386/3679/3442 3385/3678/3441
f 3386/3679/3442 3380/3673/3436 3381/3674/3437
f 3381/3674/3437 3387/3680/3443 3386/3679/3442
f 3387/3680/3443 3381/3674/3437 3382/3675/3438
f 3382/3675/3438 3388/3681/3444 3387/3680/3443
f 3388/3681/3444 3382/3675/3438 3383/3676/3439
f 3383/3676/3439 3389/3682/3445 3388/3681/3444
f 3389/3682/3445 3383/3676/3439 3338/3631/3394
f 3338/3631/3394 3345/3638/3401 3389/3682/3445
f 3265/3558/3321 3257/3550/3313 3384/3677/3440
f 3384/3677/3440 3390/3683/3446 3265/3558/3321
f 3390/3683/3446 3384/3677/3440 3385/3678/3441
f 3385/3678/3441 3391/3684/3447 3390/3683/3446
f 3391/3684/3447 3385/3678/3441 3386/3679/3442
f 3386/3679/3442 3392/3685/3448 3391/3684/3447
f 3392/3685/3448 3386/3679/3442 3387/3680/3443
f 3387/3680/3443 3393/3686/3449 3392/3685/3448
f 3393/3686/3449 3387/3680/3443 3388/3681/3444
f 3388/3681/3444 3394/3687/3450 3393/3686/3449
f 3394/3687/3450 3388/3681/3444 3389/3682/3445
f 3389/3682/3445 3395/3688/3451 3394/3687/3450
f 3395/3688/3451 3389/3682/3445 3345/3638/3401
f 3345/3638/3401 3352/3645/3408 3395/3688/3451
f 3273/3566/3329 3265/3558/3321 3390/3683/3446
f 3390/3683/3446 3396/3689/3452 3273/3566/3329
f 3396/3689/3452 3390/3683/3446 3391/3684/3447
f 3391/3684/3447 3397/3690/3453 3396/3689/3452
f 3397/3690/3453 3391/3684/3447 3392/3685/3448
f 3392/3685/3448 3398/3691/3454 3397/3690/3453
f 3398/3691/3454 3392/3685/3448 3393/3686/3449
f 3393/3686/3449 3399/3692/3455 3398/3691/3454
f 3399/3692/3455 3393/3686/3449 3394/3687/3450
f 3394/3687/3450 3400/3693/3456 3399/3692/3455
f 3400/3693/3456 3394/3687/3450 3395/3688/3451
f 3395/3688/3451 3401/3694/3457 3400/3693/3456
f 3401/3694/3457 3395/3688/3451 3352/3645/3408
f 3352/3645/3408 3359/3652/3415 3401/3694/3457
f 3273/3566/3329 3396/3689/3452 3281/3574/3337
f 3396/3689/3452 3397/3690/3453 3281/3574/3337
f 3397/3690/3453 3398/3691/3454 3281/3574/3337
f 3398/3691/3454 3399/3692/3455 3281/3574/3337
f 3399/3692/3455 3400/3693/3456 3281/3574/3337
f 3400/3693/3456 3401/3694/3457 3281/3574/3337
f 3401/3694/3457 3359/3652/3415 3281/3574/3337
